country_lc,country_en,country_code,postal_code,region1_lc,region1_en,region2_lc,region2_en,region3_lc,region3_en,region4_lc,region4_en,timezone,utc,latitude,longitude
Uganda,Uganda,UG,,,Adjumani,,East Moyo,,Adjumani Tc,,Biyaya,Africa/Kampala,UTC +3.0 ,3.38362691498219,31.8023579556852
Uganda,Uganda,UG,,,Adjumani,,East Moyo,,Adjumani Tc,,Central,Africa/Kampala,UTC +3.0 ,3.37213715158206,31.7914365141546
Uganda,Uganda,UG,,,Adjumani,,East Moyo,,Adjumani Tc,,Cesia,Africa/Kampala,UTC +3.0 ,3.377606869979,31.7756079708004
Uganda,Uganda,UG,,,Adjumani,,East Moyo,,Adropi,,Esia,Africa/Kampala,UTC +3.0 ,3.28220335790945,31.7283031908534
Uganda,Uganda,UG,,,Adjumani,,East Moyo,,Adropi,,Jihwa,Africa/Kampala,UTC +3.0 ,3.48238976756564,31.7542201082145
Uganda,Uganda,UG,,,Adjumani,,East Moyo,,Adropi,,Lajopi,Africa/Kampala,UTC +3.0 ,3.39269892297908,31.7623719427651
Uganda,Uganda,UG,,,Adjumani,,East Moyo,,Adropi,,Lajopi,Africa/Kampala,UTC +3.0 ,3.40742623299565,31.8075001488878
Uganda,Uganda,UG,,,Adjumani,,East Moyo,,Adropi,,Marindi,Africa/Kampala,UTC +3.0 ,3.42969368173802,31.799468078757
Uganda,Uganda,UG,,,Adjumani,,East Moyo,,Adropi,,Omi,Africa/Kampala,UTC +3.0 ,3.49345042955753,31.8189406778474
Uganda,Uganda,UG,,,Adjumani,,East Moyo,,Adropi,,Openzinzi,Africa/Kampala,UTC +3.0 ,3.34065651765457,31.7509497566676
Uganda,Uganda,UG,,,Adjumani,,East Moyo,,Ciforo,,Gulinya,Africa/Kampala,UTC +3.0 ,3.30392455664147,31.6399596553381
Uganda,Uganda,UG,,,Adjumani,,East Moyo,,Ciforo,,Kiraba,Africa/Kampala,UTC +3.0 ,3.28673677779348,31.6890117453474
Uganda,Uganda,UG,,,Adjumani,,East Moyo,,Ciforo,,Loa,Africa/Kampala,UTC +3.0 ,3.40482690804365,31.6789349493147
Uganda,Uganda,UG,,,Adjumani,,East Moyo,,Ciforo,,Maaji,Africa/Kampala,UTC +3.0 ,3.07690929717258,31.5558394076039
Uganda,Uganda,UG,,,Adjumani,,East Moyo,,Ciforo,,Mugi,Africa/Kampala,UTC +3.0 ,3.4073234651477,31.7239477203702
Uganda,Uganda,UG,,,Adjumani,,East Moyo,,Ciforo,,Okangali,Africa/Kampala,UTC +3.0 ,3.34920690680026,31.6625189977435
Uganda,Uganda,UG,,,Adjumani,,East Moyo,,Ciforo,,Opejo,Africa/Kampala,UTC +3.0 ,3.43495394319224,31.6921878972066
Uganda,Uganda,UG,,,Adjumani,,East Moyo,,Dzaipi,,Ajugopi,Africa/Kampala,UTC +3.0 ,3.43581246575352,31.917973305441
Uganda,Uganda,UG,,,Adjumani,,East Moyo,,Dzaipi,,Arinyapi,Africa/Kampala,UTC +3.0 ,3.46291311640442,32.0009556541892
Uganda,Uganda,UG,,,Adjumani,,East Moyo,,Dzaipi,,Elegu,Africa/Kampala,UTC +3.0 ,3.53642226671268,32.0306220117032
Uganda,Uganda,UG,,,Adjumani,,East Moyo,,Dzaipi,,Liri,Africa/Kampala,UTC +3.0 ,3.52462461098202,31.966538292911
Uganda,Uganda,UG,,,Adjumani,,East Moyo,,Dzaipi,,Logoangwa,Africa/Kampala,UTC +3.0 ,3.35541963138534,32.0085736563363
Uganda,Uganda,UG,,,Adjumani,,East Moyo,,Dzaipi,,Mgbwere,Africa/Kampala,UTC +3.0 ,3.33345822700862,31.9662974344928
Uganda,Uganda,UG,,,Adjumani,,East Moyo,,Dzaipi,,Miniki,Africa/Kampala,UTC +3.0 ,3.48986161095193,31.8855230069232
Uganda,Uganda,UG,,,Adjumani,,East Moyo,,Ofua,,Bacere,Africa/Kampala,UTC +3.0 ,3.30094959919883,31.8076393344195
Uganda,Uganda,UG,,,Adjumani,,East Moyo,,Ofua,,Itirikwa,Africa/Kampala,UTC +3.0 ,3.15720232469027,31.7417675740031
Uganda,Uganda,UG,,,Adjumani,,East Moyo,,Ofua,,Odu,Africa/Kampala,UTC +3.0 ,3.19464182996725,31.8051998119355
Uganda,Uganda,UG,,,Adjumani,,East Moyo,,Ofua,,Subbe,Africa/Kampala,UTC +3.0 ,3.2822554803716,31.7625504786634
Uganda,Uganda,UG,,,Adjumani,,East Moyo,,Ofua,,Tianyu,Africa/Kampala,UTC +3.0 ,3.32019874467925,31.7772692844005
Uganda,Uganda,UG,,,Adjumani,,East Moyo,,Ofua,,Zoka,Africa/Kampala,UTC +3.0 ,3.0709009886364,31.7049781462522
Uganda,Uganda,UG,,,Adjumani,,East Moyo,,Pakelle,,Ataboo Central,Africa/Kampala,UTC +3.0 ,3.39445247115878,31.8662950575365
Uganda,Uganda,UG,,,Adjumani,,East Moyo,,Pakelle,,Boroli,Africa/Kampala,UTC +3.0 ,3.28666806268057,31.8766997628561
Uganda,Uganda,UG,,,Adjumani,,East Moyo,,Pakelle,,Fuda,Africa/Kampala,UTC +3.0 ,3.29452354925344,31.8432313526192
Uganda,Uganda,UG,,,Adjumani,,East Moyo,,Pakelle,,Lewa,Africa/Kampala,UTC +3.0 ,3.19365206700252,31.9112439993879
Uganda,Uganda,UG,,,Adjumani,,East Moyo,,Pakelle,,Meliaderi,Africa/Kampala,UTC +3.0 ,3.36361432213262,31.8906246476407
Uganda,Uganda,UG,,,Adjumani,,East Moyo,,Pakelle,,Pereci,Africa/Kampala,UTC +3.0 ,3.36659141553256,31.8281857564361
Uganda,Uganda,UG,,,Adjumani,,East Moyo,,Pakelle,,Zoka Fr,Africa/Kampala,UTC +3.0 ,3.03829551875538,31.8661464217295
Uganda,Uganda,UG,,,Apac,,Kole,,Aboke,,Akwiridid,Africa/Kampala,UTC +3.0 ,2.37976693202496,32.6656877938871
Uganda,Uganda,UG,,,Apac,,Kole,,Aboke,,Apach,Africa/Kampala,UTC +3.0 ,2.4352450128138,32.7520096226293
Uganda,Uganda,UG,,,Apac,,Kole,,Aboke,,Apuru,Africa/Kampala,UTC +3.0 ,2.35406741004167,32.7161787274553
Uganda,Uganda,UG,,,Apac,,Kole,,Aboke,,Ogwangacuma,Africa/Kampala,UTC +3.0 ,2.32451259607232,32.6676622366628
Uganda,Uganda,UG,,,Apac,,Kole,,Aboke,,Opeta,Africa/Kampala,UTC +3.0 ,2.4268683993414,32.7159863205919
Uganda,Uganda,UG,,,Apac,,Kole,,Akalo,,Abeli,Africa/Kampala,UTC +3.0 ,2.1636262237252,32.8826380666305
Uganda,Uganda,UG,,,Apac,,Kole,,Akalo,,Adyang,Africa/Kampala,UTC +3.0 ,2.17830256431548,32.8287520069561
Uganda,Uganda,UG,,,Apac,,Kole,,Akalo,,Adyeda,Africa/Kampala,UTC +3.0 ,2.12435422792723,32.8176554698643
Uganda,Uganda,UG,,,Apac,,Kole,,Akalo,,Bar-Akalo,Africa/Kampala,UTC +3.0 ,2.1168420442482,32.8796349561382
Uganda,Uganda,UG,,,Apac,,Kole,,Alito,,Adelogo,Africa/Kampala,UTC +3.0 ,2.41295149722562,32.8736094100972
Uganda,Uganda,UG,,,Apac,,Kole,,Alito,,Alito,Africa/Kampala,UTC +3.0 ,2.46825689805122,32.8121267389717
Uganda,Uganda,UG,,,Apac,,Kole,,Alito,,Apala,Africa/Kampala,UTC +3.0 ,2.35827363756621,32.7675025155017
Uganda,Uganda,UG,,,Apac,,Kole,,Alito,,Ayala,Africa/Kampala,UTC +3.0 ,2.41326880469479,32.7999987810291
Uganda,Uganda,UG,,,Apac,,Kole,,Alito,,Ayara,Africa/Kampala,UTC +3.0 ,2.36340092699913,32.8899108931906
Uganda,Uganda,UG,,,Apac,,Kole,,Alito,,Okwerodot,Africa/Kampala,UTC +3.0 ,2.35042110978609,32.8372644717233
Uganda,Uganda,UG,,,Apac,,Kole,,Alito,,Otkwac,Africa/Kampala,UTC +3.0 ,2.47654067935258,32.8544550913171
Uganda,Uganda,UG,,,Apac,,Kole,,Ayer,,Abur,Africa/Kampala,UTC +3.0 ,2.22380154409956,32.6174509770814
Uganda,Uganda,UG,,,Apac,,Kole,,Ayer,,Alemi,Africa/Kampala,UTC +3.0 ,2.22668313278233,32.6568567632342
Uganda,Uganda,UG,,,Apac,,Kole,,Ayer,,Ayer,Africa/Kampala,UTC +3.0 ,2.28340992956201,32.6969014282941
Uganda,Uganda,UG,,,Apac,,Kole,,Ayer,,Ilera,Africa/Kampala,UTC +3.0 ,2.29663070213082,32.7929014566214
Uganda,Uganda,UG,,,Apac,,Kole,,Ayer,,Okwor,Africa/Kampala,UTC +3.0 ,2.25148590137632,32.702531242991
Uganda,Uganda,UG,,,Apac,,Kole,,Ayer,,Telela,Africa/Kampala,UTC +3.0 ,2.28852798065471,32.7534429455025
Uganda,Uganda,UG,,,Apac,,Kole,,Balla,,Agege I,Africa/Kampala,UTC +3.0 ,2.22884577625674,32.7995299134886
Uganda,Uganda,UG,,,Apac,,Kole,,Balla,,Aumi,Africa/Kampala,UTC +3.0 ,2.22504833010953,32.7524779686691
Uganda,Uganda,UG,,,Apac,,Kole,,Balla,,Bala,Africa/Kampala,UTC +3.0 ,2.19822057029846,32.6929329110814
Uganda,Uganda,UG,,,Apac,,Kole,,Balla,,Omolo-Adyang,Africa/Kampala,UTC +3.0 ,2.15705417020554,32.6756200386351
Uganda,Uganda,UG,,,Apac,,Kole,,Balla,,Omuge,Africa/Kampala,UTC +3.0 ,2.1773763172182,32.7772876423303
Uganda,Uganda,UG,,,Apac,,Kole,,Balla,,Omwara,Africa/Kampala,UTC +3.0 ,2.16497011887027,32.7377626243799
Uganda,Uganda,UG,,,Apac,,Kwania,,Abongomola,,Abany,Africa/Kampala,UTC +3.0 ,1.99377352643271,32.7767738675434
Uganda,Uganda,UG,,,Apac,,Kwania,,Abongomola,,Abwong,Africa/Kampala,UTC +3.0 ,2.05147544718811,32.8531446297175
Uganda,Uganda,UG,,,Apac,,Kwania,,Abongomola,,Acungi,Africa/Kampala,UTC +3.0 ,1.99571352043328,32.8155243234142
Uganda,Uganda,UG,,,Apac,,Kwania,,Abongomola,,Akali,Africa/Kampala,UTC +3.0 ,2.07358812446486,32.8035019341739
Uganda,Uganda,UG,,,Apac,,Kwania,,Abongomola,,Amorigoga,Africa/Kampala,UTC +3.0 ,1.98703089912763,32.8498095922252
Uganda,Uganda,UG,,,Apac,,Kwania,,Aduku,,Aboko,Africa/Kampala,UTC +3.0 ,1.95516782353781,32.6905859775749
Uganda,Uganda,UG,,,Apac,,Kwania,,Aduku,,Adyeda,Africa/Kampala,UTC +3.0 ,2.03960946563174,32.7221702701908
Uganda,Uganda,UG,,,Apac,,Kwania,,Aduku,,Alira,Africa/Kampala,UTC +3.0 ,2.06029086287869,32.7521838574644
Uganda,Uganda,UG,,,Apac,,Kwania,,Aduku,,Apire,Africa/Kampala,UTC +3.0 ,2.01590202469566,32.6760165461675
Uganda,Uganda,UG,,,Apac,,Kwania,,Aduku,,Ongoceng,Africa/Kampala,UTC +3.0 ,1.97035833648892,32.7388732324653
Uganda,Uganda,UG,,,Apac,,Kwania,,Cawente,,Acenlworo,Africa/Kampala,UTC +3.0 ,1.80440876913632,32.7038389165814
Uganda,Uganda,UG,,,Apac,,Kwania,,Cawente,,Alido,Africa/Kampala,UTC +3.0 ,1.80493990008006,32.6266727397508
Uganda,Uganda,UG,,,Apac,,Kwania,,Cawente,,Atongtidi,Africa/Kampala,UTC +3.0 ,1.89638180307714,32.6595769733592
Uganda,Uganda,UG,,,Apac,,Kwania,,Cawente,,Atule,Africa/Kampala,UTC +3.0 ,1.73764933195005,32.5919483372215
Uganda,Uganda,UG,,,Apac,,Kwania,,Inomo,,Abedmot,Africa/Kampala,UTC +3.0 ,2.10831655687176,32.6854485149499
Uganda,Uganda,UG,,,Apac,,Kwania,,Inomo,,Agwiciri,Africa/Kampala,UTC +3.0 ,2.11048135665981,32.7228153462145
Uganda,Uganda,UG,,,Apac,,Kwania,,Inomo,,Ajok,Africa/Kampala,UTC +3.0 ,2.10994101769515,32.6336096286064
Uganda,Uganda,UG,,,Apac,,Kwania,,Inomo,,Banya,Africa/Kampala,UTC +3.0 ,2.12593544147107,32.7483703888625
Uganda,Uganda,UG,,,Apac,,Kwania,,Inomo,,Inomo,Africa/Kampala,UTC +3.0 ,2.06585539736076,32.66619117885
Uganda,Uganda,UG,,,Apac,,Kwania,,Nambieso,,Abuli,Africa/Kampala,UTC +3.0 ,1.86675140937729,32.8829525090153
Uganda,Uganda,UG,,,Apac,,Kwania,,Nambieso,,Acaba,Africa/Kampala,UTC +3.0 ,1.8529547502854,32.7345173427859
Uganda,Uganda,UG,,,Apac,,Kwania,,Nambieso,,Anwangi,Africa/Kampala,UTC +3.0 ,1.87799106725003,32.7591064841968
Uganda,Uganda,UG,,,Apac,,Kwania,,Nambieso,,Aornga,Africa/Kampala,UTC +3.0 ,1.89655067876036,32.7999895608614
Uganda,Uganda,UG,,,Apac,,Kwania,,Nambieso,,Ayabi,Africa/Kampala,UTC +3.0 ,1.90365791874915,32.9127552907843
Uganda,Uganda,UG,,,Apac,,Kwania,,Nambieso,,Bung,Africa/Kampala,UTC +3.0 ,1.87838047106736,32.8376663207198
Uganda,Uganda,UG,,,Apac,,Kwania,,Nambieso,,Owiny,Africa/Kampala,UTC +3.0 ,1.94534540634299,32.9310881945101
Uganda,Uganda,UG,,,Apac,,Maruzi,,Akokoro,,Akokoro,Africa/Kampala,UTC +3.0 ,1.77609521425711,32.414365948622
Uganda,Uganda,UG,,,Apac,,Maruzi,,Akokoro,,Alaro,Africa/Kampala,UTC +3.0 ,1.68093129097164,32.5029116222272
Uganda,Uganda,UG,,,Apac,,Maruzi,,Akokoro,,Alaro,Africa/Kampala,UTC +3.0 ,1.72504775731758,32.5480848691435
Uganda,Uganda,UG,,,Apac,,Maruzi,,Akokoro,,Amun,Africa/Kampala,UTC +3.0 ,1.83842796938454,32.50121291744
Uganda,Uganda,UG,,,Apac,,Maruzi,,Akokoro,,Apoi,Africa/Kampala,UTC +3.0 ,1.72507102557732,32.4875791143335
Uganda,Uganda,UG,,,Apac,,Maruzi,,Akokoro,,Awila,Africa/Kampala,UTC +3.0 ,1.7889343610963,32.3557618040677
Uganda,Uganda,UG,,,Apac,,Maruzi,,Akokoro,,Ayago,Africa/Kampala,UTC +3.0 ,1.84605557970194,32.4553891163179
Uganda,Uganda,UG,,,Apac,,Maruzi,,Akokoro,,Ayeolyec,Africa/Kampala,UTC +3.0 ,1.70149210738718,32.3215713179974
Uganda,Uganda,UG,,,Apac,,Maruzi,,Akokoro,,Kungu,Africa/Kampala,UTC +3.0 ,1.69882681267349,32.190597856456
Uganda,Uganda,UG,,,Apac,,Maruzi,,Akokoro,,Maruzi Hill Fr,Africa/Kampala,UTC +3.0 ,1.733536011454,32.3503520447188
Uganda,Uganda,UG,,,Apac,,Maruzi,,Apac,,Abedi,Africa/Kampala,UTC +3.0 ,2.02800824535587,32.6044592588585
Uganda,Uganda,UG,,,Apac,,Maruzi,,Apac,,Akere,Africa/Kampala,UTC +3.0 ,1.91224107919064,32.5403817008851
Uganda,Uganda,UG,,,Apac,,Maruzi,,Apac,,Atana,Africa/Kampala,UTC +3.0 ,1.95321510046559,32.6060951412597
Uganda,Uganda,UG,,,Apac,,Maruzi,,Apac,,Atopi,Africa/Kampala,UTC +3.0 ,1.94677617627116,32.4839422750409
Uganda,Uganda,UG,,,Apac,,Maruzi,,Apac,,Eastern Ward,Africa/Kampala,UTC +3.0 ,2.02386534395324,32.51424327253
Uganda,Uganda,UG,,,Apac,,Maruzi,,Apac Tc,,Eastern Ward,Africa/Kampala,UTC +3.0 ,1.97476895834377,32.5445280248253
Uganda,Uganda,UG,,,Apac,,Maruzi,,Apac Tc,,Western Ward,Africa/Kampala,UTC +3.0 ,1.98005561617802,32.5210701601613
Uganda,Uganda,UG,,,Apac,,Maruzi,,Cegere,,Atigo-Lwok,Africa/Kampala,UTC +3.0 ,2.09106855281161,32.5467318729164
Uganda,Uganda,UG,,,Apac,,Maruzi,,Cegere,,Barodilo,Africa/Kampala,UTC +3.0 ,2.13872244895487,32.5820117777383
Uganda,Uganda,UG,,,Apac,,Maruzi,,Cegere,,Cegere,Africa/Kampala,UTC +3.0 ,2.07554292169127,32.4866648581413
Uganda,Uganda,UG,,,Apac,,Maruzi,,Cegere,,Kadilani,Africa/Kampala,UTC +3.0 ,2.05374822677448,32.4085855018734
Uganda,Uganda,UG,,,Apac,,Maruzi,,Cegere,,Teboke,Africa/Kampala,UTC +3.0 ,2.18688464220878,32.5879090170991
Uganda,Uganda,UG,,,Apac,,Maruzi,,Ibuje,,Aganga,Africa/Kampala,UTC +3.0 ,1.75212304170215,32.1895355466629
Uganda,Uganda,UG,,,Apac,,Maruzi,,Ibuje,,Aketo,Africa/Kampala,UTC +3.0 ,1.87369218410782,32.3816352789607
Uganda,Uganda,UG,,,Apac,,Maruzi,,Ibuje,,Alworoceng,Africa/Kampala,UTC +3.0 ,1.99638037074172,32.3846824845338
Uganda,Uganda,UG,,,Apac,,Maruzi,,Ibuje,,Amii,Africa/Kampala,UTC +3.0 ,1.92958734610567,32.417489682449
Uganda,Uganda,UG,,,Apac,,Maruzi,,Ibuje,,Tarogali,Africa/Kampala,UTC +3.0 ,1.8222335434912,32.3120695752118
Uganda,Uganda,UG,,,Apac,,Oyam,,Aber,,Adyegi,Africa/Kampala,UTC +3.0 ,2.11470345545136,32.4013997066373
Uganda,Uganda,UG,,,Apac,,Oyam,,Aber,,Akaka,Africa/Kampala,UTC +3.0 ,2.19585722145683,32.3637070818838
Uganda,Uganda,UG,,,Apac,,Oyam,,Aber,,Atura,Africa/Kampala,UTC +3.0 ,2.13485935240222,32.3505586015037
Uganda,Uganda,UG,,,Apac,,Oyam,,Aber,,Kamdini,Africa/Kampala,UTC +3.0 ,2.26369037543819,32.2918002040873
Uganda,Uganda,UG,,,Apac,,Oyam,,Aber,,Ocini,Africa/Kampala,UTC +3.0 ,2.25105425477082,32.4074744885212
Uganda,Uganda,UG,,,Apac,,Oyam,,Aber,,Pukica,Africa/Kampala,UTC +3.0 ,2.2901903378861,32.3309998581254
Uganda,Uganda,UG,,,Apac,,Oyam,,Aber,,Wirao,Africa/Kampala,UTC +3.0 ,2.19890843345209,32.4374265583398
Uganda,Uganda,UG,,,Apac,,Oyam,,Achaba,,Abanya,Africa/Kampala,UTC +3.0 ,2.40639367616331,32.4742747749136
Uganda,Uganda,UG,,,Apac,,Oyam,,Achaba,,Anyeke,Africa/Kampala,UTC +3.0 ,2.38279172515796,32.531646929795
Uganda,Uganda,UG,,,Apac,,Oyam,,Achaba,,Atekober,Africa/Kampala,UTC +3.0 ,2.36641450395922,32.4569344802148
Uganda,Uganda,UG,,,Apac,,Oyam,,Achaba,,Dogapio,Africa/Kampala,UTC +3.0 ,2.30500891631427,32.4555051107171
Uganda,Uganda,UG,,,Apac,,Oyam,,Achaba,,Obangangeo,Africa/Kampala,UTC +3.0 ,2.33141257747538,32.523324964886
Uganda,Uganda,UG,,,Apac,,Oyam,,Icheme,,Aloni,Africa/Kampala,UTC +3.0 ,2.49303661804903,32.6346647314425
Uganda,Uganda,UG,,,Apac,,Oyam,,Icheme,,Aungu,Africa/Kampala,UTC +3.0 ,2.43637235241824,32.6603190440474
Uganda,Uganda,UG,,,Apac,,Oyam,,Icheme,,Awio,Africa/Kampala,UTC +3.0 ,2.4387577099683,32.5621553197133
Uganda,Uganda,UG,,,Apac,,Oyam,,Icheme,,Omolo,Africa/Kampala,UTC +3.0 ,2.4871249028984,32.5971307502555
Uganda,Uganda,UG,,,Apac,,Oyam,,Icheme,,Orupo,Africa/Kampala,UTC +3.0 ,2.38032733297633,32.5967635046545
Uganda,Uganda,UG,,,Apac,,Oyam,,Loro,,Adigo,Africa/Kampala,UTC +3.0 ,2.13705707695511,32.4800122596358
Uganda,Uganda,UG,,,Apac,,Oyam,,Loro,,Adyeda,Africa/Kampala,UTC +3.0 ,2.26900144481473,32.5467843461455
Uganda,Uganda,UG,,,Apac,,Oyam,,Loro,,Agulurude,Africa/Kampala,UTC +3.0 ,2.29404928374293,32.6159483231291
Uganda,Uganda,UG,,,Apac,,Oyam,,Loro,,Alutkot,Africa/Kampala,UTC +3.0 ,2.20459386336801,32.5060442324815
Uganda,Uganda,UG,,,Apac,,Oyam,,Minakulu,,Aceno,Africa/Kampala,UTC +3.0 ,2.43654519735659,32.4045299442396
Uganda,Uganda,UG,,,Apac,,Oyam,,Minakulu,,Adel,Africa/Kampala,UTC +3.0 ,2.43959116282569,32.3577149086694
Uganda,Uganda,UG,,,Apac,,Oyam,,Minakulu,,Amwa,Africa/Kampala,UTC +3.0 ,2.32967356612373,32.342232728916
Uganda,Uganda,UG,,,Apac,,Oyam,,Minakulu,,Atek,Africa/Kampala,UTC +3.0 ,2.37169913866881,32.3399072554309
Uganda,Uganda,UG,,,Apac,,Oyam,,Minakulu,,Kuluabura,Africa/Kampala,UTC +3.0 ,2.43891195869651,32.2551782394732
Uganda,Uganda,UG,,,Apac,,Oyam,,Minakulu,,Oyoro,Africa/Kampala,UTC +3.0 ,2.41873431665397,32.2996555621063
Uganda,Uganda,UG,,,Apac,,Oyam,,Ngai,,Acut,Africa/Kampala,UTC +3.0 ,2.58657757327186,32.5071382712275
Uganda,Uganda,UG,,,Apac,,Oyam,,Ngai,,Ajerijeri,Africa/Kampala,UTC +3.0 ,2.53204224326064,32.5777409093945
Uganda,Uganda,UG,,,Apac,,Oyam,,Ngai,,Akuca,Africa/Kampala,UTC +3.0 ,2.51430475336511,32.5123231997534
Uganda,Uganda,UG,,,Apac,,Oyam,,Ngai,,Aramita,Africa/Kampala,UTC +3.0 ,2.50848447205234,32.467325458476
Uganda,Uganda,UG,,,Apac,,Oyam,,Ngai,,Bar,Africa/Kampala,UTC +3.0 ,2.54338342596417,32.5547245831142
Uganda,Uganda,UG,,,Apac,,Oyam,,Ngai,,Omac,Africa/Kampala,UTC +3.0 ,2.45098750977387,32.4721224459566
Uganda,Uganda,UG,,,Apac,,Oyam,,Ngai,,Opit Fr,Africa/Kampala,UTC +3.0 ,2.60432661701837,32.5741939516846
Uganda,Uganda,UG,,,Apac,,Oyam,,Otwal,,Acokara,Africa/Kampala,UTC +3.0 ,2.56866875924278,32.6349976756538
Uganda,Uganda,UG,,,Apac,,Oyam,,Otwal,,Ajul,Africa/Kampala,UTC +3.0 ,2.53856555864741,32.7217242597752
Uganda,Uganda,UG,,,Apac,,Oyam,,Otwal,,Alibi,Africa/Kampala,UTC +3.0 ,2.51739370381697,32.7747604925334
Uganda,Uganda,UG,,,Apac,,Oyam,,Otwal,,Amukogungo,Africa/Kampala,UTC +3.0 ,2.53061937587759,32.6760591539148
Uganda,Uganda,UG,,,Apac,,Oyam,,Otwal,,Apach,Africa/Kampala,UTC +3.0 ,2.56543412805836,32.7597355503298
Uganda,Uganda,UG,,,Apac,,Oyam,,Otwal,,Okii,Africa/Kampala,UTC +3.0 ,2.53547697186524,32.6944002472685
Uganda,Uganda,UG,,,Arua,,Arua Municipality,,Arua Hill,,Awindiri,Africa/Kampala,UTC +3.0 ,3.01072971257233,30.9119485478619
Uganda,Uganda,UG,,,Arua,,Arua Municipality,,Arua Hill,,Bazaar,Africa/Kampala,UTC +3.0 ,3.02362552857106,30.911415450522
Uganda,Uganda,UG,,,Arua,,Arua Municipality,,Arua Hill,,Mvara,Africa/Kampala,UTC +3.0 ,3.01575106430148,30.9241580472346
Uganda,Uganda,UG,,,Arua,,Arua Municipality,,Oli River,,Adalafu,Africa/Kampala,UTC +3.0 ,3.03488621750747,30.9077570797057
Uganda,Uganda,UG,,,Arua,,Arua Municipality,,Oli River,,Kenya,Africa/Kampala,UTC +3.0 ,3.02677693339883,30.9038639329818
Uganda,Uganda,UG,,,Arua,,Arua Municipality,,Oli River,,Pangisa,Africa/Kampala,UTC +3.0 ,3.03112956176595,30.9168596775668
Uganda,Uganda,UG,,,Arua,,Ayivu,,Adumi,,Anyara,Africa/Kampala,UTC +3.0 ,3.06322315820915,30.8229102512378
Uganda,Uganda,UG,,,Arua,,Ayivu,,Adumi,,Anzu,Africa/Kampala,UTC +3.0 ,3.11439180161606,30.8269519634948
Uganda,Uganda,UG,,,Arua,,Ayivu,,Adumi,,Kati,Africa/Kampala,UTC +3.0 ,3.0591093241066,30.8695836894011
Uganda,Uganda,UG,,,Arua,,Ayivu,,Adumi,,Kubo,Africa/Kampala,UTC +3.0 ,3.10041957934418,30.8296377317489
Uganda,Uganda,UG,,,Arua,,Ayivu,,Adumi,,Mbaraka,Africa/Kampala,UTC +3.0 ,3.08338448401662,30.8134543643863
Uganda,Uganda,UG,,,Arua,,Ayivu,,Adumi,,Mite,Africa/Kampala,UTC +3.0 ,3.04509712974328,30.7917600468563
Uganda,Uganda,UG,,,Arua,,Ayivu,,Adumi,,Nyiovura,Africa/Kampala,UTC +3.0 ,3.02000525557347,30.8210426182644
Uganda,Uganda,UG,,,Arua,,Ayivu,,Adumi,,Olevu,Africa/Kampala,UTC +3.0 ,3.0770226930372,30.8705394881157
Uganda,Uganda,UG,,,Arua,,Ayivu,,Adumi,,Ombaci,Africa/Kampala,UTC +3.0 ,3.051385845561,30.8416421786789
Uganda,Uganda,UG,,,Arua,,Ayivu,,Aroi,,Aliba,Africa/Kampala,UTC +3.0 ,3.11905142955313,30.9138258007268
Uganda,Uganda,UG,,,Arua,,Ayivu,,Aroi,,Alivu,Africa/Kampala,UTC +3.0 ,3.09875610091417,30.8895870424012
Uganda,Uganda,UG,,,Arua,,Ayivu,,Aroi,,Bura,Africa/Kampala,UTC +3.0 ,3.11437822157272,30.8558899075001
Uganda,Uganda,UG,,,Arua,,Ayivu,,Aroi,,Kamule,Africa/Kampala,UTC +3.0 ,3.08840163610609,30.8814550584446
Uganda,Uganda,UG,,,Arua,,Ayivu,,Aroi,,Michu,Africa/Kampala,UTC +3.0 ,3.12234686893844,30.8739301416624
Uganda,Uganda,UG,,,Arua,,Ayivu,,Aroi,,Robu,Africa/Kampala,UTC +3.0 ,3.10784130015936,30.9037608021502
Uganda,Uganda,UG,,,Arua,,Ayivu,,Dadamu,,Arivu,Africa/Kampala,UTC +3.0 ,3.0547674452483,30.901748945802
Uganda,Uganda,UG,,,Arua,,Ayivu,,Dadamu,,Ariwara,Africa/Kampala,UTC +3.0 ,3.03893994930715,30.9301765909207
Uganda,Uganda,UG,,,Arua,,Ayivu,,Dadamu,,Luvu,Africa/Kampala,UTC +3.0 ,3.04264101570912,30.9968774432018
Uganda,Uganda,UG,,,Arua,,Ayivu,,Dadamu,,Odravu,Africa/Kampala,UTC +3.0 ,3.03490152813523,30.9729540997355
Uganda,Uganda,UG,,,Arua,,Ayivu,,Dadamu,,Oduluba,Africa/Kampala,UTC +3.0 ,3.03145515216668,30.9419383501979
Uganda,Uganda,UG,,,Arua,,Ayivu,,Dadamu,,Tanganyika,Africa/Kampala,UTC +3.0 ,3.04341101840803,30.9174220065091
Uganda,Uganda,UG,,,Arua,,Ayivu,,Dadamu,,Yapi,Africa/Kampala,UTC +3.0 ,3.05572486811171,30.9197999187605
Uganda,Uganda,UG,,,Arua,,Ayivu,,Manibe,,Eleku,Africa/Kampala,UTC +3.0 ,3.07335780763545,30.9927296824033
Uganda,Uganda,UG,,,Arua,,Ayivu,,Manibe,,Ewadri,Africa/Kampala,UTC +3.0 ,3.07949747886387,30.9571922575511
Uganda,Uganda,UG,,,Arua,,Ayivu,,Manibe,,Lufe,Africa/Kampala,UTC +3.0 ,3.06445891350174,30.9768688629663
Uganda,Uganda,UG,,,Arua,,Ayivu,,Manibe,,Odravu,Africa/Kampala,UTC +3.0 ,3.09549732533303,30.9365603701256
Uganda,Uganda,UG,,,Arua,,Ayivu,,Manibe,,Ombaci,Africa/Kampala,UTC +3.0 ,3.05110636626163,30.9500098935475
Uganda,Uganda,UG,,,Arua,,Ayivu,,Manibe,,Ombokoro,Africa/Kampala,UTC +3.0 ,3.06649923120927,30.9414724668465
Uganda,Uganda,UG,,,Arua,,Ayivu,,Manibe,,Oreku,Africa/Kampala,UTC +3.0 ,3.07574664438223,30.9130882538073
Uganda,Uganda,UG,,,Arua,,Ayivu,,Manibe,,Robu,Africa/Kampala,UTC +3.0 ,3.08655001481648,30.9236242822483
Uganda,Uganda,UG,,,Arua,,Ayivu,,Oluko,,Ambeko,Africa/Kampala,UTC +3.0 ,2.99957951834135,30.9527778434854
Uganda,Uganda,UG,,,Arua,,Ayivu,,Oluko,,Anipi,Africa/Kampala,UTC +3.0 ,3.02910373279176,31.0797355242887
Uganda,Uganda,UG,,,Arua,,Ayivu,,Oluko,,Bunyu,Africa/Kampala,UTC +3.0 ,3.00521510030783,30.9367951305492
Uganda,Uganda,UG,,,Arua,,Ayivu,,Oluko,,Nyio,Africa/Kampala,UTC +3.0 ,2.98842275319285,30.9360094541209
Uganda,Uganda,UG,,,Arua,,Ayivu,,Oluko,,Ombokoro,Africa/Kampala,UTC +3.0 ,3.02230054889072,30.953779005754
Uganda,Uganda,UG,,,Arua,,Ayivu,,Oluko,,Onzivu,Africa/Kampala,UTC +3.0 ,2.99195853808504,30.919054516998
Uganda,Uganda,UG,,,Arua,,Ayivu,,Oluko,,Turu,Africa/Kampala,UTC +3.0 ,3.00781487116157,30.9824817251636
Uganda,Uganda,UG,,,Arua,,Ayivu,,Oluko,,Wandi,Africa/Kampala,UTC +3.0 ,2.99753175947086,30.9669761128402
Uganda,Uganda,UG,,,Arua,,Ayivu,,Oluko,,Yabiavoko,Africa/Kampala,UTC +3.0 ,3.02029062330107,31.0272368525265
Uganda,Uganda,UG,,,Arua,,Ayivu,,Pajulu,,Adalafu,Africa/Kampala,UTC +3.0 ,3.04319769745278,30.8870878708624
Uganda,Uganda,UG,,,Arua,,Ayivu,,Pajulu,,Alivu,Africa/Kampala,UTC +3.0 ,3.02792467029477,30.8894616617602
Uganda,Uganda,UG,,,Arua,,Ayivu,,Pajulu,,Driwala,Africa/Kampala,UTC +3.0 ,2.98662235340314,30.9027828261012
Uganda,Uganda,UG,,,Arua,,Ayivu,,Pajulu,,Etori,Africa/Kampala,UTC +3.0 ,2.98551306288457,30.8452440847004
Uganda,Uganda,UG,,,Arua,,Ayivu,,Pajulu,,Komite,Africa/Kampala,UTC +3.0 ,3.01403439568964,30.8884529218019
Uganda,Uganda,UG,,,Arua,,Ayivu,,Pajulu,,Nyaracu,Africa/Kampala,UTC +3.0 ,2.98697729063722,30.8736981082073
Uganda,Uganda,UG,,,Arua,,Ayivu,,Pajulu,,Pokea,Africa/Kampala,UTC +3.0 ,2.99574125049251,30.8902248306585
Uganda,Uganda,UG,,,Arua,,Ayivu,,Pajulu,,Urugbo,Africa/Kampala,UTC +3.0 ,3.00568841988313,30.8637646288487
Uganda,Uganda,UG,,,Arua,,Ayivu,,Pajulu,,Yivu,Africa/Kampala,UTC +3.0 ,3.0300725237319,30.8587842681838
Uganda,Uganda,UG,,,Arua,,Koboko,,Koboko Tc,,Appa,Africa/Kampala,UTC +3.0 ,3.40917676310662,30.9557173676082
Uganda,Uganda,UG,,,Arua,,Koboko,,Koboko Tc,,Malenga,Africa/Kampala,UTC +3.0 ,3.42393921255796,30.9651901577626
Uganda,Uganda,UG,,,Arua,,Koboko,,Koboko Tc,,Mengo,Africa/Kampala,UTC +3.0 ,3.40836654589614,30.9649961776802
Uganda,Uganda,UG,,,Arua,,Koboko,,Koboko Tc,,Teremunga,Africa/Kampala,UTC +3.0 ,3.42560327767615,30.9543132647638
Uganda,Uganda,UG,,,Arua,,Koboko,,Kuluba,,Ayipe,Africa/Kampala,UTC +3.0 ,3.61915978304804,30.957327271621
Uganda,Uganda,UG,,,Arua,,Koboko,,Kuluba,,Kuluba,Africa/Kampala,UTC +3.0 ,3.52634649678839,30.9428318638361
Uganda,Uganda,UG,,,Arua,,Koboko,,Kuluba,,Monodu,Africa/Kampala,UTC +3.0 ,3.49914523837338,30.9631311757111
Uganda,Uganda,UG,,,Arua,,Koboko,,Kuluba,,Monodu,Africa/Kampala,UTC +3.0 ,3.54650052962216,30.9614785490659
Uganda,Uganda,UG,,,Arua,,Koboko,,Kuluba,,Nyoke,Africa/Kampala,UTC +3.0 ,3.50754880324192,30.8845511620396
Uganda,Uganda,UG,,,Arua,,Koboko,,Kuluba,,Oraba,Africa/Kampala,UTC +3.0 ,3.55572248697768,30.9045672408158
Uganda,Uganda,UG,,,Arua,,Koboko,,Kuluba,,Pamodo,Africa/Kampala,UTC +3.0 ,3.60422194039144,31.0033805931862
Uganda,Uganda,UG,,,Arua,,Koboko,,Lobule,,Ajipala,Africa/Kampala,UTC +3.0 ,3.39367997931752,31.0722745459608
Uganda,Uganda,UG,,,Arua,,Koboko,,Lobule,,Aliribu,Africa/Kampala,UTC +3.0 ,3.37554256005547,31.0483647406211
Uganda,Uganda,UG,,,Arua,,Koboko,,Lobule,,Gborokolongo,Africa/Kampala,UTC +3.0 ,3.44008548247971,31.057575357497
Uganda,Uganda,UG,,,Arua,,Koboko,,Lobule,,Lobule,Africa/Kampala,UTC +3.0 ,3.3991441181667,31.0499680356156
Uganda,Uganda,UG,,,Arua,,Koboko,,Lobule,,Lurujo,Africa/Kampala,UTC +3.0 ,3.36993342653875,31.0166781212514
Uganda,Uganda,UG,,,Arua,,Koboko,,Lobule,,Metino,Africa/Kampala,UTC +3.0 ,3.44386151733389,31.0011322189276
Uganda,Uganda,UG,,,Arua,,Koboko,,Lobule,,Nyai,Africa/Kampala,UTC +3.0 ,3.45090186722728,31.019124471295
Uganda,Uganda,UG,,,Arua,,Koboko,,Lobule,,Nyori-Cheku,Africa/Kampala,UTC +3.0 ,3.45799837919934,31.049648992387
Uganda,Uganda,UG,,,Arua,,Koboko,,Lobule,,Ombachi,Africa/Kampala,UTC +3.0 ,3.35086167970926,31.0444832691457
Uganda,Uganda,UG,,,Arua,,Koboko,,Lobule,,Padrombo,Africa/Kampala,UTC +3.0 ,3.41089499569106,30.9964711983435
Uganda,Uganda,UG,,,Arua,,Koboko,,Lobule,,Ponyura,Africa/Kampala,UTC +3.0 ,3.39780376817995,31.0149106788458
Uganda,Uganda,UG,,,Arua,,Koboko,,Lobule,,Tukaliri,Africa/Kampala,UTC +3.0 ,3.41629260187329,31.0337175090006
Uganda,Uganda,UG,,,Arua,,Koboko,,Lobule,,Unyokunga,Africa/Kampala,UTC +3.0 ,3.42694693671005,31.0782318343201
Uganda,Uganda,UG,,,Arua,,Koboko,,Lobule,,Yatua,Africa/Kampala,UTC +3.0 ,3.34975005531331,31.011083382655
Uganda,Uganda,UG,,,Arua,,Koboko,,Ludara,,Bamure,Africa/Kampala,UTC +3.0 ,3.49302025632624,31.0786750857051
Uganda,Uganda,UG,,,Arua,,Koboko,,Ludara,,Chakulya,Africa/Kampala,UTC +3.0 ,3.6466571673186,31.0638871940845
Uganda,Uganda,UG,,,Arua,,Koboko,,Ludara,,Gurepi,Africa/Kampala,UTC +3.0 ,3.48280799224058,31.0450942267375
Uganda,Uganda,UG,,,Arua,,Koboko,,Ludara,,Longira,Africa/Kampala,UTC +3.0 ,3.50293389319266,31.0062361160358
Uganda,Uganda,UG,,,Arua,,Koboko,,Ludara,,Ludara,Africa/Kampala,UTC +3.0 ,3.54076617057205,31.0448162614039
Uganda,Uganda,UG,,,Arua,,Koboko,,Ludara,,Podo,Africa/Kampala,UTC +3.0 ,3.53076192806606,30.9968489991314
Uganda,Uganda,UG,,,Arua,,Koboko,,Midia,,Alla,Africa/Kampala,UTC +3.0 ,3.35857547024217,30.9795431134537
Uganda,Uganda,UG,,,Arua,,Koboko,,Midia,,Asunga,Africa/Kampala,UTC +3.0 ,3.45260024846494,30.9938238228033
Uganda,Uganda,UG,,,Arua,,Koboko,,Midia,,Aunga,Africa/Kampala,UTC +3.0 ,3.3481368375342,30.9629579508371
Uganda,Uganda,UG,,,Arua,,Koboko,,Midia,,Degiba,Africa/Kampala,UTC +3.0 ,3.44316351609574,30.9483213604078
Uganda,Uganda,UG,,,Arua,,Koboko,,Midia,,Dricile,Africa/Kampala,UTC +3.0 ,3.47312770100696,30.9845334342266
Uganda,Uganda,UG,,,Arua,,Koboko,,Midia,,Ginyako,Africa/Kampala,UTC +3.0 ,3.3873835076083,30.9803603842977
Uganda,Uganda,UG,,,Arua,,Koboko,,Midia,,Godia,Africa/Kampala,UTC +3.0 ,3.40471025594989,30.9383809087486
Uganda,Uganda,UG,,,Arua,,Koboko,,Midia,,Kingaba,Africa/Kampala,UTC +3.0 ,3.48566106267727,30.9562244462864
Uganda,Uganda,UG,,,Arua,,Koboko,,Midia,,Leiko,Africa/Kampala,UTC +3.0 ,3.37226156727957,30.9340923829468
Uganda,Uganda,UG,,,Arua,,Koboko,,Midia,,Lurunu,Africa/Kampala,UTC +3.0 ,3.4632750325162,30.9511137378455
Uganda,Uganda,UG,,,Arua,,Koboko,,Midia,,Midia,Africa/Kampala,UTC +3.0 ,3.43455562498084,30.9719793593321
Uganda,Uganda,UG,,,Arua,,Koboko,,Midia,,Nyangazia,Africa/Kampala,UTC +3.0 ,3.35493902185756,30.9470023270073
Uganda,Uganda,UG,,,Arua,,Koboko,,Midia,,Nyangilia,Africa/Kampala,UTC +3.0 ,3.3890311466207,30.9548829809678
Uganda,Uganda,UG,,,Arua,,Madi-Okollo,,Offaka,,Adraa,Africa/Kampala,UTC +3.0 ,2.62266653506168,31.0579619088323
Uganda,Uganda,UG,,,Arua,,Madi-Okollo,,Offaka,,Elibu,Africa/Kampala,UTC +3.0 ,2.63552794354174,31.0136140926006
Uganda,Uganda,UG,,,Arua,,Madi-Okollo,,Offaka,,Ochebu,Africa/Kampala,UTC +3.0 ,2.68414565816512,31.0112601997672
Uganda,Uganda,UG,,,Arua,,Madi-Okollo,,Offaka,,Ombachi,Africa/Kampala,UTC +3.0 ,2.58110168186676,31.0555116145947
Uganda,Uganda,UG,,,Arua,,Madi-Okollo,,Offaka,,Omua,Africa/Kampala,UTC +3.0 ,2.58617974694882,31.1467140014633
Uganda,Uganda,UG,,,Arua,,Madi-Okollo,,Offaka,,Oribu,Africa/Kampala,UTC +3.0 ,2.72029009647764,31.0420984339537
Uganda,Uganda,UG,,,Arua,,Madi-Okollo,,Ogoko,,Ayavu,Africa/Kampala,UTC +3.0 ,2.89722552356919,31.2061001947518
Uganda,Uganda,UG,,,Arua,,Madi-Okollo,,Ogoko,,Enyio,Africa/Kampala,UTC +3.0 ,2.84487463950275,31.1507317478415
Uganda,Uganda,UG,,,Arua,,Madi-Okollo,,Ogoko,,Olali,Africa/Kampala,UTC +3.0 ,2.8947075727233,31.3155281714231
Uganda,Uganda,UG,,,Arua,,Madi-Okollo,,Ogoko,,Pamvara,Africa/Kampala,UTC +3.0 ,2.94712246298383,31.3394447112313
Uganda,Uganda,UG,,,Arua,,Madi-Okollo,,Ogoko,,Panduku,Africa/Kampala,UTC +3.0 ,2.81911791420949,31.3164916482785
Uganda,Uganda,UG,,,Arua,,Madi-Okollo,,Ogoko,,Parabok,Africa/Kampala,UTC +3.0 ,2.78776153939605,31.3400509438762
Uganda,Uganda,UG,,,Arua,,Madi-Okollo,,Okollo,,Ajibu,Africa/Kampala,UTC +3.0 ,2.73504834098571,31.1205357377813
Uganda,Uganda,UG,,,Arua,,Madi-Okollo,,Okollo,,Baito,Africa/Kampala,UTC +3.0 ,2.70585057368455,31.258787371719
Uganda,Uganda,UG,,,Arua,,Madi-Okollo,,Okollo,,Okollo,Africa/Kampala,UTC +3.0 ,2.65296881072763,31.152564560298
Uganda,Uganda,UG,,,Arua,,Madi-Okollo,,Okollo,,Onyomu,Africa/Kampala,UTC +3.0 ,2.76023145365122,31.2146461336772
Uganda,Uganda,UG,,,Arua,,Madi-Okollo,,Rhino Camp,,Anipi,Africa/Kampala,UTC +3.0 ,3.00308900366845,31.3210208222558
Uganda,Uganda,UG,,,Arua,,Madi-Okollo,,Rhino Camp,,Awuvu,Africa/Kampala,UTC +3.0 ,2.95398977446006,31.3828098679443
Uganda,Uganda,UG,,,Arua,,Madi-Okollo,,Rhino Camp,,Bandili,Africa/Kampala,UTC +3.0 ,3.02511156809046,31.2743775200023
Uganda,Uganda,UG,,,Arua,,Madi-Okollo,,Rhino Camp,,Eramva,Africa/Kampala,UTC +3.0 ,2.98147132227177,31.3862025667172
Uganda,Uganda,UG,,,Arua,,Madi-Okollo,,Rhino Camp,,Gbulukuatuni,Africa/Kampala,UTC +3.0 ,3.00202872292087,31.2043255904427
Uganda,Uganda,UG,,,Arua,,Madi-Okollo,,Rhino Camp,,Manago,Africa/Kampala,UTC +3.0 ,3.05685842828844,31.2265313113745
Uganda,Uganda,UG,,,Arua,,Madi-Okollo,,Rigbo,,Aliba,Africa/Kampala,UTC +3.0 ,3.06825674312121,31.4367839012844
Uganda,Uganda,UG,,,Arua,,Madi-Okollo,,Rigbo,,Ewanga,Africa/Kampala,UTC +3.0 ,3.14622806532298,31.4891711166957
Uganda,Uganda,UG,,,Arua,,Madi-Okollo,,Rigbo,,Kwili,Africa/Kampala,UTC +3.0 ,3.11069768589852,31.4480344318331
Uganda,Uganda,UG,,,Arua,,Madi-Okollo,,Rigbo,,Luba,Africa/Kampala,UTC +3.0 ,3.01808575562729,31.3913036123285
Uganda,Uganda,UG,,,Arua,,Madi-Okollo,,Rigbo,,Ocea,Africa/Kampala,UTC +3.0 ,3.05386718648366,31.3247259204762
Uganda,Uganda,UG,,,Arua,,Madi-Okollo,,Rigbo,,Odoi,Africa/Kampala,UTC +3.0 ,3.07089334366566,31.382223666907
Uganda,Uganda,UG,,,Arua,,Madi-Okollo,,Rigbo,,Odubu,Africa/Kampala,UTC +3.0 ,3.13119209794362,31.377028532653
Uganda,Uganda,UG,,,Arua,,Madi-Okollo,,Rigbo,,Roga,Africa/Kampala,UTC +3.0 ,3.1683544332951,31.4509133281846
Uganda,Uganda,UG,,,Arua,,Madi-Okollo,,Uleppi,,Arara,Africa/Kampala,UTC +3.0 ,2.81061897051914,31.0889436562227
Uganda,Uganda,UG,,,Arua,,Madi-Okollo,,Uleppi,,Katiyi,Africa/Kampala,UTC +3.0 ,2.76978083107144,31.0931885435668
Uganda,Uganda,UG,,,Arua,,Madi-Okollo,,Uleppi,,Laura,Africa/Kampala,UTC +3.0 ,2.78642295834657,31.0305800324147
Uganda,Uganda,UG,,,Arua,,Maracha,,Kijomoro,,Alivu,Africa/Kampala,UTC +3.0 ,3.14697783771303,30.9343486551487
Uganda,Uganda,UG,,,Arua,,Maracha,,Kijomoro,,Ambidro,Africa/Kampala,UTC +3.0 ,3.18142851738916,30.949569578845
Uganda,Uganda,UG,,,Arua,,Maracha,,Kijomoro,,Dranzipi,Africa/Kampala,UTC +3.0 ,3.16146617062358,30.9179692592145
Uganda,Uganda,UG,,,Arua,,Maracha,,Kijomoro,,Lamila,Africa/Kampala,UTC +3.0 ,3.18030697672901,30.9001898491413
Uganda,Uganda,UG,,,Arua,,Maracha,,Kijomoro,,Oluvu,Africa/Kampala,UTC +3.0 ,3.15247665813031,30.8780289714761
Uganda,Uganda,UG,,,Arua,,Maracha,,Kijomoro,,Robu,Africa/Kampala,UTC +3.0 ,3.14058485346933,30.9018567393064
Uganda,Uganda,UG,,,Arua,,Maracha,,Nyadri,,Baria,Africa/Kampala,UTC +3.0 ,3.23560960094016,30.9594924603176
Uganda,Uganda,UG,,,Arua,,Maracha,,Nyadri,,Bura,Africa/Kampala,UTC +3.0 ,3.2742757964694,30.9532109953191
Uganda,Uganda,UG,,,Arua,,Maracha,,Nyadri,,Pabura,Africa/Kampala,UTC +3.0 ,3.24649942508829,30.9364252299102
Uganda,Uganda,UG,,,Arua,,Maracha,,Nyadri,,Robu,Africa/Kampala,UTC +3.0 ,3.20959082302391,30.9381230548193
Uganda,Uganda,UG,,,Arua,,Maracha,,Oleba,,Bango,Africa/Kampala,UTC +3.0 ,3.31549129754984,30.928736592553
Uganda,Uganda,UG,,,Arua,,Maracha,,Oleba,,Buramali,Africa/Kampala,UTC +3.0 ,3.28249500422966,30.8903475727876
Uganda,Uganda,UG,,,Arua,,Maracha,,Oleba,,Etoko,Africa/Kampala,UTC +3.0 ,3.3135147708778,30.8973830406446
Uganda,Uganda,UG,,,Arua,,Maracha,,Oleba,,Paranga,Africa/Kampala,UTC +3.0 ,3.34442567020785,30.9137258443769
Uganda,Uganda,UG,,,Arua,,Maracha,,Oleba,,Robu,Africa/Kampala,UTC +3.0 ,3.31363267053203,30.9543042231306
Uganda,Uganda,UG,,,Arua,,Maracha,,Oleba,,Worogbo,Africa/Kampala,UTC +3.0 ,3.27954392417243,30.9196688881892
Uganda,Uganda,UG,,,Arua,,Maracha,,Oluffe,,Kamaka,Africa/Kampala,UTC +3.0 ,3.2459134581178,30.8619934314104
Uganda,Uganda,UG,,,Arua,,Maracha,,Oluffe,,Kimiru,Africa/Kampala,UTC +3.0 ,3.26384538557539,30.8781017769835
Uganda,Uganda,UG,,,Arua,,Maracha,,Oluffe,,Mundru,Africa/Kampala,UTC +3.0 ,3.23952840916118,30.9013410793942
Uganda,Uganda,UG,,,Arua,,Maracha,,Oluffe,,Otravu,Africa/Kampala,UTC +3.0 ,3.21083949977487,30.9021529956825
Uganda,Uganda,UG,,,Arua,,Maracha,,Oluvu,,Ayiko,Africa/Kampala,UTC +3.0 ,3.15864868919927,30.8245868210229
Uganda,Uganda,UG,,,Arua,,Maracha,,Oluvu,,Draju,Africa/Kampala,UTC +3.0 ,3.17709277752201,30.836558578746
Uganda,Uganda,UG,,,Arua,,Maracha,,Oluvu,,Michu,Africa/Kampala,UTC +3.0 ,3.21628247308618,30.8391682790102
Uganda,Uganda,UG,,,Arua,,Maracha,,Oluvu,,Nyogo,Africa/Kampala,UTC +3.0 ,3.16048987679173,30.8550968762816
Uganda,Uganda,UG,,,Arua,,Maracha,,Oluvu,,Ombachi,Africa/Kampala,UTC +3.0 ,3.20035004811202,30.8604640076013
Uganda,Uganda,UG,,,Arua,,Maracha,,Oluvu,,Rikabu,Africa/Kampala,UTC +3.0 ,3.13753096219839,30.8326084712275
Uganda,Uganda,UG,,,Arua,,Maracha,,Tara,,Anivu,Africa/Kampala,UTC +3.0 ,3.28441384182793,31.0344876627824
Uganda,Uganda,UG,,,Arua,,Maracha,,Tara,,Ojapi,Africa/Kampala,UTC +3.0 ,3.32830708215768,30.9971109692036
Uganda,Uganda,UG,,,Arua,,Maracha,,Tara,,Ombavu,Africa/Kampala,UTC +3.0 ,3.31472516265006,31.0135230136967
Uganda,Uganda,UG,,,Arua,,Maracha,,Tara,,Pajama,Africa/Kampala,UTC +3.0 ,3.32260195741259,31.0367575623581
Uganda,Uganda,UG,,,Arua,,Maracha,,Tara,,Vura,Africa/Kampala,UTC +3.0 ,3.29726860452928,31.0473934932683
Uganda,Uganda,UG,,,Arua,,Maracha,,Yivu,,Alarapi,Africa/Kampala,UTC +3.0 ,3.24933338208769,30.9811550865164
Uganda,Uganda,UG,,,Arua,,Maracha,,Yivu,,Amanipi,Africa/Kampala,UTC +3.0 ,3.31048107568485,30.9792426506777
Uganda,Uganda,UG,,,Arua,,Maracha,,Yivu,,Aroi,Africa/Kampala,UTC +3.0 ,3.20180682283963,30.97972482257
Uganda,Uganda,UG,,,Arua,,Maracha,,Yivu,,Egamara,Africa/Kampala,UTC +3.0 ,3.22524451744007,30.9818784213418
Uganda,Uganda,UG,,,Arua,,Maracha,,Yivu,,Loinya,Africa/Kampala,UTC +3.0 ,3.29264499251853,30.9922417874609
Uganda,Uganda,UG,,,Arua,,Maracha,,Yivu,,Okuvu,Africa/Kampala,UTC +3.0 ,3.26339532900222,31.0074307254878
Uganda,Uganda,UG,,,Arua,,Maracha,,Yivu,,Ombia,Africa/Kampala,UTC +3.0 ,3.27117303644001,30.9793445165633
Uganda,Uganda,UG,,,Arua,,Maracha,,Yivu,,Pakayo,Africa/Kampala,UTC +3.0 ,3.23953739810984,30.9974708060792
Uganda,Uganda,UG,,,Arua,,Terego,,Ali-vu,,Alia,Africa/Kampala,UTC +3.0 ,3.18214874884741,31.0830930108417
Uganda,Uganda,UG,,,Arua,,Terego,,Ali-vu,,Aripia,Africa/Kampala,UTC +3.0 ,3.17973102890515,31.0533503190968
Uganda,Uganda,UG,,,Arua,,Terego,,Ali-vu,,Ayuri,Africa/Kampala,UTC +3.0 ,3.21116670835293,31.0167270008871
Uganda,Uganda,UG,,,Arua,,Terego,,Ali-vu,,Edayi,Africa/Kampala,UTC +3.0 ,3.15216434580957,31.0217772571519
Uganda,Uganda,UG,,,Arua,,Terego,,Ali-vu,,Erea,Africa/Kampala,UTC +3.0 ,3.2331378745886,31.020983624374
Uganda,Uganda,UG,,,Arua,,Terego,,Ali-vu,,Onai,Africa/Kampala,UTC +3.0 ,3.21806484225997,31.058952552291
Uganda,Uganda,UG,,,Arua,,Terego,,Ali-vu,,Onzoro,Africa/Kampala,UTC +3.0 ,3.19010203226425,31.0234309404782
Uganda,Uganda,UG,,,Arua,,Terego,,Ali-vu,,Otrevu,Africa/Kampala,UTC +3.0 ,3.20425495716776,31.0857381376113
Uganda,Uganda,UG,,,Arua,,Terego,,Ali-vu,,Paranga,Africa/Kampala,UTC +3.0 ,3.17081819886773,31.0239901492461
Uganda,Uganda,UG,,,Arua,,Terego,,Beleafe,,Abindi,Africa/Kampala,UTC +3.0 ,3.07377943805609,31.028843375503
Uganda,Uganda,UG,,,Arua,,Terego,,Beleafe,,Adripi,Africa/Kampala,UTC +3.0 ,3.11874819227441,31.0404287143697
Uganda,Uganda,UG,,,Arua,,Terego,,Beleafe,,Ajiraku,Africa/Kampala,UTC +3.0 ,3.06558185737813,31.0654251276327
Uganda,Uganda,UG,,,Arua,,Terego,,Beleafe,,Nicu,Africa/Kampala,UTC +3.0 ,3.06136614424392,31.1265194835735
Uganda,Uganda,UG,,,Arua,,Terego,,Katrini,,Anavu,Africa/Kampala,UTC +3.0 ,3.1271358622617,30.9963439001777
Uganda,Uganda,UG,,,Arua,,Terego,,Katrini,,Ochopi,Africa/Kampala,UTC +3.0 ,3.11257710440845,30.9546592816801
Uganda,Uganda,UG,,,Arua,,Terego,,Katrini,,Okavu,Africa/Kampala,UTC +3.0 ,3.16148340560942,30.9982782484629
Uganda,Uganda,UG,,,Arua,,Terego,,Katrini,,Olea,Africa/Kampala,UTC +3.0 ,3.17552956963839,30.9831775465757
Uganda,Uganda,UG,,,Arua,,Terego,,Katrini,,Olua,Africa/Kampala,UTC +3.0 ,3.14543955513969,30.9680402111064
Uganda,Uganda,UG,,,Arua,,Terego,,Katrini,,Onzoro,Africa/Kampala,UTC +3.0 ,3.1021196439659,30.9905280709674
Uganda,Uganda,UG,,,Arua,,Terego,,Odupi,,Azapi,Africa/Kampala,UTC +3.0 ,3.24814248979608,31.1927677504558
Uganda,Uganda,UG,,,Arua,,Terego,,Odupi,,Imvepi,Africa/Kampala,UTC +3.0 ,3.19048244244818,31.3002488328635
Uganda,Uganda,UG,,,Arua,,Terego,,Odupi,,Lugbari,Africa/Kampala,UTC +3.0 ,3.26168299214491,31.2540495520235
Uganda,Uganda,UG,,,Arua,,Terego,,Odupi,,Okavu,Africa/Kampala,UTC +3.0 ,3.31691187066371,31.2035335492495
Uganda,Uganda,UG,,,Arua,,Terego,,Odupi,,Ombokoro,Africa/Kampala,UTC +3.0 ,3.29619456550263,31.1869113444205
Uganda,Uganda,UG,,,Arua,,Terego,,Odupi,,Orivu,Africa/Kampala,UTC +3.0 ,3.32359240232098,31.1597651804805
Uganda,Uganda,UG,,,Arua,,Terego,,Odupi,,Otumbari,Africa/Kampala,UTC +3.0 ,3.26426553231376,31.1605253847681
Uganda,Uganda,UG,,,Arua,,Terego,,Omugo,,Angazi,Africa/Kampala,UTC +3.0 ,3.27772407618476,31.1281050284833
Uganda,Uganda,UG,,,Arua,,Terego,,Omugo,,Anyufira,Africa/Kampala,UTC +3.0 ,3.24080077979773,31.0506040329059
Uganda,Uganda,UG,,,Arua,,Terego,,Omugo,,Bura,Africa/Kampala,UTC +3.0 ,3.25262641561131,31.0998800535165
Uganda,Uganda,UG,,,Arua,,Terego,,Omugo,,Duku,Africa/Kampala,UTC +3.0 ,3.29813789138227,31.0926325579492
Uganda,Uganda,UG,,,Arua,,Terego,,Omugo,,Jilla,Africa/Kampala,UTC +3.0 ,3.22629109060775,31.1173766487099
Uganda,Uganda,UG,,,Arua,,Terego,,Omugo,,Ndaapi,Africa/Kampala,UTC +3.0 ,3.21787103421051,31.1573819605519
Uganda,Uganda,UG,,,Arua,,Terego,,Omugo,,Obi,Africa/Kampala,UTC +3.0 ,3.26163454113885,31.049577101164
Uganda,Uganda,UG,,,Arua,,Terego,,Omugo,,Owayi,Africa/Kampala,UTC +3.0 ,3.26826448733213,31.0823039622457
Uganda,Uganda,UG,,,Arua,,Terego,,Uriama,,Akinio,Africa/Kampala,UTC +3.0 ,3.10773796952195,31.1771619243848
Uganda,Uganda,UG,,,Arua,,Terego,,Uriama,,Ejoni,Africa/Kampala,UTC +3.0 ,3.14069424228739,31.0723910235677
Uganda,Uganda,UG,,,Arua,,Terego,,Uriama,,Katiku,Africa/Kampala,UTC +3.0 ,3.12552519433205,31.3207194464486
Uganda,Uganda,UG,,,Arua,,Terego,,Uriama,,Maraju,Africa/Kampala,UTC +3.0 ,3.16146094644136,31.1609530825783
Uganda,Uganda,UG,,,Arua,,Terego,,Uriama,,Otumbari,Africa/Kampala,UTC +3.0 ,3.10848399561423,31.0874898684874
Uganda,Uganda,UG,,,Arua,,Vurra,,Ajia,,Alivu,Africa/Kampala,UTC +3.0 ,2.98148618194738,30.9811553352658
Uganda,Uganda,UG,,,Arua,,Vurra,,Ajia,,Aupi,Africa/Kampala,UTC +3.0 ,2.94942457644742,31.0110694689139
Uganda,Uganda,UG,,,Arua,,Vurra,,Ajia,,Ayaa,Africa/Kampala,UTC +3.0 ,2.9608942665465,31.0704936754714
Uganda,Uganda,UG,,,Arua,,Vurra,,Ajia,,Ayayia,Africa/Kampala,UTC +3.0 ,2.99059917676314,31.1074084234526
Uganda,Uganda,UG,,,Arua,,Vurra,,Ajia,,Ewa,Africa/Kampala,UTC +3.0 ,2.95723686573095,30.9923784706118
Uganda,Uganda,UG,,,Arua,,Vurra,,Ajia,,Nyirivu,Africa/Kampala,UTC +3.0 ,2.88203969060881,31.0269666921008
Uganda,Uganda,UG,,,Arua,,Vurra,,Ajia,,Ochoko,Africa/Kampala,UTC +3.0 ,2.94253122591316,30.9570231197398
Uganda,Uganda,UG,,,Arua,,Vurra,,Ajia,,Olevu,Africa/Kampala,UTC +3.0 ,2.89501879880505,31.0808019261817
Uganda,Uganda,UG,,,Arua,,Vurra,,Ajia,,Ombokoro,Africa/Kampala,UTC +3.0 ,2.94689498717161,31.0377440447751
Uganda,Uganda,UG,,,Arua,,Vurra,,Arivu,,Awika,Africa/Kampala,UTC +3.0 ,2.83554800682447,31.0088799915139
Uganda,Uganda,UG,,,Arua,,Vurra,,Arivu,,Lazebu,Africa/Kampala,UTC +3.0 ,2.83177997706546,30.9546567476289
Uganda,Uganda,UG,,,Arua,,Vurra,,Arivu,,Ombavu,Africa/Kampala,UTC +3.0 ,2.895177385955,30.9753289517372
Uganda,Uganda,UG,,,Arua,,Vurra,,Arivu,,Omoo,Africa/Kampala,UTC +3.0 ,2.867343775377,30.9603833432988
Uganda,Uganda,UG,,,Arua,,Vurra,,Arivu,,Pajuru,Africa/Kampala,UTC +3.0 ,2.78095483630155,30.9770255692575
Uganda,Uganda,UG,,,Arua,,Vurra,,Arivu,,Ulupi,Africa/Kampala,UTC +3.0 ,2.90030363998417,30.9363936181935
Uganda,Uganda,UG,,,Arua,,Vurra,,Logiri,,Anyavu,Africa/Kampala,UTC +3.0 ,2.69915430587873,30.8803090410879
Uganda,Uganda,UG,,,Arua,,Vurra,,Logiri,,Chiaba,Africa/Kampala,UTC +3.0 ,2.7785200871346,30.9102631282663
Uganda,Uganda,UG,,,Arua,,Vurra,,Logiri,,Jiki,Africa/Kampala,UTC +3.0 ,2.72437826965472,30.8406031676325
Uganda,Uganda,UG,,,Arua,,Vurra,,Logiri,,Lazebu,Africa/Kampala,UTC +3.0 ,2.72951274814231,30.9444282779059
Uganda,Uganda,UG,,,Arua,,Vurra,,Logiri,,Okavu,Africa/Kampala,UTC +3.0 ,2.6778002922293,30.8570008530476
Uganda,Uganda,UG,,,Arua,,Vurra,,Logiri,,Okavu,Africa/Kampala,UTC +3.0 ,2.68477609931677,30.8246146805727
Uganda,Uganda,UG,,,Arua,,Vurra,,Logiri,,Oliba,Africa/Kampala,UTC +3.0 ,2.74607158324156,30.8857838121423
Uganda,Uganda,UG,,,Arua,,Vurra,,Logiri,,Ozoo,Africa/Kampala,UTC +3.0 ,2.75572386955835,30.8521040397124
Uganda,Uganda,UG,,,Arua,,Vurra,,Vurra,,Ajono,Africa/Kampala,UTC +3.0 ,2.9600634879158,30.8779764602359
Uganda,Uganda,UG,,,Arua,,Vurra,,Vurra,,Anzuu,Africa/Kampala,UTC +3.0 ,2.92879930024344,30.9118507502379
Uganda,Uganda,UG,,,Arua,,Vurra,,Vurra,,Ayavu,Africa/Kampala,UTC +3.0 ,2.84743493893216,30.9078271260871
Uganda,Uganda,UG,,,Arua,,Vurra,,Vurra,,Eruba,Africa/Kampala,UTC +3.0 ,2.95918694920894,30.9149505367257
Uganda,Uganda,UG,,,Arua,,Vurra,,Vurra,,Ezuku,Africa/Kampala,UTC +3.0 ,2.90727053771482,30.8778278579431
Uganda,Uganda,UG,,,Arua,,Vurra,,Vurra,,Kuluva,Africa/Kampala,UTC +3.0 ,2.96128338881342,30.9341053852742
Uganda,Uganda,UG,,,Arua,,Vurra,,Vurra,,Nyio,Africa/Kampala,UTC +3.0 ,2.89064184942494,30.9001882380096
Uganda,Uganda,UG,,,Arua,,Vurra,,Vurra,,Opia,Africa/Kampala,UTC +3.0 ,2.81394003686776,30.8975136344747
Uganda,Uganda,UG,,,Arua,,Vurra,,Vurra,,Ringili,Africa/Kampala,UTC +3.0 ,2.92642082180907,30.931256833922
Uganda,Uganda,UG,,,Arua,,Vurra,,Vurra,,Tilevu,Africa/Kampala,UTC +3.0 ,2.93440707184177,30.8811003305535
Uganda,Uganda,UG,,,Bugiri,,Bukooli,,Banda,,Buchumba,Africa/Kampala,UTC +3.0 ,0.212398799425903,33.9013494977985
Uganda,Uganda,UG,,,Bugiri,,Bukooli,,Banda,,Bujwanga,Africa/Kampala,UTC +3.0 ,0.212097027263365,33.8500952212846
Uganda,Uganda,UG,,,Bugiri,,Bukooli,,Banda,,Buwoya,Africa/Kampala,UTC +3.0 ,0.258239359946883,33.8741370466933
Uganda,Uganda,UG,,,Bugiri,,Bukooli,,Banda,,Lugala,Africa/Kampala,UTC +3.0 ,0.192777597376612,33.8798954040138
Uganda,Uganda,UG,,,Bugiri,,Bukooli,,Banda,,Lutolo,Africa/Kampala,UTC +3.0 ,0.23945627358583,33.9029722322204
Uganda,Uganda,UG,,,Bugiri,,Bukooli,,Budhaya,,Budhaya,Africa/Kampala,UTC +3.0 ,0.365029388649938,33.7934071152665
Uganda,Uganda,UG,,,Bugiri,,Bukooli,,Budhaya,,Bukatu,Africa/Kampala,UTC +3.0 ,0.350774528364789,33.7599886433386
Uganda,Uganda,UG,,,Bugiri,,Bukooli,,Budhaya,,Buwolya,Africa/Kampala,UTC +3.0 ,0.41080168535618,33.8161184426664
Uganda,Uganda,UG,,,Bugiri,,Bukooli,,Budhaya,,Mayuge,Africa/Kampala,UTC +3.0 ,0.400542797150421,33.7785899634056
Uganda,Uganda,UG,,,Bugiri,,Bukooli,,Bugiri Tc,,Bwole,Africa/Kampala,UTC +3.0 ,0.569421185014165,33.746954470724
Uganda,Uganda,UG,,,Bugiri,,Bukooli,,Bugiri Tc,,Naluwerere,Africa/Kampala,UTC +3.0 ,0.557921008603751,33.7648690459697
Uganda,Uganda,UG,,,Bugiri,,Bukooli,,Bugiri Tc,,Ndifakulya,Africa/Kampala,UTC +3.0 ,0.573883075025713,33.7418543945506
Uganda,Uganda,UG,,,Bugiri,,Bukooli,,Bugiri Tc,,Nkusi,Africa/Kampala,UTC +3.0 ,0.565952254559682,33.7546710018702
Uganda,Uganda,UG,,,Bugiri,,Bukooli,,Bulidha,,Bulidha,Africa/Kampala,UTC +3.0 ,0.430313307919144,33.7133798758882
Uganda,Uganda,UG,,,Bugiri,,Bukooli,,Bulidha,,Makoma,Africa/Kampala,UTC +3.0 ,0.392954150998454,33.7270431328415
Uganda,Uganda,UG,,,Bugiri,,Bukooli,,Bulidha,,Nabigingo,Africa/Kampala,UTC +3.0 ,0.471116632125072,33.7256455843643
Uganda,Uganda,UG,,,Bugiri,,Bukooli,,Bulidha,,Wakawaka,Africa/Kampala,UTC +3.0 ,0.343865453272621,33.7192964235961
Uganda,Uganda,UG,,,Bugiri,,Bukooli,,Buliisa,,Buluwe,Africa/Kampala,UTC +3.0 ,0.456699064268585,33.853378832648
Uganda,Uganda,UG,,,Bugiri,,Bukooli,,Buliisa,,Buwuni,Africa/Kampala,UTC +3.0 ,0.518062181446255,33.8672393873084
Uganda,Uganda,UG,,,Bugiri,,Bukooli,,Buliisa,,Igwe,Africa/Kampala,UTC +3.0 ,0.472168111173835,33.8097907269862
Uganda,Uganda,UG,,,Bugiri,,Bukooli,,Buliisa,,Kitodha,Africa/Kampala,UTC +3.0 ,0.443172712333444,33.8225702734979
Uganda,Uganda,UG,,,Bugiri,,Bukooli,,Buliisa,,Namasere,Africa/Kampala,UTC +3.0 ,0.497337806481601,33.8328287560244
Uganda,Uganda,UG,,,Bugiri,,Bukooli,,Buluguyi,,Bufunda,Africa/Kampala,UTC +3.0 ,0.604939389151952,33.8831756828906
Uganda,Uganda,UG,,,Bugiri,,Bukooli,,Buluguyi,,Bugayi,Africa/Kampala,UTC +3.0 ,0.575905827697702,33.9036532509545
Uganda,Uganda,UG,,,Bugiri,,Bukooli,,Buluguyi,,Buluguyi,Africa/Kampala,UTC +3.0 ,0.567888212657482,33.9506816633983
Uganda,Uganda,UG,,,Bugiri,,Bukooli,,Buluguyi,,Muwayo,Africa/Kampala,UTC +3.0 ,0.529444046114109,33.90581735558
Uganda,Uganda,UG,,,Bugiri,,Bukooli,,Buluguyi,,Nsango,Africa/Kampala,UTC +3.0 ,0.659392298052056,33.8677014029415
Uganda,Uganda,UG,,,Bugiri,,Bukooli,,Buswale,,Bubbango,Africa/Kampala,UTC +3.0 ,0.380281718180002,33.8760208279664
Uganda,Uganda,UG,,,Bugiri,,Bukooli,,Buswale,,Bungecha,Africa/Kampala,UTC +3.0 ,0.420693207202621,33.9143653008443
Uganda,Uganda,UG,,,Bugiri,,Bukooli,,Buswale,,Buswale,Africa/Kampala,UTC +3.0 ,0.380381476523291,33.9044053732593
Uganda,Uganda,UG,,,Bugiri,,Bukooli,,Buswale,,Madowa,Africa/Kampala,UTC +3.0 ,0.405492466809478,33.8544038483319
Uganda,Uganda,UG,,,Bugiri,,Bukooli,,Buswale,,Namayuge,Africa/Kampala,UTC +3.0 ,0.458213757196125,33.8905359469893
Uganda,Uganda,UG,,,Bugiri,,Bukooli,,Buswale,,Nansuma,Africa/Kampala,UTC +3.0 ,0.417373821354192,33.8788410882732
Uganda,Uganda,UG,,,Bugiri,,Bukooli,,Buwunga,,Bubugo,Africa/Kampala,UTC +3.0 ,0.569514286785876,33.7138045912521
Uganda,Uganda,UG,,,Bugiri,,Bukooli,,Buwunga,,Bupala,Africa/Kampala,UTC +3.0 ,0.538199397009475,33.6680396804711
Uganda,Uganda,UG,,,Bugiri,,Bukooli,,Buwunga,,Busoga,Africa/Kampala,UTC +3.0 ,0.499745845079134,33.654849059481
Uganda,Uganda,UG,,,Bugiri,,Bukooli,,Buwunga,,Busowa,Africa/Kampala,UTC +3.0 ,0.62208187007737,33.6875471478828
Uganda,Uganda,UG,,,Bugiri,,Bukooli,,Buwunga,,Kavule,Africa/Kampala,UTC +3.0 ,0.516580782289669,33.6330820474803
Uganda,Uganda,UG,,,Bugiri,,Bukooli,,Buwunga,,Luwoko,Africa/Kampala,UTC +3.0 ,0.530837757942836,33.6542061220388
Uganda,Uganda,UG,,,Bugiri,,Bukooli,,Buwunga,,Magoola,Africa/Kampala,UTC +3.0 ,0.541521101251351,33.7153615644548
Uganda,Uganda,UG,,,Bugiri,,Bukooli,,Buwunga,,Nambale,Africa/Kampala,UTC +3.0 ,0.577612551847221,33.676685795886
Uganda,Uganda,UG,,,Bugiri,,Bukooli,,Buwunga,,Nawandhuki,Africa/Kampala,UTC +3.0 ,0.595192480757343,33.7053211029771
Uganda,Uganda,UG,,,Bugiri,,Bukooli,,Buyinja,,Buhemba,Africa/Kampala,UTC +3.0 ,0.286543976580733,33.7586010144446
Uganda,Uganda,UG,,,Bugiri,,Bukooli,,Buyinja,,Buhemba,Africa/Kampala,UTC +3.0 ,0.307802282296814,33.7654162143188
Uganda,Uganda,UG,,,Bugiri,,Bukooli,,Buyinja,,Bukewa,Africa/Kampala,UTC +3.0 ,0.274765946944725,33.7032493528364
Uganda,Uganda,UG,,,Bugiri,,Bukooli,,Buyinja,,Bulamba,Africa/Kampala,UTC +3.0 ,0.358372019433392,33.8569937450796
Uganda,Uganda,UG,,,Bugiri,,Bukooli,,Buyinja,,Buwongo,Africa/Kampala,UTC +3.0 ,0.275998125632022,33.7286969425705
Uganda,Uganda,UG,,,Bugiri,,Bukooli,,Buyinja,,Buwongo,Africa/Kampala,UTC +3.0 ,0.302842684030856,33.7280483074649
Uganda,Uganda,UG,,,Bugiri,,Bukooli,,Buyinja,,Buwongo,Africa/Kampala,UTC +3.0 ,0.299781985358233,33.7186052172557
Uganda,Uganda,UG,,,Bugiri,,Bukooli,,Buyinja,,Buwongo,Africa/Kampala,UTC +3.0 ,0.305068962854163,33.7197343866699
Uganda,Uganda,UG,,,Bugiri,,Bukooli,,Buyinja,,Buwongo,Africa/Kampala,UTC +3.0 ,0.310583499270176,33.7222215537201
Uganda,Uganda,UG,,,Bugiri,,Bukooli,,Buyinja,,Dohwe,Africa/Kampala,UTC +3.0 ,0.300857097514083,33.7889807748331
Uganda,Uganda,UG,,,Bugiri,,Bukooli,,Buyinja,,Gondohera,Africa/Kampala,UTC +3.0 ,0.323443282560199,33.8563312135709
Uganda,Uganda,UG,,,Bugiri,,Bukooli,,Buyinja,,Kifuyo,Africa/Kampala,UTC +3.0 ,0.383634715125098,33.8366109734108
Uganda,Uganda,UG,,,Bugiri,,Bukooli,,Buyinja,,Lwangosia,Africa/Kampala,UTC +3.0 ,0.296990789641353,33.8747954109888
Uganda,Uganda,UG,,,Bugiri,,Bukooli,,Buyinja,,Namaingo,Africa/Kampala,UTC +3.0 ,0.351109116507901,33.8776022903818
Uganda,Uganda,UG,,,Bugiri,,Bukooli,,Buyinja,,Nsono,Africa/Kampala,UTC +3.0 ,0.357182387393562,33.8235283280672
Uganda,Uganda,UG,,,Bugiri,,Bukooli,,Buyinja,,Sinde,Africa/Kampala,UTC +3.0 ,0.302171561277311,33.8319882839869
Uganda,Uganda,UG,,,Bugiri,,Bukooli,,Buyinja,,Syanyonja,Africa/Kampala,UTC +3.0 ,0.32648180477475,33.8029817091778
Uganda,Uganda,UG,,,Bugiri,,Bukooli,,Iwemba,,Bugeso,Africa/Kampala,UTC +3.0 ,0.583811130386025,33.7998551952277
Uganda,Uganda,UG,,,Bugiri,,Bukooli,,Iwemba,,Buyala,Africa/Kampala,UTC +3.0 ,0.617172513511142,33.8391574132089
Uganda,Uganda,UG,,,Bugiri,,Bukooli,,Iwemba,,Iwemba,Africa/Kampala,UTC +3.0 ,0.60113373245633,33.816146548536
Uganda,Uganda,UG,,,Bugiri,,Bukooli,,Iwemba,,Nabirere,Africa/Kampala,UTC +3.0 ,0.646746819142935,33.8163274371814
Uganda,Uganda,UG,,,Bugiri,,Bukooli,,Iwemba,,Nambo,Africa/Kampala,UTC +3.0 ,0.612953549019811,33.7877452745236
Uganda,Uganda,UG,,,Bugiri,,Bukooli,,Kapyanga,,Bugiri A,Africa/Kampala,UTC +3.0 ,0.557574198512965,33.7693260884714
Uganda,Uganda,UG,,,Bugiri,,Bukooli,,Kapyanga,,Bugunga,Africa/Kampala,UTC +3.0 ,0.53863618348941,33.8297352433194
Uganda,Uganda,UG,,,Bugiri,,Bukooli,,Kapyanga,,Isagaza,Africa/Kampala,UTC +3.0 ,0.510421589090683,33.7888180796
Uganda,Uganda,UG,,,Bugiri,,Bukooli,,Kapyanga,,Kiseitaka,Africa/Kampala,UTC +3.0 ,0.62012202811312,33.7562575363439
Uganda,Uganda,UG,,,Bugiri,,Bukooli,,Kapyanga,,Nakavule,Africa/Kampala,UTC +3.0 ,0.521868029660727,33.7463350556755
Uganda,Uganda,UG,,,Bugiri,,Bukooli,,Kapyanga,,Namukonge,Africa/Kampala,UTC +3.0 ,0.565555368499325,33.8370461131148
Uganda,Uganda,UG,,,Bugiri,,Bukooli,,Kapyanga,,Ndifakulya,Africa/Kampala,UTC +3.0 ,0.591938806005193,33.7315581883199
Uganda,Uganda,UG,,,Bugiri,,Bukooli,,Muterere,,Bululu,Africa/Kampala,UTC +3.0 ,0.468436040093037,33.7707394764212
Uganda,Uganda,UG,,,Bugiri,,Bukooli,,Muterere,,Kayogera,Africa/Kampala,UTC +3.0 ,0.490761629084923,33.7503795835395
Uganda,Uganda,UG,,,Bugiri,,Bukooli,,Muterere,,Kitumba,Africa/Kampala,UTC +3.0 ,0.432741634426774,33.7466316983943
Uganda,Uganda,UG,,,Bugiri,,Bukooli,,Muterere,,Muterere,Africa/Kampala,UTC +3.0 ,0.437768601078487,33.7737693586448
Uganda,Uganda,UG,,,Bugiri,,Bukooli,,Mutumba,,Buchimo,Africa/Kampala,UTC +3.0 ,0.196666137345584,33.7127787317003
Uganda,Uganda,UG,,,Bugiri,,Bukooli,,Mutumba,,Buchimo,Africa/Kampala,UTC +3.0 ,0.229933720843647,33.7320789052082
Uganda,Uganda,UG,,,Bugiri,,Bukooli,,Mutumba,,Bulule,Africa/Kampala,UTC +3.0 ,0.268516857881051,33.8342143125751
Uganda,Uganda,UG,,,Bugiri,,Bukooli,,Mutumba,,Lubango,Africa/Kampala,UTC +3.0 ,0.175292840506584,33.7658038073657
Uganda,Uganda,UG,,,Bugiri,,Bukooli,,Mutumba,,Lubango,Africa/Kampala,UTC +3.0 ,0.20482235686405,33.7512505531805
Uganda,Uganda,UG,,,Bugiri,,Bukooli,,Mutumba,,Lubira,Africa/Kampala,UTC +3.0 ,0.240475458390784,33.8148212059101
Uganda,Uganda,UG,,,Bugiri,,Bukooli,,Mutumba,,Mutumba,Africa/Kampala,UTC +3.0 ,0.262165269989021,33.7902799583052
Uganda,Uganda,UG,,,Bugiri,,Bukooli,,Mutumba,,Mwema,Africa/Kampala,UTC +3.0 ,0.241936984388369,33.7629000658109
Uganda,Uganda,UG,,,Bugiri,,Bukooli,,Nabukalu,,Butyabule,Africa/Kampala,UTC +3.0 ,0.696231457359162,33.7608238036593
Uganda,Uganda,UG,,,Bugiri,,Bukooli,,Nabukalu,,Isegero,Africa/Kampala,UTC +3.0 ,0.636643610526461,33.7134179203758
Uganda,Uganda,UG,,,Bugiri,,Bukooli,,Nabukalu,,Kasita,Africa/Kampala,UTC +3.0 ,0.676258647345694,33.7296342569979
Uganda,Uganda,UG,,,Bugiri,,Bukooli,,Nabukalu,,Lwanika,Africa/Kampala,UTC +3.0 ,0.667658965472944,33.6861986274409
Uganda,Uganda,UG,,,Bugiri,,Bukooli,,Nabukalu,,Nakivamba,Africa/Kampala,UTC +3.0 ,0.67442313956357,33.7095080690725
Uganda,Uganda,UG,,,Bugiri,,Bukooli,,Nabukalu,,Nkaiza,Africa/Kampala,UTC +3.0 ,0.667223827522587,33.7909618769056
Uganda,Uganda,UG,,,Bugiri,,Bukooli,,Nabukalu,,Wangobo,Africa/Kampala,UTC +3.0 ,0.715817617429773,33.66869279978
Uganda,Uganda,UG,,,Bugiri,,Bukooli,,Nankoma,,Isegero,Africa/Kampala,UTC +3.0 ,0.474963263024205,33.6275828032495
Uganda,Uganda,UG,,,Bugiri,,Bukooli,,Nankoma,,Masita,Africa/Kampala,UTC +3.0 ,0.43260817324252,33.6619212107694
Uganda,Uganda,UG,,,Bugiri,,Bukooli,,Nankoma,,Matovu,Africa/Kampala,UTC +3.0 ,0.470012813900167,33.6559591875989
Uganda,Uganda,UG,,,Bugiri,,Bukooli,,Nankoma,,Namakoko,Africa/Kampala,UTC +3.0 ,0.482156945865283,33.6990993823848
Uganda,Uganda,UG,,,Bugiri,,Bukooli,,Nankoma,,Nankoma,Africa/Kampala,UTC +3.0 ,0.453359968086164,33.6842439800381
Uganda,Uganda,UG,,,Bugiri,,Bukooli,,Nankoma,,Nsono,Africa/Kampala,UTC +3.0 ,0.507338937935667,33.7080758759616
Uganda,Uganda,UG,,,Bugiri,,Bukooli,,Sigulu Islands,,Buduma,Africa/Kampala,UTC +3.0 ,0.158662839322962,33.8208360006703
Uganda,Uganda,UG,,,Bugiri,,Bukooli,,Sigulu Islands,,Bugana,Africa/Kampala,UTC +3.0 ,0.178681951900564,33.8358692084141
Uganda,Uganda,UG,,,Bugiri,,Bukooli,,Sigulu Islands,,Bugana,Africa/Kampala,UTC +3.0 ,0.19382115808519,33.8219119072672
Uganda,Uganda,UG,,,Bugiri,,Bukooli,,Sigulu Islands,,Bugana,Africa/Kampala,UTC +3.0 ,0.194038396282837,33.8345314507647
Uganda,Uganda,UG,,,Bugiri,,Bukooli,,Sigulu Islands,,Bugana,Africa/Kampala,UTC +3.0 ,0.191457143426074,33.8403660652201
Uganda,Uganda,UG,,,Bugiri,,Bukooli,,Sigulu Islands,,Bugana,Africa/Kampala,UTC +3.0 ,0.193801875005579,33.8449796791362
Uganda,Uganda,UG,,,Bugiri,,Bukooli,,Sigulu Islands,,Bugana,Africa/Kampala,UTC +3.0 ,0.199756082773345,33.8415547024244
Uganda,Uganda,UG,,,Bugiri,,Bukooli,,Sigulu Islands,,Bumalenge,Africa/Kampala,UTC +3.0 ,0.110471494071411,33.811438825619
Uganda,Uganda,UG,,,Bugiri,,Bukooli,,Sigulu Islands,,Bumalenge,Africa/Kampala,UTC +3.0 ,0.115118054346967,33.8297534820274
Uganda,Uganda,UG,,,Bugiri,,Bukooli,,Sigulu Islands,,Hama,Africa/Kampala,UTC +3.0 ,-0.212938774838579,33.9552353846353
Uganda,Uganda,UG,,,Bugiri,,Bukooli,,Sigulu Islands,,Hama,Africa/Kampala,UTC +3.0 ,-0.201487842256838,33.8737929831608
Uganda,Uganda,UG,,,Bugiri,,Bukooli,,Sigulu Islands,,Hama,Africa/Kampala,UTC +3.0 ,-0.166965828888862,33.9068860239629
Uganda,Uganda,UG,,,Bugiri,,Bukooli,,Sigulu Islands,,Lolwe East,Africa/Kampala,UTC +3.0 ,-0.125459504571965,33.7118815743814
Uganda,Uganda,UG,,,Bugiri,,Bukooli,,Sigulu Islands,,Lolwe West,Africa/Kampala,UTC +3.0 ,-0.13805337843484,33.6966525559681
Uganda,Uganda,UG,,,Bugiri,,Bukooli,,Sigulu Islands,,Lolwe West,Africa/Kampala,UTC +3.0 ,-0.121215296100976,33.6749991532805
Uganda,Uganda,UG,,,Bugiri,,Bukooli,,Sigulu Islands,,Mukani,Africa/Kampala,UTC +3.0 ,0.092131847677016,33.8452378711304
Uganda,Uganda,UG,,,Bugiri,,Bukooli,,Sigulu Islands,,Nampongwe,Africa/Kampala,UTC +3.0 ,0.108747278951283,33.7772614197314
Uganda,Uganda,UG,,,Bugiri,,Bukooli,,Sigulu Islands,,Rabachi,Africa/Kampala,UTC +3.0 ,0.088640116678867,33.8006485960847
Uganda,Uganda,UG,,,Bugiri,,Bukooli,,Sigulu Islands,,Sigulu Manga,Africa/Kampala,UTC +3.0 ,0.087552373455616,33.8737532917269
Uganda,Uganda,UG,,,Bugiri,,Bukooli,,Sigulu Islands,,Sigulu Manga,Africa/Kampala,UTC +3.0 ,0.097918296407288,33.8890662254868
Uganda,Uganda,UG,,,Bugiri,,Bukooli,,Sigulu Islands,,Sigulu Manga,Africa/Kampala,UTC +3.0 ,0.098377357250252,33.8783985757921
Uganda,Uganda,UG,,,Bundibugyo,,Bwamba,,Bubandi,,Bundikahungu,Africa/Kampala,UTC +3.0 ,0.669885941029903,29.9828201654107
Uganda,Uganda,UG,,,Bundibugyo,,Bwamba,,Bubandi,,Bundikuyali,Africa/Kampala,UTC +3.0 ,0.692337135145441,29.9893925580316
Uganda,Uganda,UG,,,Bundibugyo,,Bwamba,,Bubandi,,Bundingoma,Africa/Kampala,UTC +3.0 ,0.678943716681984,29.9691797047208
Uganda,Uganda,UG,,,Bundibugyo,,Bwamba,,Bubandi,,Busunga,Africa/Kampala,UTC +3.0 ,0.634080547509689,29.9680619619739
Uganda,Uganda,UG,,,Bundibugyo,,Bwamba,,Bubandi,,Lamia,Africa/Kampala,UTC +3.0 ,0.654038588038596,29.9633148350355
Uganda,Uganda,UG,,,Bundibugyo,,Bwamba,,Bubandi,,Njule,Africa/Kampala,UTC +3.0 ,0.647870798750473,29.9867413107506
Uganda,Uganda,UG,,,Bundibugyo,,Bwamba,,Bubukwanga,,Bubukwanga,Africa/Kampala,UTC +3.0 ,0.774675007300148,30.0613187614683
Uganda,Uganda,UG,,,Bundibugyo,,Bwamba,,Bubukwanga,,Bundikeki,Africa/Kampala,UTC +3.0 ,0.737346573317664,30.0836326163904
Uganda,Uganda,UG,,,Bundibugyo,,Bwamba,,Bubukwanga,,Bundimulangya,Africa/Kampala,UTC +3.0 ,0.7393374582669,30.1007824238173
Uganda,Uganda,UG,,,Bundibugyo,,Bwamba,,Bubukwanga,,Bundinyama,Africa/Kampala,UTC +3.0 ,0.74727067110052,30.0306252974819
Uganda,Uganda,UG,,,Bundibugyo,,Bwamba,,Bubukwanga,,Humya,Africa/Kampala,UTC +3.0 ,0.74867969642316,30.0597376441109
Uganda,Uganda,UG,,,Bundibugyo,,Bwamba,,Bubukwanga,,Mataisa,Africa/Kampala,UTC +3.0 ,0.736068360031765,30.0487293703543
Uganda,Uganda,UG,,,Bundibugyo,,Bwamba,,Bundibugyo Tc,,Bimara,Africa/Kampala,UTC +3.0 ,0.709067451440883,30.073469193194
Uganda,Uganda,UG,,,Bundibugyo,,Bwamba,,Bundibugyo Tc,,Bumaddu,Africa/Kampala,UTC +3.0 ,0.721793682536312,30.0697444951103
Uganda,Uganda,UG,,,Bundibugyo,,Bwamba,,Bundibugyo Tc,,Bumate,Africa/Kampala,UTC +3.0 ,0.695498018541188,30.0703764114201
Uganda,Uganda,UG,,,Bundibugyo,,Bwamba,,Bundibugyo Tc,,Bundibugyo Central,Africa/Kampala,UTC +3.0 ,0.712144203078508,30.0643269605191
Uganda,Uganda,UG,,,Bundibugyo,,Bwamba,,Bundibugyo Tc,,Hamutiti,Africa/Kampala,UTC +3.0 ,0.704445604908364,30.06135088982
Uganda,Uganda,UG,,,Bundibugyo,,Bwamba,,Bundibugyo Tc,,Kanyansimbi,Africa/Kampala,UTC +3.0 ,0.717535528171933,30.0579839958436
Uganda,Uganda,UG,,,Bundibugyo,,Bwamba,,Busaru,,Bugombwa,Africa/Kampala,UTC +3.0 ,0.70444040376845,30.0453094661599
Uganda,Uganda,UG,,,Bundibugyo,,Bwamba,,Busaru,,Busaru,Africa/Kampala,UTC +3.0 ,0.676043779092605,30.0238173214585
Uganda,Uganda,UG,,,Bundibugyo,,Bwamba,,Busaru,,Busoru,Africa/Kampala,UTC +3.0 ,0.722399219168645,29.9795340801433
Uganda,Uganda,UG,,,Bundibugyo,,Bwamba,,Busaru,,Hakitara,Africa/Kampala,UTC +3.0 ,0.723767346389539,30.0112809685036
Uganda,Uganda,UG,,,Bundibugyo,,Bwamba,,Busaru,,Kaghema,Africa/Kampala,UTC +3.0 ,0.706207212832768,30.0014840973296
Uganda,Uganda,UG,,,Bundibugyo,,Bwamba,,Busaru,,Kirindi,Africa/Kampala,UTC +3.0 ,0.686775290974604,30.0417575079603
Uganda,Uganda,UG,,,Bundibugyo,,Bwamba,,Busaru,,Mirambi,Africa/Kampala,UTC +3.0 ,0.650661622372173,30.0126114568905
Uganda,Uganda,UG,,,Bundibugyo,,Bwamba,,Busaru,,Semuliki Np,Africa/Kampala,UTC +3.0 ,0.80091118867737,30.0091878291001
Uganda,Uganda,UG,,,Bundibugyo,,Bwamba,,Harugali,,Bukangama,Africa/Kampala,UTC +3.0 ,0.704448927773716,30.1162004681996
Uganda,Uganda,UG,,,Bundibugyo,,Bwamba,,Harugali,,Bupomboli,Africa/Kampala,UTC +3.0 ,0.673633821027537,30.0955206009469
Uganda,Uganda,UG,,,Bundibugyo,,Bwamba,,Harugali,,Kasulenge,Africa/Kampala,UTC +3.0 ,0.636398902374287,30.0682863295732
Uganda,Uganda,UG,,,Bundibugyo,,Bwamba,,Harugali,,Rwenzori Fr,Africa/Kampala,UTC +3.0 ,0.639020254437896,30.1126471832268
Uganda,Uganda,UG,,,Bundibugyo,,Bwamba,,Kasitu,,Bugando,Africa/Kampala,UTC +3.0 ,0.782098112822488,30.0897684531803
Uganda,Uganda,UG,,,Bundibugyo,,Bwamba,,Kasitu,,Burondo,Africa/Kampala,UTC +3.0 ,0.84050326521659,30.1628282480899
Uganda,Uganda,UG,,,Bundibugyo,,Bwamba,,Kasitu,,Kasitu,Africa/Kampala,UTC +3.0 ,0.800612558578422,30.1717825779879
Uganda,Uganda,UG,,,Bundibugyo,,Bwamba,,Kasitu,,Kikyo,Africa/Kampala,UTC +3.0 ,0.740257466560423,30.1426285543174
Uganda,Uganda,UG,,,Bundibugyo,,Bwamba,,Kasitu,,Ngamba,Africa/Kampala,UTC +3.0 ,0.759882494379871,30.1090942557255
Uganda,Uganda,UG,,,Bundibugyo,,Bwamba,,Kasitu,,Ntotoro,Africa/Kampala,UTC +3.0 ,0.787496065198927,30.1178741546577
Uganda,Uganda,UG,,,Bundibugyo,,Bwamba,,Kasitu,,Semuliki Np,Africa/Kampala,UTC +3.0 ,0.847509186947223,30.1018169379643
Uganda,Uganda,UG,,,Bundibugyo,,Bwamba,,Nduguto,,Bunyangule,Africa/Kampala,UTC +3.0 ,0.611696911742833,29.9786367761112
Uganda,Uganda,UG,,,Bundibugyo,,Bwamba,,Nduguto,,Butama,Africa/Kampala,UTC +3.0 ,0.602071173059294,30.0293353881468
Uganda,Uganda,UG,,,Bundibugyo,,Bwamba,,Nduguto,,Kakuka,Africa/Kampala,UTC +3.0 ,0.567140312710521,30.0031048390098
Uganda,Uganda,UG,,,Bundibugyo,,Bwamba,,Nduguto,,Mutunda,Africa/Kampala,UTC +3.0 ,0.626601631539938,29.9929620311239
Uganda,Uganda,UG,,,Bundibugyo,,Bwamba,,Nduguto,,Rwenzori Fr,Africa/Kampala,UTC +3.0 ,0.493754796378302,29.9958188087457
Uganda,Uganda,UG,,,Bundibugyo,,Ntoroko,,Kanara,,Rwangara,Africa/Kampala,UTC +3.0 ,1.04843946816711,30.4956536292384
Uganda,Uganda,UG,,,Bundibugyo,,Ntoroko,,Kanara,,Rwangara,Africa/Kampala,UTC +3.0 ,1.05399413828103,30.5016080362755
Uganda,Uganda,UG,,,Bundibugyo,,Ntoroko,,Kanara,,Rwangara,Africa/Kampala,UTC +3.0 ,1.11045105155934,30.463023004659
Uganda,Uganda,UG,,,Bundibugyo,,Ntoroko,,Kanara,,Rwangara,Africa/Kampala,UTC +3.0 ,1.19245329475154,30.461243893105
Uganda,Uganda,UG,,,Bundibugyo,,Ntoroko,,Karugutu,,Itojo,Africa/Kampala,UTC +3.0 ,0.833679948444329,30.2218523791495
Uganda,Uganda,UG,,,Bundibugyo,,Ntoroko,,Karugutu,,Karugutu,Africa/Kampala,UTC +3.0 ,0.792840864322977,30.2229038737374
Uganda,Uganda,UG,,,Bundibugyo,,Ntoroko,,Karugutu,,Kyabandara,Africa/Kampala,UTC +3.0 ,0.771293977325027,30.2470463917458
Uganda,Uganda,UG,,,Bundibugyo,,Ntoroko,,Karugutu,,Musandama,Africa/Kampala,UTC +3.0 ,0.75069273805881,30.1882900723805
Uganda,Uganda,UG,,,Bundibugyo,,Ntoroko,,Rwebisengo,,Butungama,Africa/Kampala,UTC +3.0 ,1.14023254370467,30.3679846950979
Uganda,Uganda,UG,,,Bundibugyo,,Ntoroko,,Rwebisengo,,Bweramule,Africa/Kampala,UTC +3.0 ,0.943618118056763,30.2380732873781
Uganda,Uganda,UG,,,Bundibugyo,,Ntoroko,,Rwebisengo,,Rwebisengo,Africa/Kampala,UTC +3.0 ,1.05802011554757,30.2991571045873
Uganda,Uganda,UG,,,Bundibugyo,,Ntoroko,,Rwebisengo,,Semuliki Np,Africa/Kampala,UTC +3.0 ,0.958040178998635,30.3899954516176
Uganda,Uganda,UG,,,Bundibugyo,,Ntoroko,,Rwebisengo,,Semuliki Np,Africa/Kampala,UTC +3.0 ,1.03499465810712,30.5478497047315
Uganda,Uganda,UG,,,Bushenyi,,Buhweju,,Bihanga,,Kajumbura,Africa/Kampala,UTC +3.0 ,-0.307023926156073,30.2985232401929
Uganda,Uganda,UG,,,Bushenyi,,Buhweju,,Bihanga,,Karembe,Africa/Kampala,UTC +3.0 ,-0.264928346498064,30.3808918292912
Uganda,Uganda,UG,,,Bushenyi,,Buhweju,,Bihanga,,Kasyoha-Kitomi Fr,Africa/Kampala,UTC +3.0 ,-0.21645098075318,30.3308137303244
Uganda,Uganda,UG,,,Bushenyi,,Buhweju,,Bihanga,,Katongo,Africa/Kampala,UTC +3.0 ,-0.322248968732319,30.3369343951899
Uganda,Uganda,UG,,,Bushenyi,,Buhweju,,Bihanga,,Nyakaziba,Africa/Kampala,UTC +3.0 ,-0.280441417449843,30.3325287038947
Uganda,Uganda,UG,,,Bushenyi,,Buhweju,,Bihanga,,Rukiri,Africa/Kampala,UTC +3.0 ,-0.254737412373642,30.3517508929371
Uganda,Uganda,UG,,,Bushenyi,,Buhweju,,Burere,,Katinda,Africa/Kampala,UTC +3.0 ,-0.427243876976171,30.3686677656082
Uganda,Uganda,UG,,,Bushenyi,,Buhweju,,Burere,,Kiramira,Africa/Kampala,UTC +3.0 ,-0.391191358776559,30.3370938531429
Uganda,Uganda,UG,,,Bushenyi,,Buhweju,,Burere,,Nyakitoko,Africa/Kampala,UTC +3.0 ,-0.432315346902456,30.3284889235907
Uganda,Uganda,UG,,,Bushenyi,,Buhweju,,Burere,,Rubengye,Africa/Kampala,UTC +3.0 ,-0.354059064934635,30.29015724868
Uganda,Uganda,UG,,,Bushenyi,,Buhweju,,Burere,,Rushayo,Africa/Kampala,UTC +3.0 ,-0.379361326589701,30.3794293949687
Uganda,Uganda,UG,,,Bushenyi,,Buhweju,,Burere,,Rwajere,Africa/Kampala,UTC +3.0 ,-0.39858973706786,30.2733291559163
Uganda,Uganda,UG,,,Bushenyi,,Buhweju,,Burere,,Rwanyamabare,Africa/Kampala,UTC +3.0 ,-0.338900640508245,30.3653502234466
Uganda,Uganda,UG,,,Bushenyi,,Buhweju,,Karungu,,Bitsya,Africa/Kampala,UTC +3.0 ,-0.300440692119822,30.439386260635
Uganda,Uganda,UG,,,Bushenyi,,Buhweju,,Karungu,,Kasharara,Africa/Kampala,UTC +3.0 ,-0.350077932375158,30.455596780873
Uganda,Uganda,UG,,,Bushenyi,,Buhweju,,Karungu,,Katara,Africa/Kampala,UTC +3.0 ,-0.395805647669289,30.4744138996606
Uganda,Uganda,UG,,,Bushenyi,,Buhweju,,Karungu,,Kitega,Africa/Kampala,UTC +3.0 ,-0.303872399498643,30.4871864466624
Uganda,Uganda,UG,,,Bushenyi,,Buhweju,,Karungu,,Mushasha,Africa/Kampala,UTC +3.0 ,-0.277776919243678,30.4697802489672
Uganda,Uganda,UG,,,Bushenyi,,Buhweju,,Karungu,,Rugongo,Africa/Kampala,UTC +3.0 ,-0.355718950818746,30.489692936719
Uganda,Uganda,UG,,,Bushenyi,,Buhweju,,Rwengwe,,Bwoga,Africa/Kampala,UTC +3.0 ,-0.418827429243814,30.4019837884102
Uganda,Uganda,UG,,,Bushenyi,,Buhweju,,Rwengwe,,Kashenyi,Africa/Kampala,UTC +3.0 ,-0.317802908468485,30.3956278776043
Uganda,Uganda,UG,,,Bushenyi,,Buhweju,,Rwengwe,,Kibimba,Africa/Kampala,UTC +3.0 ,-0.310756473359684,30.4154400183458
Uganda,Uganda,UG,,,Bushenyi,,Buhweju,,Rwengwe,,Kyeyare,Africa/Kampala,UTC +3.0 ,-0.399687505650259,30.4249333142794
Uganda,Uganda,UG,,,Bushenyi,,Buhweju,,Rwengwe,,Rwengwe,Africa/Kampala,UTC +3.0 ,-0.367343237816681,30.4288627202743
Uganda,Uganda,UG,,,Bushenyi,,Bunyaruguru,,Burere,,Kasyoha Kitomi Fr,Africa/Kampala,UTC +3.0 ,-0.302935667694237,30.2190886809007
Uganda,Uganda,UG,,,Bushenyi,,Bunyaruguru,,Katerera,,Kakaari,Africa/Kampala,UTC +3.0 ,-0.189873448173917,30.2380149153345
Uganda,Uganda,UG,,,Bushenyi,,Bunyaruguru,,Katerera,,Katanda,Africa/Kampala,UTC +3.0 ,-0.226457796231741,30.172722535873
Uganda,Uganda,UG,,,Bushenyi,,Bunyaruguru,,Katerera,,Katerera,Africa/Kampala,UTC +3.0 ,-0.181598866143769,30.1611727007685
Uganda,Uganda,UG,,,Bushenyi,,Bunyaruguru,,Katerera,,Kyabakara,Africa/Kampala,UTC +3.0 ,-0.172971436090478,30.245817238554
Uganda,Uganda,UG,,,Bushenyi,,Bunyaruguru,,Katerera,,Mugyera,Africa/Kampala,UTC +3.0 ,-0.217163211466422,30.1486621548177
Uganda,Uganda,UG,,,Bushenyi,,Bunyaruguru,,Katerera,,Munyonyi,Africa/Kampala,UTC +3.0 ,-0.227186854761999,30.2121183856971
Uganda,Uganda,UG,,,Bushenyi,,Bunyaruguru,,Katerera,,Mwongyera,Africa/Kampala,UTC +3.0 ,-0.195259780423048,30.1967744782373
Uganda,Uganda,UG,,,Bushenyi,,Bunyaruguru,,Katunguru,,Kashaka,Africa/Kampala,UTC +3.0 ,-0.074908296656315,30.1791689819792
Uganda,Uganda,UG,,,Bushenyi,,Bunyaruguru,,Katunguru,,Katunguru,Africa/Kampala,UTC +3.0 ,-0.130921469603661,30.0506770892679
Uganda,Uganda,UG,,,Bushenyi,,Bunyaruguru,,Katunguru,,Kazinga,Africa/Kampala,UTC +3.0 ,-0.220022991527556,29.7831392991717
Uganda,Uganda,UG,,,Bushenyi,,Bunyaruguru,,Katunguru,,Kishenyi,Africa/Kampala,UTC +3.0 ,-0.321806810808948,29.7446274275038
Uganda,Uganda,UG,,,Bushenyi,,Bunyaruguru,,Katunguru,,Kyambura Gr,Africa/Kampala,UTC +3.0 ,-0.146314457282428,30.1146488582824
Uganda,Uganda,UG,,,Bushenyi,,Bunyaruguru,,Katunguru,,Queen Elizabeth Np,Africa/Kampala,UTC +3.0 ,-0.204227658055034,29.9527188321665
Uganda,Uganda,UG,,,Bushenyi,,Bunyaruguru,,Kichwamba,,Kichwamba,Africa/Kampala,UTC +3.0 ,-0.225660242384468,30.1071917524994
Uganda,Uganda,UG,,,Bushenyi,,Bunyaruguru,,Kichwamba,,Kirugu,Africa/Kampala,UTC +3.0 ,-0.192367351766313,30.1227036716039
Uganda,Uganda,UG,,,Bushenyi,,Bunyaruguru,,Kichwamba,,Queen Elizabeth Np,Africa/Kampala,UTC +3.0 ,-0.298887383950371,29.9362751279612
Uganda,Uganda,UG,,,Bushenyi,,Bunyaruguru,,Kichwamba,,Rumuli,Africa/Kampala,UTC +3.0 ,-0.260949104543276,30.0738792130197
Uganda,Uganda,UG,,,Bushenyi,,Bunyaruguru,,Ryeru,,Bugaya,Africa/Kampala,UTC +3.0 ,-0.247181926597847,30.1167183144297
Uganda,Uganda,UG,,,Bushenyi,,Bunyaruguru,,Ryeru,,Butoha,Africa/Kampala,UTC +3.0 ,-0.262050846031382,30.1512215185479
Uganda,Uganda,UG,,,Bushenyi,,Bunyaruguru,,Ryeru,,Buzenga,Africa/Kampala,UTC +3.0 ,-0.287477295465904,30.1456118891882
Uganda,Uganda,UG,,,Bushenyi,,Bunyaruguru,,Ryeru,,Magambo,Africa/Kampala,UTC +3.0 ,-0.2624694227269,30.1165837015381
Uganda,Uganda,UG,,,Bushenyi,,Bunyaruguru,,Ryeru,,Mushumba,Africa/Kampala,UTC +3.0 ,-0.296914802693995,30.0870711104412
Uganda,Uganda,UG,,,Bushenyi,,Bunyaruguru,,Ryeru,,Mushumba-Maramagambo Fr,Africa/Kampala,UTC +3.0 ,-0.306161757739551,30.0595773749199
Uganda,Uganda,UG,,,Bushenyi,,Bunyaruguru,,Ryeru,,Ndangaro,Africa/Kampala,UTC +3.0 ,-0.343452989727161,30.1149045827031
Uganda,Uganda,UG,,,Bushenyi,,Bunyaruguru,,Ryeru,,Ndekye,Africa/Kampala,UTC +3.0 ,-0.2913361927765,30.1141045926635
Uganda,Uganda,UG,,,Bushenyi,,Bunyaruguru,,Ryeru,,Nyabubare,Africa/Kampala,UTC +3.0 ,-0.314232456703937,30.102960707561
Uganda,Uganda,UG,,,Bushenyi,,Bunyaruguru,,Ryeru,,Nyakiyanja,Africa/Kampala,UTC +3.0 ,-0.285220699436934,30.0778251369188
Uganda,Uganda,UG,,,Bushenyi,,Bunyaruguru,,Ryeru,,Nyakiyanja-Maramagambo Fr,Africa/Kampala,UTC +3.0 ,-0.296813788244298,30.0534544136897
Uganda,Uganda,UG,,,Bushenyi,,Bunyaruguru,,Ryeru,,Rugazi,Africa/Kampala,UTC +3.0 ,-0.263624425083446,30.1023245269006
Uganda,Uganda,UG,,,Bushenyi,,Igara,,Bumbaire,,Bumbaire,Africa/Kampala,UTC +3.0 ,-0.583434806216712,30.1914368512356
Uganda,Uganda,UG,,,Bushenyi,,Igara,,Bumbaire,,Kainamo,Africa/Kampala,UTC +3.0 ,-0.638033792173624,30.1521139756213
Uganda,Uganda,UG,,,Bushenyi,,Igara,,Bumbaire,,Kibaare,Africa/Kampala,UTC +3.0 ,-0.569524241700292,30.2134638458638
Uganda,Uganda,UG,,,Bushenyi,,Igara,,Bumbaire,,Kiyaga,Africa/Kampala,UTC +3.0 ,-0.607436388386775,30.1718370202953
Uganda,Uganda,UG,,,Bushenyi,,Igara,,Bumbaire,,Numba,Africa/Kampala,UTC +3.0 ,-0.613266007553829,30.2021406990895
Uganda,Uganda,UG,,,Bushenyi,,Igara,,Bumbaire,,Ruharo,Africa/Kampala,UTC +3.0 ,-0.567317406051244,30.1577428820296
Uganda,Uganda,UG,,,Bushenyi,,Igara,,Bumbaire,,Ryeishe,Africa/Kampala,UTC +3.0 ,-0.603701408993308,30.1409526084921
Uganda,Uganda,UG,,,Bushenyi,,Igara,,Bushenyi-Ishaka Tc,,Ward I,Africa/Kampala,UTC +3.0 ,-0.541942544251462,30.2043940846628
Uganda,Uganda,UG,,,Bushenyi,,Igara,,Bushenyi-Ishaka Tc,,Ward Ii,Africa/Kampala,UTC +3.0 ,-0.542603741351082,30.1711431806003
Uganda,Uganda,UG,,,Bushenyi,,Igara,,Bushenyi-Ishaka Tc,,Ward Iii,Africa/Kampala,UTC +3.0 ,-0.550368339112217,30.1405696300678
Uganda,Uganda,UG,,,Bushenyi,,Igara,,Bushenyi-Ishaka Tc,,Ward Iv,Africa/Kampala,UTC +3.0 ,-0.53821725745412,30.135803380322
Uganda,Uganda,UG,,,Bushenyi,,Igara,,Kakanju,,Kabaare,Africa/Kampala,UTC +3.0 ,-0.506606149332166,30.1542780808712
Uganda,Uganda,UG,,,Bushenyi,,Igara,,Kakanju,,Kakanju,Africa/Kampala,UTC +3.0 ,-0.488822846224316,30.2064458271955
Uganda,Uganda,UG,,,Bushenyi,,Igara,,Kakanju,,Katunga,Africa/Kampala,UTC +3.0 ,-0.467892664320228,30.1815680901828
Uganda,Uganda,UG,,,Bushenyi,,Igara,,Kakanju,,Kitojo,Africa/Kampala,UTC +3.0 ,-0.439632120641221,30.203574371373
Uganda,Uganda,UG,,,Bushenyi,,Igara,,Kakanju,,Mazinga,Africa/Kampala,UTC +3.0 ,-0.517122524442477,30.1945990458894
Uganda,Uganda,UG,,,Bushenyi,,Igara,,Kakanju,,Rushinya,Africa/Kampala,UTC +3.0 ,-0.487504290151595,30.1636495985025
Uganda,Uganda,UG,,,Bushenyi,,Igara,,Kyabugimbi,,Bijengye,Africa/Kampala,UTC +3.0 ,-0.516936330473406,30.2853971844017
Uganda,Uganda,UG,,,Bushenyi,,Igara,,Kyabugimbi,,Bugaara,Africa/Kampala,UTC +3.0 ,-0.47105113039672,30.2491734221465
Uganda,Uganda,UG,,,Bushenyi,,Igara,,Kyabugimbi,,Buhumuro,Africa/Kampala,UTC +3.0 ,-0.432511531783004,30.2302723198789
Uganda,Uganda,UG,,,Bushenyi,,Igara,,Kyabugimbi,,Kajunju,Africa/Kampala,UTC +3.0 ,-0.46595456168863,30.2912454209188
Uganda,Uganda,UG,,,Bushenyi,,Igara,,Kyabugimbi,,Katikamwe,Africa/Kampala,UTC +3.0 ,-0.506242071189668,30.2549050485321
Uganda,Uganda,UG,,,Bushenyi,,Igara,,Kyabugimbi,,Kyeigombe,Africa/Kampala,UTC +3.0 ,-0.500266760100244,30.2949868704212
Uganda,Uganda,UG,,,Bushenyi,,Igara,,Kyabugimbi,,Nyeibingo,Africa/Kampala,UTC +3.0 ,-0.441464297336696,30.2740871259311
Uganda,Uganda,UG,,,Bushenyi,,Igara,,Kyabugimbi,,Rwenjeru,Africa/Kampala,UTC +3.0 ,-0.518185295534098,30.2320216612402
Uganda,Uganda,UG,,,Bushenyi,,Igara,,Kyamuhunga,,Bitooma,Africa/Kampala,UTC +3.0 ,-0.411635605105752,30.183342504132
Uganda,Uganda,UG,,,Bushenyi,,Igara,,Kyamuhunga,,Kabingo,Africa/Kampala,UTC +3.0 ,-0.477451299136388,30.109810133849
Uganda,Uganda,UG,,,Bushenyi,,Igara,,Kyamuhunga,,Kalinzu Fr,Africa/Kampala,UTC +3.0 ,-0.401078746843443,30.0167036570523
Uganda,Uganda,UG,,,Bushenyi,,Igara,,Kyamuhunga,,Kyamuhunga,Africa/Kampala,UTC +3.0 ,-0.449377866866654,30.1200624199795
Uganda,Uganda,UG,,,Bushenyi,,Igara,,Kyamuhunga,,Mashonga,Africa/Kampala,UTC +3.0 ,-0.398366839843144,30.1262292599256
Uganda,Uganda,UG,,,Bushenyi,,Igara,,Kyamuhunga,,Nshumi,Africa/Kampala,UTC +3.0 ,-0.498248540346971,30.1212410145411
Uganda,Uganda,UG,,,Bushenyi,,Igara,,Kyamuhunga,,Nyanga,Africa/Kampala,UTC +3.0 ,-0.442111928471148,30.1531612603234
Uganda,Uganda,UG,,,Bushenyi,,Igara,,Kyamuhunga,,Swazi,Africa/Kampala,UTC +3.0 ,-0.449720982697017,30.092149574822
Uganda,Uganda,UG,,,Bushenyi,,Igara,,Kyeizoba,,Buyanja,Africa/Kampala,UTC +3.0 ,-0.604742929080941,30.2334997073627
Uganda,Uganda,UG,,,Bushenyi,,Igara,,Kyeizoba,,Bwera,Africa/Kampala,UTC +3.0 ,-0.560109972815538,30.2355219791612
Uganda,Uganda,UG,,,Bushenyi,,Igara,,Kyeizoba,,Karaaro,Africa/Kampala,UTC +3.0 ,-0.583966944642115,30.2775859926258
Uganda,Uganda,UG,,,Bushenyi,,Igara,,Kyeizoba,,Kitagata,Africa/Kampala,UTC +3.0 ,-0.605157585619536,30.261455099661
Uganda,Uganda,UG,,,Bushenyi,,Igara,,Kyeizoba,,Kitwe,Africa/Kampala,UTC +3.0 ,-0.544225823355546,30.2665773976018
Uganda,Uganda,UG,,,Bushenyi,,Igara,,Kyeizoba,,Nyamiyaga,Africa/Kampala,UTC +3.0 ,-0.559349374760686,30.2548273972204
Uganda,Uganda,UG,,,Bushenyi,,Igara,,Kyeizoba,,Rutooma,Africa/Kampala,UTC +3.0 ,-0.55035031402488,30.2945448706445
Uganda,Uganda,UG,,,Bushenyi,,Igara,,Nyabubare,,Kahungye,Africa/Kampala,UTC +3.0 ,-0.543212553662673,30.0557848129062
Uganda,Uganda,UG,,,Bushenyi,,Igara,,Nyabubare,,Kashenyi,Africa/Kampala,UTC +3.0 ,-0.571255315162746,30.1304511549434
Uganda,Uganda,UG,,,Bushenyi,,Igara,,Nyabubare,,Kigoma,Africa/Kampala,UTC +3.0 ,-0.516849483294316,30.1149907275419
Uganda,Uganda,UG,,,Bushenyi,,Igara,,Nyabubare,,Kizinda,Africa/Kampala,UTC +3.0 ,-0.5515415269383,30.1150873792474
Uganda,Uganda,UG,,,Bushenyi,,Igara,,Nyabubare,,Nkanga,Africa/Kampala,UTC +3.0 ,-0.575834925009004,30.0958544044546
Uganda,Uganda,UG,,,Bushenyi,,Igara,,Nyabubare,,Nyabubaare,Africa/Kampala,UTC +3.0 ,-0.533857432062715,30.0855282410243
Uganda,Uganda,UG,,,Bushenyi,,Igara,,Nyabubare,,Nyarugoote,Africa/Kampala,UTC +3.0 ,-0.501060465311235,30.050640394942
Uganda,Uganda,UG,,,Bushenyi,,Ruhinda,,Bitereko,,Karimbiro,Africa/Kampala,UTC +3.0 ,-0.526943478724247,29.9857195731046
Uganda,Uganda,UG,,,Bushenyi,,Ruhinda,,Bitereko,,Kigarama,Africa/Kampala,UTC +3.0 ,-0.561498657033374,29.9681283867799
Uganda,Uganda,UG,,,Bushenyi,,Ruhinda,,Bitereko,,Nyakashojwa,Africa/Kampala,UTC +3.0 ,-0.507461432008675,30.0212272137596
Uganda,Uganda,UG,,,Bushenyi,,Ruhinda,,Bitereko,,Rusheregyenyi,Africa/Kampala,UTC +3.0 ,-0.554194730569262,30.0041706958233
Uganda,Uganda,UG,,,Bushenyi,,Ruhinda,,Kabira,,Buharambo,Africa/Kampala,UTC +3.0 ,-0.719061547779162,30.0555821076977
Uganda,Uganda,UG,,,Bushenyi,,Ruhinda,,Kabira,,Mayanga,Africa/Kampala,UTC +3.0 ,-0.750145794666017,30.0484697551262
Uganda,Uganda,UG,,,Bushenyi,,Ruhinda,,Kabira,,Nyabubaare,Africa/Kampala,UTC +3.0 ,-0.692129670118813,30.0382023761803
Uganda,Uganda,UG,,,Bushenyi,,Ruhinda,,Kabira,,Nyakateete,Africa/Kampala,UTC +3.0 ,-0.670957902216496,30.0399787516286
Uganda,Uganda,UG,,,Bushenyi,,Ruhinda,,Kabira,,Rurehe,Africa/Kampala,UTC +3.0 ,-0.681964680558263,30.0077678031894
Uganda,Uganda,UG,,,Bushenyi,,Ruhinda,,Kabira,,Rwanja,Africa/Kampala,UTC +3.0 ,-0.7184174123426,30.012031890105
Uganda,Uganda,UG,,,Bushenyi,,Ruhinda,,Kabira,,Ryengyerero,Africa/Kampala,UTC +3.0 ,-0.673488057588188,29.9784471166563
Uganda,Uganda,UG,,,Bushenyi,,Ruhinda,,Kanyabwanga,,Kanyabwanga,Africa/Kampala,UTC +3.0 ,-0.60478052723445,29.9067571445065
Uganda,Uganda,UG,,,Bushenyi,,Ruhinda,,Kanyabwanga,,Kashongorero,Africa/Kampala,UTC +3.0 ,-0.579753729914426,29.9292727644435
Uganda,Uganda,UG,,,Bushenyi,,Ruhinda,,Kanyabwanga,,Kati,Africa/Kampala,UTC +3.0 ,-0.624823127698499,29.9324070479363
Uganda,Uganda,UG,,,Bushenyi,,Ruhinda,,Kanyabwanga,,Rucence,Africa/Kampala,UTC +3.0 ,-0.599151323818373,29.9574431547838
Uganda,Uganda,UG,,,Bushenyi,,Ruhinda,,Kashenshero,,Bukari,Africa/Kampala,UTC +3.0 ,-0.636416570826582,29.9710162056205
Uganda,Uganda,UG,,,Bushenyi,,Ruhinda,,Kashenshero,,Bukuba,Africa/Kampala,UTC +3.0 ,-0.601260643327306,29.9782465819109
Uganda,Uganda,UG,,,Bushenyi,,Ruhinda,,Kashenshero,,Kirera,Africa/Kampala,UTC +3.0 ,-0.650615325590268,29.9966907804117
Uganda,Uganda,UG,,,Bushenyi,,Ruhinda,,Kashenshero,,Kyanzeire,Africa/Kampala,UTC +3.0 ,-0.603186208226639,29.9954444685839
Uganda,Uganda,UG,,,Bushenyi,,Ruhinda,,Kashenshero,,Nyakatooma,Africa/Kampala,UTC +3.0 ,-0.635047321725835,30.0095572176903
Uganda,Uganda,UG,,,Bushenyi,,Ruhinda,,Kiyanga,,Iraramira,Africa/Kampala,UTC +3.0 ,-0.547230237791033,29.9378596935859
Uganda,Uganda,UG,,,Bushenyi,,Ruhinda,,Kiyanga,,Kiyanga,Africa/Kampala,UTC +3.0 ,-0.510355681574853,29.9555394259851
Uganda,Uganda,UG,,,Bushenyi,,Ruhinda,,Kiyanga,,Rwoburunga,Africa/Kampala,UTC +3.0 ,-0.46967278717581,29.9976715066491
Uganda,Uganda,UG,,,Bushenyi,,Ruhinda,,Mitooma,,Bitooma,Africa/Kampala,UTC +3.0 ,-0.618979807778105,30.0925860484783
Uganda,Uganda,UG,,,Bushenyi,,Ruhinda,,Mitooma,,Ijumo,Africa/Kampala,UTC +3.0 ,-0.646680635107142,30.0375703910451
Uganda,Uganda,UG,,,Bushenyi,,Ruhinda,,Mitooma,,Kirembe,Africa/Kampala,UTC +3.0 ,-0.59016999834881,30.0715465730049
Uganda,Uganda,UG,,,Bushenyi,,Ruhinda,,Mitooma,,Mushunga,Africa/Kampala,UTC +3.0 ,-0.606769331014243,30.0240372764232
Uganda,Uganda,UG,,,Bushenyi,,Ruhinda,,Mitooma,,Nyakishojwa,Africa/Kampala,UTC +3.0 ,-0.568499205805642,30.0313674246563
Uganda,Uganda,UG,,,Bushenyi,,Ruhinda,,Mitooma,,Rukararwe,Africa/Kampala,UTC +3.0 ,-0.63363632448489,30.1080649015256
Uganda,Uganda,UG,,,Bushenyi,,Ruhinda,,Mitooma,,Rushoroza,Africa/Kampala,UTC +3.0 ,-0.60731613110473,30.0524366881125
Uganda,Uganda,UG,,,Bushenyi,,Ruhinda,,Mutara,,Bikungu,Africa/Kampala,UTC +3.0 ,-0.700112292650821,30.0943481811399
Uganda,Uganda,UG,,,Bushenyi,,Ruhinda,,Mutara,,Bukongoro,Africa/Kampala,UTC +3.0 ,-0.664279332658778,30.0979862100896
Uganda,Uganda,UG,,,Bushenyi,,Ruhinda,,Mutara,,Kyeibare,Africa/Kampala,UTC +3.0 ,-0.680230850716675,30.0696181173519
Uganda,Uganda,UG,,,Bushenyi,,Ruhinda,,Mutara,,Nyakizinga,Africa/Kampala,UTC +3.0 ,-0.737555062813985,30.1183785047828
Uganda,Uganda,UG,,,Bushenyi,,Ruhinda,,Mutara,,Ryakitanga,Africa/Kampala,UTC +3.0 ,-0.717250455005037,30.1056343428807
Uganda,Uganda,UG,,,Bushenyi,,Sheema,,Bugongi,,Isingiro,Africa/Kampala,UTC +3.0 ,-0.658126552218781,30.2504221876698
Uganda,Uganda,UG,,,Bushenyi,,Sheema,,Bugongi,,Karera,Africa/Kampala,UTC +3.0 ,-0.62096831765065,30.3092234967662
Uganda,Uganda,UG,,,Bushenyi,,Sheema,,Bugongi,,Kyamurari,Africa/Kampala,UTC +3.0 ,-0.637009461889105,30.2724184772789
Uganda,Uganda,UG,,,Bushenyi,,Sheema,,Bugongi,,Rugarama,Africa/Kampala,UTC +3.0 ,-0.70277171055651,30.2519605666211
Uganda,Uganda,UG,,,Bushenyi,,Sheema,,Kabwohe-Itender,,Itendero,Africa/Kampala,UTC +3.0 ,-0.570581280360401,30.4274672992942
Uganda,Uganda,UG,,,Bushenyi,,Sheema,,Kabwohe-Itender,,Kabwohe,Africa/Kampala,UTC +3.0 ,-0.567851949498911,30.3734524912578
Uganda,Uganda,UG,,,Bushenyi,,Sheema,,Kabwohe-Itender,,Kanyinasheema,Africa/Kampala,UTC +3.0 ,-0.586199620987133,30.4170590264952
Uganda,Uganda,UG,,,Bushenyi,,Sheema,,Kabwohe-Itender,,Nyanga,Africa/Kampala,UTC +3.0 ,-0.584298943942766,30.3735441020751
Uganda,Uganda,UG,,,Bushenyi,,Sheema,,Kagango,,Kihunda,Africa/Kampala,UTC +3.0 ,-0.644840069518453,30.394511936231
Uganda,Uganda,UG,,,Bushenyi,,Sheema,,Kagango,,Kiziba,Africa/Kampala,UTC +3.0 ,-0.613252529603375,30.4167566948791
Uganda,Uganda,UG,,,Bushenyi,,Sheema,,Kagango,,Kyabandara,Africa/Kampala,UTC +3.0 ,-0.612647238715558,30.3545158437722
Uganda,Uganda,UG,,,Bushenyi,,Sheema,,Kagango,,Kyagaju,Africa/Kampala,UTC +3.0 ,-0.553177886182736,30.3871580696901
Uganda,Uganda,UG,,,Bushenyi,,Sheema,,Kagango,,Migina,Africa/Kampala,UTC +3.0 ,-0.549230749150242,30.428830346168
Uganda,Uganda,UG,,,Bushenyi,,Sheema,,Kagango,,Nyakashambya,Africa/Kampala,UTC +3.0 ,-0.598728083807525,30.370132070627
Uganda,Uganda,UG,,,Bushenyi,,Sheema,,Kagango,,Nyarweshama,Africa/Kampala,UTC +3.0 ,-0.570490385991004,30.325895857436
Uganda,Uganda,UG,,,Bushenyi,,Sheema,,Kagango,,Rwamujojo,Africa/Kampala,UTC +3.0 ,-0.586848443255351,30.3329775445205
Uganda,Uganda,UG,,,Bushenyi,,Sheema,,Kigarama,,Bwayegamba,Africa/Kampala,UTC +3.0 ,-0.524413965375423,30.4285818665273
Uganda,Uganda,UG,,,Bushenyi,,Sheema,,Kigarama,,Katooma,Africa/Kampala,UTC +3.0 ,-0.494888617957307,30.4347663124183
Uganda,Uganda,UG,,,Bushenyi,,Sheema,,Kigarama,,Kigarama,Africa/Kampala,UTC +3.0 ,-0.490791669445917,30.3912812500261
Uganda,Uganda,UG,,,Bushenyi,,Sheema,,Kigarama,,Kyabuharambo,Africa/Kampala,UTC +3.0 ,-0.435720952531068,30.4259377931879
Uganda,Uganda,UG,,,Bushenyi,,Sheema,,Kigarama,,Mabare,Africa/Kampala,UTC +3.0 ,-0.461870868582503,30.4486071393082
Uganda,Uganda,UG,,,Bushenyi,,Sheema,,Kigarama,,Masheruka,Africa/Kampala,UTC +3.0 ,-0.450683526004454,30.3928265267675
Uganda,Uganda,UG,,,Bushenyi,,Sheema,,Kigarama,,Runyinya,Africa/Kampala,UTC +3.0 ,-0.523528821479286,30.393413044998
Uganda,Uganda,UG,,,Bushenyi,,Sheema,,Kitagata,,Buraro,Africa/Kampala,UTC +3.0 ,-0.73374212873176,30.200448249967
Uganda,Uganda,UG,,,Bushenyi,,Sheema,,Kitagata,,Kasaana East,Africa/Kampala,UTC +3.0 ,-0.693957125222974,30.2237628269414
Uganda,Uganda,UG,,,Bushenyi,,Sheema,,Kitagata,,Kasaana West,Africa/Kampala,UTC +3.0 ,-0.688552156495605,30.1944087351381
Uganda,Uganda,UG,,,Bushenyi,,Sheema,,Kitagata,,Kashekuro,Africa/Kampala,UTC +3.0 ,-0.643090573284836,30.2205538614065
Uganda,Uganda,UG,,,Bushenyi,,Sheema,,Kitagata,,Kyarushakara,Africa/Kampala,UTC +3.0 ,-0.662692411170471,30.1285495598874
Uganda,Uganda,UG,,,Bushenyi,,Sheema,,Kitagata,,Kyeibanga,Africa/Kampala,UTC +3.0 ,-0.649218418227593,30.1885825037929
Uganda,Uganda,UG,,,Bushenyi,,Sheema,,Kitagata,,Muhito,Africa/Kampala,UTC +3.0 ,-0.684989088735458,30.145310129479
Uganda,Uganda,UG,,,Bushenyi,,Sheema,,Kitagata,,Rukondo,Africa/Kampala,UTC +3.0 ,-0.700558189611752,30.1752110365832
Uganda,Uganda,UG,,,Bushenyi,,Sheema,,Kyangyenyi,,Kitojo,Africa/Kampala,UTC +3.0 ,-0.535268821632245,30.3218094442144
Uganda,Uganda,UG,,,Bushenyi,,Sheema,,Kyangyenyi,,Kyangundu,Africa/Kampala,UTC +3.0 ,-0.493438740090528,30.3338925995165
Uganda,Uganda,UG,,,Bushenyi,,Sheema,,Kyangyenyi,,Masyoro,Africa/Kampala,UTC +3.0 ,-0.469123010131665,30.3677934652449
Uganda,Uganda,UG,,,Bushenyi,,Sheema,,Kyangyenyi,,Muzira,Africa/Kampala,UTC +3.0 ,-0.464256167158218,30.3252464683889
Uganda,Uganda,UG,,,Bushenyi,,Sheema,,Kyangyenyi,,Rushozi,Africa/Kampala,UTC +3.0 ,-0.54284233862124,30.3564121706227
Uganda,Uganda,UG,,,Bushenyi,,Sheema,,Kyangyenyi,,Rweibare,Africa/Kampala,UTC +3.0 ,-0.511419148731862,30.3553046346343
Uganda,Uganda,UG,,,Bushenyi,,Sheema,,Shuuku,,Kashozi,Africa/Kampala,UTC +3.0 ,-0.655731156463384,30.3577321139296
Uganda,Uganda,UG,,,Bushenyi,,Sheema,,Shuuku,,Kishabya,Africa/Kampala,UTC +3.0 ,-0.677464374122433,30.3119977752896
Uganda,Uganda,UG,,,Bushenyi,,Sheema,,Shuuku,,Kyempitsi,Africa/Kampala,UTC +3.0 ,-0.692821723588591,30.3498738409573
Uganda,Uganda,UG,,,Bushenyi,,Sheema,,Shuuku,,Nyakarama,Africa/Kampala,UTC +3.0 ,-0.712090871393773,30.2813313231244
Uganda,Uganda,UG,,,Busia,,Samia-Bugwe,,Buhehe,,Buhasaba,Africa/Kampala,UTC +3.0 ,0.363465845687512,34.0285570039847
Uganda,Uganda,UG,,,Busia,,Samia-Bugwe,,Buhehe,,Buhehe,Africa/Kampala,UTC +3.0 ,0.332512398932802,34.0394323704459
Uganda,Uganda,UG,,,Busia,,Samia-Bugwe,,Buhehe,,Bulwenge,Africa/Kampala,UTC +3.0 ,0.352864009683928,34.0737719895063
Uganda,Uganda,UG,,,Busia,,Samia-Bugwe,,Bulumbi,,Bubango,Africa/Kampala,UTC +3.0 ,0.522871949429847,33.9715939863238
Uganda,Uganda,UG,,,Busia,,Samia-Bugwe,,Bulumbi,,Buhobe,Africa/Kampala,UTC +3.0 ,0.492427308424257,33.9931337239448
Uganda,Uganda,UG,,,Busia,,Samia-Bugwe,,Bulumbi,,Buhubalo,Africa/Kampala,UTC +3.0 ,0.49940338066928,33.9294431478634
Uganda,Uganda,UG,,,Busia,,Samia-Bugwe,,Bulumbi,,Buhumi,Africa/Kampala,UTC +3.0 ,0.50543466201561,34.0168664813564
Uganda,Uganda,UG,,,Busia,,Samia-Bugwe,,Bulumbi,,Bulumbi,Africa/Kampala,UTC +3.0 ,0.490164440941525,34.0277676214477
Uganda,Uganda,UG,,,Busia,,Samia-Bugwe,,Bulumbi,,Busibembe,Africa/Kampala,UTC +3.0 ,0.48599058050324,33.9554169780697
Uganda,Uganda,UG,,,Busia,,Samia-Bugwe,,Bulumbi,,Buwembe,Africa/Kampala,UTC +3.0 ,0.466069945310759,33.9775290334594
Uganda,Uganda,UG,,,Busia,,Samia-Bugwe,,Bulumbi,,Nuyonda,Africa/Kampala,UTC +3.0 ,0.4596778543146,33.9305094573629
Uganda,Uganda,UG,,,Busia,,Samia-Bugwe,,Busia Tc,,Central,Africa/Kampala,UTC +3.0 ,0.462683233871759,34.08913822317
Uganda,Uganda,UG,,,Busia,,Samia-Bugwe,,Busia Tc,,North,Africa/Kampala,UTC +3.0 ,0.477721707340746,34.0882841135352
Uganda,Uganda,UG,,,Busia,,Samia-Bugwe,,Busia Tc,,North East,Africa/Kampala,UTC +3.0 ,0.471748773687019,34.0987468410067
Uganda,Uganda,UG,,,Busia,,Samia-Bugwe,,Busia Tc,,South East,Africa/Kampala,UTC +3.0 ,0.466452017341754,34.0940255495054
Uganda,Uganda,UG,,,Busia,,Samia-Bugwe,,Busia Tc,,South West,Africa/Kampala,UTC +3.0 ,0.465417053564534,34.0819656123758
Uganda,Uganda,UG,,,Busia,,Samia-Bugwe,,Busitema,,Ajukete,Africa/Kampala,UTC +3.0 ,0.543176408539563,34.0800577580887
Uganda,Uganda,UG,,,Busia,,Samia-Bugwe,,Busitema,,Buchicha,Africa/Kampala,UTC +3.0 ,0.49032336657304,34.0804167649847
Uganda,Uganda,UG,,,Busia,,Samia-Bugwe,,Busitema,,Busitema,Africa/Kampala,UTC +3.0 ,0.541335713092723,34.0355167607076
Uganda,Uganda,UG,,,Busia,,Samia-Bugwe,,Busitema,,Chawo,Africa/Kampala,UTC +3.0 ,0.579533048109422,34.0369107033698
Uganda,Uganda,UG,,,Busia,,Samia-Bugwe,,Busitema,,Habuleke,Africa/Kampala,UTC +3.0 ,0.551714488161295,33.9933511282478
Uganda,Uganda,UG,,,Busia,,Samia-Bugwe,,Busitema,,Sikuda,Africa/Kampala,UTC +3.0 ,0.504953600329298,34.0513056829542
Uganda,Uganda,UG,,,Busia,,Samia-Bugwe,,Busitema,,Syanyonja,Africa/Kampala,UTC +3.0 ,0.558003229063834,34.0439782068089
Uganda,Uganda,UG,,,Busia,,Samia-Bugwe,,Busitema,,Tiira,Africa/Kampala,UTC +3.0 ,0.513826357820355,34.0706704719418
Uganda,Uganda,UG,,,Busia,,Samia-Bugwe,,Buteba,,Abochet,Africa/Kampala,UTC +3.0 ,0.516659806172451,34.0961558886282
Uganda,Uganda,UG,,,Busia,,Samia-Bugwe,,Buteba,,Amonikakinei,Africa/Kampala,UTC +3.0 ,0.572818986162487,34.0763171352931
Uganda,Uganda,UG,,,Busia,,Samia-Bugwe,,Buteba,,Buteba,Africa/Kampala,UTC +3.0 ,0.561322567561423,34.1119787439937
Uganda,Uganda,UG,,,Busia,,Samia-Bugwe,,Buteba,,Mawero,Africa/Kampala,UTC +3.0 ,0.496255207801333,34.1093914633053
Uganda,Uganda,UG,,,Busia,,Samia-Bugwe,,Dabani,,Busia,Africa/Kampala,UTC +3.0 ,0.472277448270747,34.0584660006677
Uganda,Uganda,UG,,,Busia,,Samia-Bugwe,,Dabani,,Buwumba,Africa/Kampala,UTC +3.0 ,0.458453782176535,34.0278244777385
Uganda,Uganda,UG,,,Busia,,Samia-Bugwe,,Dabani,,Buyengo,Africa/Kampala,UTC +3.0 ,0.415185424807275,34.0871118409473
Uganda,Uganda,UG,,,Busia,,Samia-Bugwe,,Dabani,,Dabani,Africa/Kampala,UTC +3.0 ,0.443204932209456,34.0522123308251
Uganda,Uganda,UG,,,Busia,,Samia-Bugwe,,Dabani,,Nangwe,Africa/Kampala,UTC +3.0 ,0.441466382787696,34.0771115054385
Uganda,Uganda,UG,,,Busia,,Samia-Bugwe,,Lumino,,Dadira,Africa/Kampala,UTC +3.0 ,0.280071596666185,34.0135893641048
Uganda,Uganda,UG,,,Busia,,Samia-Bugwe,,Lumino,,Hasyule,Africa/Kampala,UTC +3.0 ,0.310774678839067,34.0239064239899
Uganda,Uganda,UG,,,Busia,,Samia-Bugwe,,Lumino,,Jinja,Africa/Kampala,UTC +3.0 ,0.329483034367923,33.976843576393
Uganda,Uganda,UG,,,Busia,,Samia-Bugwe,,Lumino,,Lumino,Africa/Kampala,UTC +3.0 ,0.320323133690297,34.0005099196046
Uganda,Uganda,UG,,,Busia,,Samia-Bugwe,,Lumino,,Majanji,Africa/Kampala,UTC +3.0 ,0.259403768313329,33.99380853441
Uganda,Uganda,UG,,,Busia,,Samia-Bugwe,,Lumino,,Nagabita,Africa/Kampala,UTC +3.0 ,0.299443314816971,33.9796940277463
Uganda,Uganda,UG,,,Busia,,Samia-Bugwe,,Lunyo,,Busiabala,Africa/Kampala,UTC +3.0 ,0.348875134888478,33.920541940055
Uganda,Uganda,UG,,,Busia,,Samia-Bugwe,,Lunyo,,Busime,Africa/Kampala,UTC +3.0 ,0.262697606226395,33.9555941483557
Uganda,Uganda,UG,,,Busia,,Samia-Bugwe,,Lunyo,,Bwahiha,Africa/Kampala,UTC +3.0 ,0.245147647639971,33.9390308137293
Uganda,Uganda,UG,,,Busia,,Samia-Bugwe,,Lunyo,,Lunyo,Africa/Kampala,UTC +3.0 ,0.316328152279269,33.9058741652264
Uganda,Uganda,UG,,,Busia,,Samia-Bugwe,,Lunyo,,Mundindi,Africa/Kampala,UTC +3.0 ,0.285409257623979,33.9253660353525
Uganda,Uganda,UG,,,Busia,,Samia-Bugwe,,Lunyo,,Nalwire,Africa/Kampala,UTC +3.0 ,0.328388261763519,33.9403663207182
Uganda,Uganda,UG,,,Busia,,Samia-Bugwe,,Lunyo,,Nekuku,Africa/Kampala,UTC +3.0 ,0.355988607439822,33.9046439005352
Uganda,Uganda,UG,,,Busia,,Samia-Bugwe,,Lunyo,,Rukaka,Africa/Kampala,UTC +3.0 ,0.294948742186919,33.9573520266091
Uganda,Uganda,UG,,,Busia,,Samia-Bugwe,,Masaba,,Butangasi,Africa/Kampala,UTC +3.0 ,0.371923305264024,33.9961819204113
Uganda,Uganda,UG,,,Busia,,Samia-Bugwe,,Masaba,,Masaba,Africa/Kampala,UTC +3.0 ,0.360566869116696,33.9587639142157
Uganda,Uganda,UG,,,Busia,,Samia-Bugwe,,Masaba,,Mbehenyi,Africa/Kampala,UTC +3.0 ,0.401797695934206,33.956699847606
Uganda,Uganda,UG,,,Busia,,Samia-Bugwe,,Masafu,,Buhatuba,Africa/Kampala,UTC +3.0 ,0.419558113229892,33.9870856461387
Uganda,Uganda,UG,,,Busia,,Samia-Bugwe,,Masafu,,Bumunji,Africa/Kampala,UTC +3.0 ,0.380645750160375,34.0919379315923
Uganda,Uganda,UG,,,Busia,,Samia-Bugwe,,Masafu,,Busikho,Africa/Kampala,UTC +3.0 ,0.407204691722925,34.0401285226441
Uganda,Uganda,UG,,,Busia,,Samia-Bugwe,,Masafu,,Butote,Africa/Kampala,UTC +3.0 ,0.384686171004795,34.0491230149506
Uganda,Uganda,UG,,,Busia,,Samia-Bugwe,,Masafu,,Kubo,Africa/Kampala,UTC +3.0 ,0.438760570809503,33.9560820034344
Uganda,Uganda,UG,,,Busia,,Samia-Bugwe,,Masafu,,Masafu,Africa/Kampala,UTC +3.0 ,0.408695010507633,34.0166113002358
Uganda,Uganda,UG,,,Busia,,Samia-Bugwe,,Masafu,,Masinya,Africa/Kampala,UTC +3.0 ,0.403551009296771,34.0677715249864
Uganda,Uganda,UG,,,Busia,,Samia-Bugwe,,Masafu,,Mawanga,Africa/Kampala,UTC +3.0 ,0.440921719183713,34.0077466377449
Uganda,Uganda,UG,,,Gulu,,Aswa,,Awach,,Gwendiya,Africa/Kampala,UTC +3.0 ,2.9392314782136,32.3461697335062
Uganda,Uganda,UG,,,Gulu,,Aswa,,Awach,,Paduny,Africa/Kampala,UTC +3.0 ,2.95329119979929,32.4062637708722
Uganda,Uganda,UG,,,Gulu,,Aswa,,Awach,,Paibona,Africa/Kampala,UTC +3.0 ,3.02372589099827,32.4831438415139
Uganda,Uganda,UG,,,Gulu,,Aswa,,Awach,,Pukony,Africa/Kampala,UTC +3.0 ,2.95833777634401,32.4532630533117
Uganda,Uganda,UG,,,Gulu,,Aswa,,Bungatira,,Agonga,Africa/Kampala,UTC +3.0 ,2.84539547202609,32.2862523970237
Uganda,Uganda,UG,,,Gulu,,Aswa,,Bungatira,,Atiaba,Africa/Kampala,UTC +3.0 ,2.90008755373208,32.2551459030272
Uganda,Uganda,UG,,,Gulu,,Aswa,,Bungatira,,Laliya,Africa/Kampala,UTC +3.0 ,2.81700189940193,32.298732111691
Uganda,Uganda,UG,,,Gulu,,Aswa,,Bungatira,,Laro,Africa/Kampala,UTC +3.0 ,2.79040421475067,32.3352192244942
Uganda,Uganda,UG,,,Gulu,,Aswa,,Bungatira,,Oitino,Africa/Kampala,UTC +3.0 ,2.80342582409712,32.2443180679484
Uganda,Uganda,UG,,,Gulu,,Aswa,,Bungatira,,Pabwo,Africa/Kampala,UTC +3.0 ,2.863474778838,32.2256467351117
Uganda,Uganda,UG,,,Gulu,,Aswa,,Bungatira,,Punena,Africa/Kampala,UTC +3.0 ,2.91073270259525,32.2960966055832
Uganda,Uganda,UG,,,Gulu,,Aswa,,Paicho,,Angaya,Africa/Kampala,UTC +3.0 ,2.84089489743806,32.3822426459606
Uganda,Uganda,UG,,,Gulu,,Aswa,,Paicho,,Kal-Ali,Africa/Kampala,UTC +3.0 ,2.88342363223175,32.5209085281006
Uganda,Uganda,UG,,,Gulu,,Aswa,,Paicho,,Kal-Umu,Africa/Kampala,UTC +3.0 ,2.85758669561126,32.4420393385232
Uganda,Uganda,UG,,,Gulu,,Aswa,,Paicho,,Omel,Africa/Kampala,UTC +3.0 ,2.85038581257252,32.5927867046933
Uganda,Uganda,UG,,,Gulu,,Aswa,,Paicho,,Pagik,Africa/Kampala,UTC +3.0 ,2.95687010889437,32.5185612533684
Uganda,Uganda,UG,,,Gulu,,Aswa,,Paicho,,Pakwelo,Africa/Kampala,UTC +3.0 ,2.84971722681009,32.3259216906031
Uganda,Uganda,UG,,,Gulu,,Aswa,,Paicho,,Unyama,Africa/Kampala,UTC +3.0 ,2.80174710853029,32.3557057362221
Uganda,Uganda,UG,,,Gulu,,Aswa,,Palaro,,Labworomor,Africa/Kampala,UTC +3.0 ,3.13724934761172,32.4088514424133
Uganda,Uganda,UG,,,Gulu,,Aswa,,Palaro,,Mede,Africa/Kampala,UTC +3.0 ,3.20195484931801,32.3705992180633
Uganda,Uganda,UG,,,Gulu,,Aswa,,Palaro,,Owalo,Africa/Kampala,UTC +3.0 ,3.06181036799312,32.4093156219372
Uganda,Uganda,UG,,,Gulu,,Aswa,,Patiko,,Kal,Africa/Kampala,UTC +3.0 ,3.00507205979387,32.3203061320084
Uganda,Uganda,UG,,,Gulu,,Aswa,,Patiko,,Pawel,Africa/Kampala,UTC +3.0 ,3.05724986955745,32.2758100567618
Uganda,Uganda,UG,,,Gulu,,Aswa,,Patiko,,Pugwinyi,Africa/Kampala,UTC +3.0 ,2.96144524868705,32.229000748244
Uganda,Uganda,UG,,,Gulu,,Gulu,,Bar-Dege,,Bar-Dege Ward,Africa/Kampala,UTC +3.0 ,2.79669449469423,32.2673801216587
Uganda,Uganda,UG,,,Gulu,,Gulu,,Bar-Dege,,For God Ward,Africa/Kampala,UTC +3.0 ,2.77743683307813,32.254261120377
Uganda,Uganda,UG,,,Gulu,,Gulu,,Bar-Dege,,Kanyagoga Ward,Africa/Kampala,UTC +3.0 ,2.77679464749083,32.2812446348249
Uganda,Uganda,UG,,,Gulu,,Gulu,,Bar-Dege,,Kasubi Ward,Africa/Kampala,UTC +3.0 ,2.79301802476016,32.2873310569542
Uganda,Uganda,UG,,,Gulu,,Gulu,,Laroo,,Agwee Ward,Africa/Kampala,UTC +3.0 ,2.79100369787998,32.3100687873181
Uganda,Uganda,UG,,,Gulu,,Gulu,,Laroo,,Iriaga Ward,Africa/Kampala,UTC +3.0 ,2.79463837216304,32.2998084485422
Uganda,Uganda,UG,,,Gulu,,Gulu,,Laroo,,Pece Prisons Ward,Africa/Kampala,UTC +3.0 ,2.7822681579899,32.3168604373522
Uganda,Uganda,UG,,,Gulu,,Gulu,,Laroo,,Queen'S Avenue Ward,Africa/Kampala,UTC +3.0 ,2.77699666759034,32.3000441422398
Uganda,Uganda,UG,,,Gulu,,Gulu,,Layibi,,Kirombe Ward,Africa/Kampala,UTC +3.0 ,2.76444498166505,32.2873480407991
Uganda,Uganda,UG,,,Gulu,,Gulu,,Layibi,,Library Ward,Africa/Kampala,UTC +3.0 ,2.76747023872655,32.2947027563077
Uganda,Uganda,UG,,,Gulu,,Gulu,,Layibi,,Patuda Ward,Africa/Kampala,UTC +3.0 ,2.76493341286718,32.260067607631
Uganda,Uganda,UG,,,Gulu,,Gulu,,Layibi,,Techo Ward,Africa/Kampala,UTC +3.0 ,2.75113525489409,32.2904515472248
Uganda,Uganda,UG,,,Gulu,,Gulu,,Pece,,Labour Line Ward,Africa/Kampala,UTC +3.0 ,2.77195018028919,32.2996954665958
Uganda,Uganda,UG,,,Gulu,,Gulu,,Pece,,Pawel,Africa/Kampala,UTC +3.0 ,2.76622193334305,32.3245128931286
Uganda,Uganda,UG,,,Gulu,,Gulu,,Pece,,Tegwana Ward,Africa/Kampala,UTC +3.0 ,2.75442270737284,32.312662749159
Uganda,Uganda,UG,,,Gulu,,Gulu,,Pece,,Vanguard Ward,Africa/Kampala,UTC +3.0 ,2.7685096683219,32.3098892817698
Uganda,Uganda,UG,,,Gulu,,Kilak,,Amuru,,Acwa Lolim Gr,Africa/Kampala,UTC +3.0 ,2.86172596433224,31.5853414651983
Uganda,Uganda,UG,,,Gulu,,Kilak,,Amuru,,Acwera,Africa/Kampala,UTC +3.0 ,2.93704158664335,31.9462986373198
Uganda,Uganda,UG,,,Gulu,,Kilak,,Amuru,,Okungedi,Africa/Kampala,UTC +3.0 ,2.88767057135003,31.9428563427835
Uganda,Uganda,UG,,,Gulu,,Kilak,,Amuru,,Pagak,Africa/Kampala,UTC +3.0 ,2.82147067478786,31.8668225178064
Uganda,Uganda,UG,,,Gulu,,Kilak,,Amuru,,Pailyec,Africa/Kampala,UTC +3.0 ,2.88309914979842,31.8649691679765
Uganda,Uganda,UG,,,Gulu,,Kilak,,Amuru,,Pamuca,Africa/Kampala,UTC +3.0 ,2.81536192748802,32.0214568607675
Uganda,Uganda,UG,,,Gulu,,Kilak,,Amuru,,Toro,Africa/Kampala,UTC +3.0 ,2.84070298686127,31.9444270381258
Uganda,Uganda,UG,,,Gulu,,Kilak,,Atiak,,Bibia,Africa/Kampala,UTC +3.0 ,3.47359498795242,32.0909773418875
Uganda,Uganda,UG,,,Gulu,,Kilak,,Atiak,,Kal,Africa/Kampala,UTC +3.0 ,3.27143908760983,32.0984999361666
Uganda,Uganda,UG,,,Gulu,,Kilak,,Atiak,,Okidi,Africa/Kampala,UTC +3.0 ,3.32762038835189,32.2344304146312
Uganda,Uganda,UG,,,Gulu,,Kilak,,Atiak,,Pacilo,Africa/Kampala,UTC +3.0 ,3.36231946127228,32.0886941500982
Uganda,Uganda,UG,,,Gulu,,Kilak,,Atiak,,Palukere,Africa/Kampala,UTC +3.0 ,3.19596120189851,32.1528915437522
Uganda,Uganda,UG,,,Gulu,,Kilak,,Atiak,,Parwacha,Africa/Kampala,UTC +3.0 ,3.32011749507001,32.145382019548
Uganda,Uganda,UG,,,Gulu,,Kilak,,Atiak,,Pawel,Africa/Kampala,UTC +3.0 ,3.10982409359191,32.1889986553815
Uganda,Uganda,UG,,,Gulu,,Kilak,,Atiak,,Pupwonya,Africa/Kampala,UTC +3.0 ,3.23922167054291,32.1402915088945
Uganda,Uganda,UG,,,Gulu,,Kilak,,Lamogi,,Agwar-Yugi,Africa/Kampala,UTC +3.0 ,2.91061680472613,32.1734367529201
Uganda,Uganda,UG,,,Gulu,,Kilak,,Lamogi,,Coke,Africa/Kampala,UTC +3.0 ,2.90330425534286,32.1256132165065
Uganda,Uganda,UG,,,Gulu,,Kilak,,Lamogi,,Giragira,Africa/Kampala,UTC +3.0 ,2.86441949675753,32.0470768674036
Uganda,Uganda,UG,,,Gulu,,Kilak,,Lamogi,,Guruguru,Africa/Kampala,UTC +3.0 ,2.92069691385746,32.0538659829914
Uganda,Uganda,UG,,,Gulu,,Kilak,,Lamogi,,Lacor,Africa/Kampala,UTC +3.0 ,2.78699393663804,32.2098551885609
Uganda,Uganda,UG,,,Gulu,,Kilak,,Lamogi,,Oboo,Africa/Kampala,UTC +3.0 ,2.85889876227264,32.1310325495642
Uganda,Uganda,UG,,,Gulu,,Kilak,,Lamogi,,Pagoro,Africa/Kampala,UTC +3.0 ,2.81462818031164,32.0934343529106
Uganda,Uganda,UG,,,Gulu,,Kilak,,Lamogi,,Palema,Africa/Kampala,UTC +3.0 ,2.81810669325652,32.176107439675
Uganda,Uganda,UG,,,Gulu,,Kilak,,Pabbo,,Gaya,Africa/Kampala,UTC +3.0 ,3.00677827845605,32.182461498402
Uganda,Uganda,UG,,,Gulu,,Kilak,,Pabbo,,Kal,Africa/Kampala,UTC +3.0 ,3.04601114754753,32.0890210731245
Uganda,Uganda,UG,,,Gulu,,Kilak,,Pabbo,,Labala,Africa/Kampala,UTC +3.0 ,3.02348000104928,31.9922206811119
Uganda,Uganda,UG,,,Gulu,,Kilak,,Pabbo,,Palwong,Africa/Kampala,UTC +3.0 ,2.9620123697477,32.1096338806833
Uganda,Uganda,UG,,,Gulu,,Kilak,,Pabbo,,Parubanga,Africa/Kampala,UTC +3.0 ,3.08861624350732,32.1156347181484
Uganda,Uganda,UG,,,Gulu,,Kilak,,Pabbo,,Pogo,Africa/Kampala,UTC +3.0 ,3.18645127603106,32.0297424134217
Uganda,Uganda,UG,,,Gulu,,Nwoya,,Alero,,Alero Gr,Africa/Kampala,UTC +3.0 ,2.71086156168314,31.6207337175656
Uganda,Uganda,UG,,,Gulu,,Nwoya,,Alero,,Alero Kal,Africa/Kampala,UTC +3.0 ,2.73345590027046,31.996991635416
Uganda,Uganda,UG,,,Gulu,,Nwoya,,Alero,,Bwobonam,Africa/Kampala,UTC +3.0 ,2.70335907451167,31.915563691009
Uganda,Uganda,UG,,,Gulu,,Nwoya,,Alero,,Paibwor,Africa/Kampala,UTC +3.0 ,2.66179166746026,31.8458900113714
Uganda,Uganda,UG,,,Gulu,,Nwoya,,Alero,,Pangu,Africa/Kampala,UTC +3.0 ,2.75346872061545,32.135804535232
Uganda,Uganda,UG,,,Gulu,,Nwoya,,Alero,,Panokrach,Africa/Kampala,UTC +3.0 ,2.75315546770653,31.8651276513403
Uganda,Uganda,UG,,,Gulu,,Nwoya,,Alero,,Panyabono,Africa/Kampala,UTC +3.0 ,2.74876189073113,32.0754600958149
Uganda,Uganda,UG,,,Gulu,,Nwoya,,Anaka,,Kuluamuka,Africa/Kampala,UTC +3.0 ,2.61429866473563,31.9813993007296
Uganda,Uganda,UG,,,Gulu,,Nwoya,,Anaka,,Pabali,Africa/Kampala,UTC +3.0 ,2.52783061098388,31.9459116277753
Uganda,Uganda,UG,,,Gulu,,Nwoya,,Anaka,,Paduny,Africa/Kampala,UTC +3.0 ,2.60949222296908,31.9343016545233
Uganda,Uganda,UG,,,Gulu,,Nwoya,,Anaka,,Pangora,Africa/Kampala,UTC +3.0 ,2.60948484090604,31.9323039823052
Uganda,Uganda,UG,,,Gulu,,Nwoya,,Anaka,,Todora,Africa/Kampala,UTC +3.0 ,2.51211329777667,31.9122641134245
Uganda,Uganda,UG,,,Gulu,,Nwoya,,Anaka,,Ywaya,Africa/Kampala,UTC +3.0 ,2.53611674944659,31.9875994651073
Uganda,Uganda,UG,,,Gulu,,Nwoya,,Koch Goma,,Agonga,Africa/Kampala,UTC +3.0 ,2.58239177254214,32.0839269903832
Uganda,Uganda,UG,,,Gulu,,Nwoya,,Koch Goma,,Amar,Africa/Kampala,UTC +3.0 ,2.65481818686211,32.1159195676813
Uganda,Uganda,UG,,,Gulu,,Nwoya,,Koch Goma,,Coorom,Africa/Kampala,UTC +3.0 ,2.63112958223311,32.0449484667624
Uganda,Uganda,UG,,,Gulu,,Nwoya,,Koch Goma,,Kal,Africa/Kampala,UTC +3.0 ,2.51504809444572,32.0779453639279
Uganda,Uganda,UG,,,Gulu,,Nwoya,,Koch Goma,,Lii,Africa/Kampala,UTC +3.0 ,2.39555331460684,32.1701589147418
Uganda,Uganda,UG,,,Gulu,,Nwoya,,Koch Goma,,Murchison Falls Np,Africa/Kampala,UTC +3.0 ,2.34462246838292,32.0345919210733
Uganda,Uganda,UG,,,Gulu,,Nwoya,,Koch Goma,,Orum,Africa/Kampala,UTC +3.0 ,2.57027107507838,32.2217319280007
Uganda,Uganda,UG,,,Gulu,,Nwoya,,Purongo,,Latoro,Africa/Kampala,UTC +3.0 ,2.6001868851742,31.6988529746382
Uganda,Uganda,UG,,,Gulu,,Nwoya,,Purongo,,Murchison Falls Np,Africa/Kampala,UTC +3.0 ,2.41710543042727,31.6454217138638
Uganda,Uganda,UG,,,Gulu,,Nwoya,,Purongo,,Pabit,Africa/Kampala,UTC +3.0 ,2.51409426223071,31.809223777716
Uganda,Uganda,UG,,,Gulu,,Nwoya,,Purongo,,Paromo,Africa/Kampala,UTC +3.0 ,2.5935595639055,31.8579042304863
Uganda,Uganda,UG,,,Gulu,,Nwoya,,Purongo,,Patira,Africa/Kampala,UTC +3.0 ,2.50944353245306,31.8803141783408
Uganda,Uganda,UG,,,Gulu,,Nwoya,,Purongo,,Pawatomero,Africa/Kampala,UTC +3.0 ,2.57215288115997,31.821796749845
Uganda,Uganda,UG,,,Gulu,,Omoro,,Bobi,,Paidongo,Africa/Kampala,UTC +3.0 ,2.58157342048951,32.3052236287196
Uganda,Uganda,UG,,,Gulu,,Omoro,,Bobi,,Paidwe,Africa/Kampala,UTC +3.0 ,2.55721676874997,32.3605643317765
Uganda,Uganda,UG,,,Gulu,,Omoro,,Bobi,,Palenga,Africa/Kampala,UTC +3.0 ,2.61488936035064,32.2984954628675
Uganda,Uganda,UG,,,Gulu,,Omoro,,Bobi,,Palwo,Africa/Kampala,UTC +3.0 ,2.52277769250931,32.3192019524826
Uganda,Uganda,UG,,,Gulu,,Omoro,,Bobi,,Patek,Africa/Kampala,UTC +3.0 ,2.49773866510243,32.4091628194117
Uganda,Uganda,UG,,,Gulu,,Omoro,,Koro,,Acoyo,Africa/Kampala,UTC +3.0 ,2.76968293329122,32.3500113164084
Uganda,Uganda,UG,,,Gulu,,Omoro,,Koro,,Ibakara,Africa/Kampala,UTC +3.0 ,2.68844390921968,32.3788994951024
Uganda,Uganda,UG,,,Gulu,,Omoro,,Koro,,Labwoc,Africa/Kampala,UTC +3.0 ,2.66940723451354,32.3147241828566
Uganda,Uganda,UG,,,Gulu,,Omoro,,Koro,,Lapainat East,Africa/Kampala,UTC +3.0 ,2.76304867271212,32.4310610983315
Uganda,Uganda,UG,,,Gulu,,Omoro,,Koro,,Lapainat West,Africa/Kampala,UTC +3.0 ,2.73536467230176,32.3715475298239
Uganda,Uganda,UG,,,Gulu,,Omoro,,Koro,,Pageya,Africa/Kampala,UTC +3.0 ,2.72293608174639,32.3147823975536
Uganda,Uganda,UG,,,Gulu,,Omoro,,Lakwana,,Lanenober,Africa/Kampala,UTC +3.0 ,2.62346759606074,32.3974738958927
Uganda,Uganda,UG,,,Gulu,,Omoro,,Lakwana,,Lujorongole,Africa/Kampala,UTC +3.0 ,2.65451972363502,32.3814562482501
Uganda,Uganda,UG,,,Gulu,,Omoro,,Lakwana,,Parak,Africa/Kampala,UTC +3.0 ,2.54631834644435,32.4224493337752
Uganda,Uganda,UG,,,Gulu,,Omoro,,Lakwana,,Te-Got,Africa/Kampala,UTC +3.0 ,2.59569248102077,32.4382929045152
Uganda,Uganda,UG,,,Gulu,,Omoro,,Lalogi,,Gem,Africa/Kampala,UTC +3.0 ,2.64981324609829,32.532602205518
Uganda,Uganda,UG,,,Gulu,,Omoro,,Lalogi,,Idobo,Africa/Kampala,UTC +3.0 ,2.74189446207062,32.5431574349692
Uganda,Uganda,UG,,,Gulu,,Omoro,,Lalogi,,Jaka,Africa/Kampala,UTC +3.0 ,2.66481797187908,32.5887413551654
Uganda,Uganda,UG,,,Gulu,,Omoro,,Lalogi,,Lukwir,Africa/Kampala,UTC +3.0 ,2.72246480010408,32.4693739036756
Uganda,Uganda,UG,,,Gulu,,Omoro,,Lalogi,,Parwec,Africa/Kampala,UTC +3.0 ,2.64754254961232,32.4744663086028
Uganda,Uganda,UG,,,Gulu,,Omoro,,Odek,,Binya,Africa/Kampala,UTC +3.0 ,2.74667195869864,32.6496598195735
Uganda,Uganda,UG,,,Gulu,,Omoro,,Odek,,Lamola,Africa/Kampala,UTC +3.0 ,2.63393067362865,32.758035252608
Uganda,Uganda,UG,,,Gulu,,Omoro,,Odek,,Lukwor,Africa/Kampala,UTC +3.0 ,2.64690226367719,32.6545001934504
Uganda,Uganda,UG,,,Gulu,,Omoro,,Odek,,Palaro,Africa/Kampala,UTC +3.0 ,2.69280206313072,32.7253506935474
Uganda,Uganda,UG,,,Gulu,,Omoro,,Ongako,,Abwoc,Africa/Kampala,UTC +3.0 ,2.70876013756926,32.2698924894829
Uganda,Uganda,UG,,,Gulu,,Omoro,,Ongako,,Alokolum,Africa/Kampala,UTC +3.0 ,2.74574530517708,32.2046939350598
Uganda,Uganda,UG,,,Gulu,,Omoro,,Ongako,,Kal,Africa/Kampala,UTC +3.0 ,2.69145548969754,32.222818102869
Uganda,Uganda,UG,,,Gulu,,Omoro,,Ongako,,Onyona,Africa/Kampala,UTC +3.0 ,2.6622754078174,32.1984125824753
Uganda,Uganda,UG,,,Gulu,,Omoro,,Ongako,,Patuda,Africa/Kampala,UTC +3.0 ,2.74511335363996,32.2502694523906
Uganda,Uganda,UG,,,Hoima,,Bugahya,,Buhanika,,Buchunga,Africa/Kampala,UTC +3.0 ,1.40469170037922,31.4025177320301
Uganda,Uganda,UG,,,Hoima,,Bugahya,,Buhanika,,Butebere,Africa/Kampala,UTC +3.0 ,1.44702159407692,31.4050608238777
Uganda,Uganda,UG,,,Hoima,,Bugahya,,Buhanika,,Butema,Africa/Kampala,UTC +3.0 ,1.31963971916622,31.4399222833769
Uganda,Uganda,UG,,,Hoima,,Bugahya,,Buhanika,,Kitonya,Africa/Kampala,UTC +3.0 ,1.36910891194043,31.4552041332842
Uganda,Uganda,UG,,,Hoima,,Bugahya,,Buseruka,,Kabale,Africa/Kampala,UTC +3.0 ,1.46069565577382,31.0727561945684
Uganda,Uganda,UG,,,Hoima,,Bugahya,,Buseruka,,Nyakabingo,Africa/Kampala,UTC +3.0 ,1.54876280684905,31.1696635163672
Uganda,Uganda,UG,,,Hoima,,Bugahya,,Buseruka,,Toonya,Africa/Kampala,UTC +3.0 ,1.5231638638618,31.0339073347882
Uganda,Uganda,UG,,,Hoima,,Bugahya,,Buseruka,,Toonya,Africa/Kampala,UTC +3.0 ,1.58428460060163,31.0684432737843
Uganda,Uganda,UG,,,Hoima,,Bugahya,,Buseruka,,Toonya,Africa/Kampala,UTC +3.0 ,1.58774711498028,31.0527630941672
Uganda,Uganda,UG,,,Hoima,,Bugahya,,Busiisi,,Kasingo,Africa/Kampala,UTC +3.0 ,1.40483409465571,31.3347205439254
Uganda,Uganda,UG,,,Hoima,,Bugahya,,Busiisi,,Kibingo,Africa/Kampala,UTC +3.0 ,1.45785407171544,31.3419263609128
Uganda,Uganda,UG,,,Hoima,,Bugahya,,Busiisi,,Kihukya,Africa/Kampala,UTC +3.0 ,1.39370115574608,31.3028005348965
Uganda,Uganda,UG,,,Hoima,,Bugahya,,Hoima Tc,,Central Ward,Africa/Kampala,UTC +3.0 ,1.41741161024994,31.3558016924669
Uganda,Uganda,UG,,,Hoima,,Bugahya,,Hoima Tc,,Northern Ward,Africa/Kampala,UTC +3.0 ,1.43757778387325,31.3631981151369
Uganda,Uganda,UG,,,Hoima,,Bugahya,,Hoima Tc,,Western Ward,Africa/Kampala,UTC +3.0 ,1.43647221165196,31.337704382193
Uganda,Uganda,UG,,,Hoima,,Bugahya,,Kigorobya,,Bwikya,Africa/Kampala,UTC +3.0 ,1.59605575539095,31.2379604201614
Uganda,Uganda,UG,,,Hoima,,Bugahya,,Kigorobya,,Kapaapi,Africa/Kampala,UTC +3.0 ,1.71527639800145,31.3427995173041
Uganda,Uganda,UG,,,Hoima,,Bugahya,,Kigorobya,,Kiganja,Africa/Kampala,UTC +3.0 ,1.66571734592352,31.2984397038344
Uganda,Uganda,UG,,,Hoima,,Bugahya,,Kigorobya,,Kijongo,Africa/Kampala,UTC +3.0 ,1.61760370384493,31.3517671505071
Uganda,Uganda,UG,,,Hoima,,Bugahya,,Kigorobya,,Kisukuma,Africa/Kampala,UTC +3.0 ,1.6253062945953,31.2807464377235
Uganda,Uganda,UG,,,Hoima,,Bugahya,,Kigorobya Tc,,North East Ward,Africa/Kampala,UTC +3.0 ,1.62761646339189,31.3193192700761
Uganda,Uganda,UG,,,Hoima,,Bugahya,,Kigorobya Tc,,Northern Ward,Africa/Kampala,UTC +3.0 ,1.63050140410028,31.3055840560628
Uganda,Uganda,UG,,,Hoima,,Bugahya,,Kigorobya Tc,,South East Ward,Africa/Kampala,UTC +3.0 ,1.61664994853051,31.3087108491913
Uganda,Uganda,UG,,,Hoima,,Bugahya,,Kigorobya Tc,,South West Ward,Africa/Kampala,UTC +3.0 ,1.62090906115398,31.2985932061873
Uganda,Uganda,UG,,,Hoima,,Bugahya,,Kitoba,,Birungu,Africa/Kampala,UTC +3.0 ,1.55381688780088,31.3143614254427
Uganda,Uganda,UG,,,Hoima,,Bugahya,,Kitoba,,Budaka,Africa/Kampala,UTC +3.0 ,1.52371901925245,31.2771398929447
Uganda,Uganda,UG,,,Hoima,,Bugahya,,Kitoba,,Bulyango,Africa/Kampala,UTC +3.0 ,1.55878278042963,31.400883186156
Uganda,Uganda,UG,,,Hoima,,Bugahya,,Kitoba,,Karongo/Kibanjwa,Africa/Kampala,UTC +3.0 ,1.50085716024242,31.2634538668071
Uganda,Uganda,UG,,,Hoima,,Bugahya,,Kitoba,,Kiragura,Africa/Kampala,UTC +3.0 ,1.49981952511375,31.3381387183139
Uganda,Uganda,UG,,,Hoima,,Bugahya,,Kitoba,,Kiryangobe,Africa/Kampala,UTC +3.0 ,1.56125101031752,31.3642729636309
Uganda,Uganda,UG,,,Hoima,,Bugahya,,Kyabigambire,,Bulindi,Africa/Kampala,UTC +3.0 ,1.48070373099627,31.4724961757078
Uganda,Uganda,UG,,,Hoima,,Bugahya,,Kyabigambire,,Buraru,Africa/Kampala,UTC +3.0 ,1.41763276487768,31.5137989599573
Uganda,Uganda,UG,,,Hoima,,Bugahya,,Kyabigambire,,Kibugubya,Africa/Kampala,UTC +3.0 ,1.51586312463368,31.449010139073
Uganda,Uganda,UG,,,Hoima,,Bugahya,,Kyabigambire,,Kisabagwa,Africa/Kampala,UTC +3.0 ,1.55174303297615,31.4352418031786
Uganda,Uganda,UG,,,Hoima,,Bugahya,,Kyangwali,,Kyangwali Gr,Africa/Kampala,UTC +3.0 ,1.45353851222303,31.030908403002
Uganda,Uganda,UG,,,Hoima,,Buhaguzi,,Bugambe,,Bugambe,Africa/Kampala,UTC +3.0 ,1.3924601370172,31.2411602347619
Uganda,Uganda,UG,,,Hoima,,Buhaguzi,,Bugambe,,Katanga,Africa/Kampala,UTC +3.0 ,1.45637021677592,31.1678818714933
Uganda,Uganda,UG,,,Hoima,,Buhaguzi,,Bugambe,,Nyarugabu,Africa/Kampala,UTC +3.0 ,1.44965670748372,31.2790566644489
Uganda,Uganda,UG,,,Hoima,,Buhaguzi,,Bugambe,,Ruguse,Africa/Kampala,UTC +3.0 ,1.43675607152567,31.2143454503307
Uganda,Uganda,UG,,,Hoima,,Buhaguzi,,Buhimba,,Kinogozi,Africa/Kampala,UTC +3.0 ,1.33767496136571,31.3792876160578
Uganda,Uganda,UG,,,Hoima,,Buhaguzi,,Buhimba,,Kyabatalya,Africa/Kampala,UTC +3.0 ,1.35596752493964,31.2865842606163
Uganda,Uganda,UG,,,Hoima,,Buhaguzi,,Buhimba,,Musaija-Mukuru East,Africa/Kampala,UTC +3.0 ,1.29193466425416,31.3456445320004
Uganda,Uganda,UG,,,Hoima,,Buhaguzi,,Buhimba,,Musaija-Mukuru West,Africa/Kampala,UTC +3.0 ,1.31904670939638,31.2783007900869
Uganda,Uganda,UG,,,Hoima,,Buhaguzi,,Buhimba,,Ruhunga,Africa/Kampala,UTC +3.0 ,1.25162160944358,31.2910053123916
Uganda,Uganda,UG,,,Hoima,,Buhaguzi,,Kabwoya,,Bubogo,Africa/Kampala,UTC +3.0 ,1.2453988208149,31.1385182054559
Uganda,Uganda,UG,,,Hoima,,Buhaguzi,,Kabwoya,,Igwanjura,Africa/Kampala,UTC +3.0 ,1.19523337435708,31.0463752140333
Uganda,Uganda,UG,,,Hoima,,Buhaguzi,,Kabwoya,,Kaseeta,Africa/Kampala,UTC +3.0 ,1.4032117067848,30.9552877706635
Uganda,Uganda,UG,,,Hoima,,Buhaguzi,,Kabwoya,,Nkondo,Africa/Kampala,UTC +3.0 ,1.44103660757545,30.9109057197085
Uganda,Uganda,UG,,,Hoima,,Buhaguzi,,Kiziranfumbi,,Bulimya,Africa/Kampala,UTC +3.0 ,1.31365454017512,31.2139033837907
Uganda,Uganda,UG,,,Hoima,,Buhaguzi,,Kiziranfumbi,,Kidoma,Africa/Kampala,UTC +3.0 ,1.37452432998847,31.1267988373884
Uganda,Uganda,UG,,,Hoima,,Buhaguzi,,Kiziranfumbi,,Munteme,Africa/Kampala,UTC +3.0 ,1.29400981484397,31.1723685020361
Uganda,Uganda,UG,,,Hoima,,Buhaguzi,,Kyangwali,,Buhuka,Africa/Kampala,UTC +3.0 ,1.23804504112742,30.7439499816372
Uganda,Uganda,UG,,,Hoima,,Buhaguzi,,Kyangwali,,Butoole,Africa/Kampala,UTC +3.0 ,1.29072477900117,30.8569238533585
Uganda,Uganda,UG,,,Hoima,,Buhaguzi,,Kyangwali,,Kasonga,Africa/Kampala,UTC +3.0 ,1.15286577920144,30.7502103465531
Uganda,Uganda,UG,,,Hoima,,Buhaguzi,,Kyangwali,,Kyangwali,Africa/Kampala,UTC +3.0 ,1.23952163029526,30.8334581753067
Uganda,Uganda,UG,,,Hoima,,Buhaguzi,,Kyangwali,,Kyangwali Gr,Africa/Kampala,UTC +3.0 ,1.26570777558699,30.9593311997109
Uganda,Uganda,UG,,,Iganga,,Bugweri,,Buyanga,,Bulunguli,Africa/Kampala,UTC +3.0 ,0.678809728765094,33.5930663666355
Uganda,Uganda,UG,,,Iganga,,Bugweri,,Buyanga,,Bumozi,Africa/Kampala,UTC +3.0 ,0.671648774156809,33.6610468967986
Uganda,Uganda,UG,,,Iganga,,Bugweri,,Buyanga,,Buwoya,Africa/Kampala,UTC +3.0 ,0.654123068163107,33.621270833966
Uganda,Uganda,UG,,,Iganga,,Bugweri,,Buyanga,,Bwigula,Africa/Kampala,UTC +3.0 ,0.627857180680247,33.6565191372807
Uganda,Uganda,UG,,,Iganga,,Bugweri,,Buyanga,,Idudi,Africa/Kampala,UTC +3.0 ,0.619184408815456,33.623026618538
Uganda,Uganda,UG,,,Iganga,,Bugweri,,Buyanga,,Kalalu,Africa/Kampala,UTC +3.0 ,0.700751472341458,33.6126986740269
Uganda,Uganda,UG,,,Iganga,,Bugweri,,Buyanga,,Lubira,Africa/Kampala,UTC +3.0 ,0.702642196616425,33.6383986938371
Uganda,Uganda,UG,,,Iganga,,Bugweri,,Ibulanku,,Bubenge,Africa/Kampala,UTC +3.0 ,0.584320965633509,33.5590444198653
Uganda,Uganda,UG,,,Iganga,,Bugweri,,Ibulanku,,Buniantole,Africa/Kampala,UTC +3.0 ,0.563570875552685,33.603528010844
Uganda,Uganda,UG,,,Iganga,,Bugweri,,Ibulanku,,Butende,Africa/Kampala,UTC +3.0 ,0.641593019465244,33.5733218157189
Uganda,Uganda,UG,,,Iganga,,Bugweri,,Ibulanku,,Ibaako,Africa/Kampala,UTC +3.0 ,0.631068024251909,33.6007456734996
Uganda,Uganda,UG,,,Iganga,,Bugweri,,Ibulanku,,Ibulanku,Africa/Kampala,UTC +3.0 ,0.599662157386167,33.5951339328199
Uganda,Uganda,UG,,,Iganga,,Bugweri,,Ibulanku,,Igombe,Africa/Kampala,UTC +3.0 ,0.555401884094301,33.5651013798434
Uganda,Uganda,UG,,,Iganga,,Bugweri,,Ibulanku,,Kikunyu,Africa/Kampala,UTC +3.0 ,0.555346663425103,33.5876659152009
Uganda,Uganda,UG,,,Iganga,,Bugweri,,Ibulanku,,Namiganda,Africa/Kampala,UTC +3.0 ,0.562810312966211,33.6205200166614
Uganda,Uganda,UG,,,Iganga,,Bugweri,,Ibulanku,,Nawansega,Africa/Kampala,UTC +3.0 ,0.585185237576943,33.6272333583003
Uganda,Uganda,UG,,,Iganga,,Bugweri,,Ibulanku,,Nsale,Africa/Kampala,UTC +3.0 ,0.595033255923573,33.6493611607712
Uganda,Uganda,UG,,,Iganga,,Bugweri,,Makuutu,,Kasozi,Africa/Kampala,UTC +3.0 ,0.467886285710942,33.5845296800588
Uganda,Uganda,UG,,,Iganga,,Bugweri,,Makuutu,,Kigulamo Kisozi,Africa/Kampala,UTC +3.0 ,0.517477856301805,33.6123853104291
Uganda,Uganda,UG,,,Iganga,,Bugweri,,Makuutu,,Makandwa,Africa/Kampala,UTC +3.0 ,0.518620005612956,33.5692658313969
Uganda,Uganda,UG,,,Iganga,,Bugweri,,Makuutu,,Makuutu,Africa/Kampala,UTC +3.0 ,0.497103942617269,33.5906663313141
Uganda,Uganda,UG,,,Iganga,,Bugweri,,Namalemba,,Idinda,Africa/Kampala,UTC +3.0 ,0.787071621993082,33.5900050521592
Uganda,Uganda,UG,,,Iganga,,Bugweri,,Namalemba,,Minani,Africa/Kampala,UTC +3.0 ,0.764718118438749,33.5759260054997
Uganda,Uganda,UG,,,Iganga,,Bugweri,,Namalemba,,Namalemba,Africa/Kampala,UTC +3.0 ,0.732775981530562,33.5949320938991
Uganda,Uganda,UG,,,Iganga,,Bugweri,,Namalemba,,Namunyumya,Africa/Kampala,UTC +3.0 ,0.759616901873166,33.6273206490934
Uganda,Uganda,UG,,,Iganga,,Busiki,,Bulange,,Bugobi,Africa/Kampala,UTC +3.0 ,0.732241483534628,33.7927760657082
Uganda,Uganda,UG,,,Iganga,,Busiki,,Bulange,,Bukenga,Africa/Kampala,UTC +3.0 ,0.742359237545915,33.7669565571686
Uganda,Uganda,UG,,,Iganga,,Busiki,,Bulange,,Bulange,Africa/Kampala,UTC +3.0 ,0.73788561921254,33.7036662173192
Uganda,Uganda,UG,,,Iganga,,Busiki,,Bulange,,Buwaga,Africa/Kampala,UTC +3.0 ,0.734242086541813,33.7305886782592
Uganda,Uganda,UG,,,Iganga,,Busiki,,Bulange,,Kirerema,Africa/Kampala,UTC +3.0 ,0.774701397819504,33.7307632579295
Uganda,Uganda,UG,,,Iganga,,Busiki,,Bulange,,Kisiiro,Africa/Kampala,UTC +3.0 ,0.709959908543233,33.8138878673942
Uganda,Uganda,UG,,,Iganga,,Busiki,,Bulange,,Mpumiro,Africa/Kampala,UTC +3.0 ,0.788244878041381,33.7759643308859
Uganda,Uganda,UG,,,Iganga,,Busiki,,Ivukula,,Buwalira,Africa/Kampala,UTC +3.0 ,1.0260798792157,33.6255392905592
Uganda,Uganda,UG,,,Iganga,,Busiki,,Ivukula,,Ivukula,Africa/Kampala,UTC +3.0 ,0.951921082966757,33.6209658489892
Uganda,Uganda,UG,,,Iganga,,Busiki,,Ivukula,,Iwungiro,Africa/Kampala,UTC +3.0 ,1.02890169731796,33.6637438173119
Uganda,Uganda,UG,,,Iganga,,Busiki,,Ivukula,,Kisowozi,Africa/Kampala,UTC +3.0 ,0.977811890780071,33.5977626140075
Uganda,Uganda,UG,,,Iganga,,Busiki,,Ivukula,,Lwatama,Africa/Kampala,UTC +3.0 ,0.987040752557813,33.6759281011672
Uganda,Uganda,UG,,,Iganga,,Busiki,,Ivukula,,Nabitula,Africa/Kampala,UTC +3.0 ,0.928188796841957,33.6001539795917
Uganda,Uganda,UG,,,Iganga,,Busiki,,Kibaale,,Kibaale,Africa/Kampala,UTC +3.0 ,0.858325972964436,33.5884121860808
Uganda,Uganda,UG,,,Iganga,,Busiki,,Kibaale,,Kisega,Africa/Kampala,UTC +3.0 ,0.853483129330891,33.6159687532869
Uganda,Uganda,UG,,,Iganga,,Busiki,,Kibaale,,Nabisoigi,Africa/Kampala,UTC +3.0 ,0.887908647967361,33.6141228703556
Uganda,Uganda,UG,,,Iganga,,Busiki,,Kibaale,,Nabweyo,Africa/Kampala,UTC +3.0 ,0.899102172329943,33.5717329467327
Uganda,Uganda,UG,,,Iganga,,Busiki,,Kibaale,,Nawangisa,Africa/Kampala,UTC +3.0 ,0.85523890484683,33.5570558849787
Uganda,Uganda,UG,,,Iganga,,Busiki,,Magada,,Bunyenvu Fr,Africa/Kampala,UTC +3.0 ,0.904585950993909,33.7816819791147
Uganda,Uganda,UG,,,Iganga,,Busiki,,Magada,,Izirangobi,Africa/Kampala,UTC +3.0 ,0.880041691607154,33.6666350460067
Uganda,Uganda,UG,,,Iganga,,Busiki,,Magada,,Kagulu,Africa/Kampala,UTC +3.0 ,0.892928914444177,33.7603390883958
Uganda,Uganda,UG,,,Iganga,,Busiki,,Magada,,Kiwanyi,Africa/Kampala,UTC +3.0 ,0.897453901102912,33.6816412209959
Uganda,Uganda,UG,,,Iganga,,Busiki,,Magada,,Magada,Africa/Kampala,UTC +3.0 ,0.893169581807339,33.7195766145742
Uganda,Uganda,UG,,,Iganga,,Busiki,,Magada,,Mazuba,Africa/Kampala,UTC +3.0 ,0.93700677599224,33.7223558328528
Uganda,Uganda,UG,,,Iganga,,Busiki,,Magada,,Nabinyonyi,Africa/Kampala,UTC +3.0 ,0.946295271751879,33.6764959534255
Uganda,Uganda,UG,,,Iganga,,Busiki,,Namutumba,,Ituba,Africa/Kampala,UTC +3.0 ,0.752897440045487,33.6630799517614
Uganda,Uganda,UG,,,Iganga,,Busiki,,Namutumba,,Kigalama,Africa/Kampala,UTC +3.0 ,0.806749702563574,33.7119356793422
Uganda,Uganda,UG,,,Iganga,,Busiki,,Namutumba,,Nakalokwe,Africa/Kampala,UTC +3.0 ,0.851793904596107,33.7262345971706
Uganda,Uganda,UG,,,Iganga,,Busiki,,Namutumba,,Nakyere,Africa/Kampala,UTC +3.0 ,0.781217199256441,33.6840009534004
Uganda,Uganda,UG,,,Iganga,,Busiki,,Namutumba,,Namutumba,Africa/Kampala,UTC +3.0 ,0.831276521758837,33.6849575685457
Uganda,Uganda,UG,,,Iganga,,Busiki,,Namutumba,,Nawansagwa,Africa/Kampala,UTC +3.0 ,0.824817344855675,33.755370105427
Uganda,Uganda,UG,,,Iganga,,Busiki,,Nsinze,,Bubago,Africa/Kampala,UTC +3.0 ,0.803329769065489,33.6234348902194
Uganda,Uganda,UG,,,Iganga,,Busiki,,Nsinze,,Bukonte,Africa/Kampala,UTC +3.0 ,0.797081203551742,33.6562373174253
Uganda,Uganda,UG,,,Iganga,,Busiki,,Nsinze,,Buwongo,Africa/Kampala,UTC +3.0 ,0.817447866333884,33.5834998341575
Uganda,Uganda,UG,,,Iganga,,Busiki,,Nsinze,,Nawaikona,Africa/Kampala,UTC +3.0 ,0.843694437740188,33.6503259678473
Uganda,Uganda,UG,,,Iganga,,Busiki,,Nsinze,,Nsinze,Africa/Kampala,UTC +3.0 ,0.828071709580515,33.6275842968435
Uganda,Uganda,UG,,,Iganga,,Kigulu,,Bulamagi,,Bukoyo,Africa/Kampala,UTC +3.0 ,0.584363118175934,33.4659098296564
Uganda,Uganda,UG,,,Iganga,,Kigulu,,Bulamagi,,Bulamagi,Africa/Kampala,UTC +3.0 ,0.652065624403746,33.434099332422
Uganda,Uganda,UG,,,Iganga,,Kigulu,,Bulamagi,,Bulowoza,Africa/Kampala,UTC +3.0 ,0.607545830800029,33.4371828379051
Uganda,Uganda,UG,,,Iganga,,Kigulu,,Bulamagi,,Bunyiiro,Africa/Kampala,UTC +3.0 ,0.678617972407741,33.4562730929566
Uganda,Uganda,UG,,,Iganga,,Kigulu,,Bulamagi,,Bwanalira,Africa/Kampala,UTC +3.0 ,0.628986790716279,33.4252921138492
Uganda,Uganda,UG,,,Iganga,,Kigulu,,Bulamagi,,Iwawu,Africa/Kampala,UTC +3.0 ,0.575024777447622,33.4440712403724
Uganda,Uganda,UG,,,Iganga,,Kigulu,,Bulamagi,,Magogo,Africa/Kampala,UTC +3.0 ,0.648578637711377,33.4629255019969
Uganda,Uganda,UG,,,Iganga,,Kigulu,,Bulamagi,,Nawanyingi,Africa/Kampala,UTC +3.0 ,0.698973763840933,33.444964246195
Uganda,Uganda,UG,,,Iganga,,Kigulu,,Iganga Tc,,Bugumba,Africa/Kampala,UTC +3.0 ,0.62173052836254,33.4700976068318
Uganda,Uganda,UG,,,Iganga,,Kigulu,,Iganga Tc,,Buligo,Africa/Kampala,UTC +3.0 ,0.606988083281897,33.47708157884
Uganda,Uganda,UG,,,Iganga,,Kigulu,,Iganga Tc,,Kasokoso,Africa/Kampala,UTC +3.0 ,0.612500650282586,33.4718081279776
Uganda,Uganda,UG,,,Iganga,,Kigulu,,Iganga Tc,,Nakavule,Africa/Kampala,UTC +3.0 ,0.614718715301367,33.4841107449536
Uganda,Uganda,UG,,,Iganga,,Kigulu,,Iganga Tc,,Nkono,Africa/Kampala,UTC +3.0 ,0.623359463577873,33.4804789062079
Uganda,Uganda,UG,,,Iganga,,Kigulu,,Nabitende,,Bugono,Africa/Kampala,UTC +3.0 ,0.812263996583142,33.448187514888
Uganda,Uganda,UG,,,Iganga,,Kigulu,,Nabitende,,Itanda,Africa/Kampala,UTC +3.0 ,0.819031881929983,33.4750773491353
Uganda,Uganda,UG,,,Iganga,,Kigulu,,Nabitende,,Ituba,Africa/Kampala,UTC +3.0 ,0.776406718874257,33.4132861438778
Uganda,Uganda,UG,,,Iganga,,Kigulu,,Nabitende,,Kasambika,Africa/Kampala,UTC +3.0 ,0.855115332788388,33.4682582064997
Uganda,Uganda,UG,,,Iganga,,Kigulu,,Nabitende,,Nabitende,Africa/Kampala,UTC +3.0 ,0.768856018897837,33.4572586838846
Uganda,Uganda,UG,,,Iganga,,Kigulu,,Nabitende,,Naluko,Africa/Kampala,UTC +3.0 ,0.751362816853925,33.4279932468359
Uganda,Uganda,UG,,,Iganga,,Kigulu,,Nakalama,,Bukaye,Africa/Kampala,UTC +3.0 ,0.648285001184787,33.4893161034055
Uganda,Uganda,UG,,,Iganga,,Kigulu,,Nakalama,,Bukoona,Africa/Kampala,UTC +3.0 ,0.692534448864841,33.5595534934804
Uganda,Uganda,UG,,,Iganga,,Kigulu,,Nakalama,,Buseyi,Africa/Kampala,UTC +3.0 ,0.621684292565907,33.5007633464855
Uganda,Uganda,UG,,,Iganga,,Kigulu,,Nakalama,,Nakalama,Africa/Kampala,UTC +3.0 ,0.649952267850836,33.5247110263607
Uganda,Uganda,UG,,,Iganga,,Kigulu,,Nakigo,,Bulubandi,Africa/Kampala,UTC +3.0 ,0.596322539330957,33.4910680294544
Uganda,Uganda,UG,,,Iganga,,Kigulu,,Nakigo,,Bunyama,Africa/Kampala,UTC +3.0 ,0.573682654607022,33.5131415356387
Uganda,Uganda,UG,,,Iganga,,Kigulu,,Nakigo,,Busowobi,Africa/Kampala,UTC +3.0 ,0.611608160804367,33.5340119652564
Uganda,Uganda,UG,,,Iganga,,Kigulu,,Nakigo,,Kabira,Africa/Kampala,UTC +3.0 ,0.558293173042152,33.4910796019589
Uganda,Uganda,UG,,,Iganga,,Kigulu,,Nakigo,,Wairama,Africa/Kampala,UTC +3.0 ,0.569049579353965,33.5350938227215
Uganda,Uganda,UG,,,Iganga,,Kigulu,,Nambale,,Kadaago-Nabitende,Africa/Kampala,UTC +3.0 ,0.862541091099738,33.5127412792725
Uganda,Uganda,UG,,,Iganga,,Kigulu,,Nambale,,Mwira,Africa/Kampala,UTC +3.0 ,0.781910867263112,33.4834547426902
Uganda,Uganda,UG,,,Iganga,,Kigulu,,Nambale,,Naibiri,Africa/Kampala,UTC +3.0 ,0.829345140242954,33.522141094319
Uganda,Uganda,UG,,,Iganga,,Kigulu,,Nambale,,Nambale,Africa/Kampala,UTC +3.0 ,0.793467254541241,33.5311962784068
Uganda,Uganda,UG,,,Iganga,,Kigulu,,Nambale,,Nasuti,Africa/Kampala,UTC +3.0 ,0.760466772331753,33.5199017324175
Uganda,Uganda,UG,,,Iganga,,Kigulu,,Namungalwe,,Bulumwaki,Africa/Kampala,UTC +3.0 ,0.732826353833654,33.4521403590236
Uganda,Uganda,UG,,,Iganga,,Kigulu,,Namungalwe,,Mwendanfuko,Africa/Kampala,UTC +3.0 ,0.711468652519518,33.5297530992893
Uganda,Uganda,UG,,,Iganga,,Kigulu,,Namungalwe,,Namungalwe,Africa/Kampala,UTC +3.0 ,0.725213719399173,33.4933002368186
Uganda,Uganda,UG,,,Iganga,,Kigulu,,Namungalwe,,Namunkanaga,Africa/Kampala,UTC +3.0 ,0.736420375156671,33.5410189480068
Uganda,Uganda,UG,,,Iganga,,Kigulu,,Namungalwe,,Namunkesu,Africa/Kampala,UTC +3.0 ,0.693969356334181,33.4908320478997
Uganda,Uganda,UG,,,Iganga,,Kigulu,,Namungalwe,,Namunsala,Africa/Kampala,UTC +3.0 ,0.678431865097155,33.5033538446799
Uganda,Uganda,UG,,,Iganga,,Kigulu,,Namungalwe,,Nawansega,Africa/Kampala,UTC +3.0 ,0.690795957903833,33.5366710608077
Uganda,Uganda,UG,,,Iganga,,Kigulu,,Nawandala,,Bugongo,Africa/Kampala,UTC +3.0 ,0.843741233864946,33.3867138955941
Uganda,Uganda,UG,,,Iganga,,Kigulu,,Nawandala,,Kiwanyi,Africa/Kampala,UTC +3.0 ,0.812308872065546,33.43190898088
Uganda,Uganda,UG,,,Iganga,,Kigulu,,Nawandala,,Kyendabawala,Africa/Kampala,UTC +3.0 ,0.884656294449636,33.4130994997826
Uganda,Uganda,UG,,,Iganga,,Kigulu,,Nawandala,,Namusiisi,Africa/Kampala,UTC +3.0 ,0.863179534704205,33.4413263237146
Uganda,Uganda,UG,,,Iganga,,Kigulu,,Nawandala,,Nawangaiza,Africa/Kampala,UTC +3.0 ,0.821564486305528,33.4125049637855
Uganda,Uganda,UG,,,Iganga,,Luuka,,Bukanga,,Budondo,Africa/Kampala,UTC +3.0 ,0.679528922950582,33.3465829251202
Uganda,Uganda,UG,,,Iganga,,Luuka,,Bukanga,,Busalamu,Africa/Kampala,UTC +3.0 ,0.672878550278791,33.3872593155749
Uganda,Uganda,UG,,,Iganga,,Luuka,,Bukanga,,Buwologoma,Africa/Kampala,UTC +3.0 ,0.732514906976521,33.3964485492354
Uganda,Uganda,UG,,,Iganga,,Luuka,,Bukanga,,Kiloba,Africa/Kampala,UTC +3.0 ,0.692692577844071,33.3660858821778
Uganda,Uganda,UG,,,Iganga,,Luuka,,Bukanga,,Nabubya,Africa/Kampala,UTC +3.0 ,0.704343533826116,33.4013224517006
Uganda,Uganda,UG,,,Iganga,,Luuka,,Bukanga,,Namukubembe,Africa/Kampala,UTC +3.0 ,0.715948380743284,33.3433346815082
Uganda,Uganda,UG,,,Iganga,,Luuka,,Bukooma,,Bukooma,Africa/Kampala,UTC +3.0 ,0.87973536456462,33.3449551274894
Uganda,Uganda,UG,,,Iganga,,Luuka,,Bukooma,,Bukyangwa,Africa/Kampala,UTC +3.0 ,0.839682430072105,33.311905508669
Uganda,Uganda,UG,,,Iganga,,Luuka,,Bukooma,,Nabyoto,Africa/Kampala,UTC +3.0 ,0.919452290477567,33.366639547252
Uganda,Uganda,UG,,,Iganga,,Luuka,,Bukooma,,Naigobya,Africa/Kampala,UTC +3.0 ,0.832303429900165,33.3518284292315
Uganda,Uganda,UG,,,Iganga,,Luuka,,Bukooma,,Namansenda,Africa/Kampala,UTC +3.0 ,0.872262776120234,33.3079728742423
Uganda,Uganda,UG,,,Iganga,,Luuka,,Bukooma,,Namulanda,Africa/Kampala,UTC +3.0 ,0.910977244241373,33.3181854127155
Uganda,Uganda,UG,,,Iganga,,Luuka,,Bulongo,,Budhabangula,Africa/Kampala,UTC +3.0 ,0.758501575953691,33.3496433086103
Uganda,Uganda,UG,,,Iganga,,Luuka,,Bulongo,,Bugonyoka,Africa/Kampala,UTC +3.0 ,0.773634859680285,33.3023056339442
Uganda,Uganda,UG,,,Iganga,,Luuka,,Bulongo,,Bukendi,Africa/Kampala,UTC +3.0 ,0.773121668755295,33.3737414227424
Uganda,Uganda,UG,,,Iganga,,Luuka,,Bulongo,,Bulongo,Africa/Kampala,UTC +3.0 ,0.750849453456679,33.3301200907869
Uganda,Uganda,UG,,,Iganga,,Luuka,,Bulongo,,Nakabugu,Africa/Kampala,UTC +3.0 ,0.808639927434482,33.3007345397231
Uganda,Uganda,UG,,,Iganga,,Luuka,,Bulongo,,Namalemba,Africa/Kampala,UTC +3.0 ,0.798686168875191,33.33986412629
Uganda,Uganda,UG,,,Iganga,,Luuka,,Ikumbya,,Bunafu,Africa/Kampala,UTC +3.0 ,0.947842725973904,33.3158104488827
Uganda,Uganda,UG,,,Iganga,,Luuka,,Ikumbya,,Ikumbya,Africa/Kampala,UTC +3.0 ,0.983335741449618,33.3257164457349
Uganda,Uganda,UG,,,Iganga,,Luuka,,Ikumbya,,Inuula,Africa/Kampala,UTC +3.0 ,0.966143422753383,33.3742624186774
Uganda,Uganda,UG,,,Iganga,,Luuka,,Ikumbya,,Nawaka,Africa/Kampala,UTC +3.0 ,1.00310260854169,33.3754176940188
Uganda,Uganda,UG,,,Iganga,,Luuka,,Ikumbya,,Ntaigirwa,Africa/Kampala,UTC +3.0 ,1.04143433238633,33.3371551306773
Uganda,Uganda,UG,,,Iganga,,Luuka,,Irongo,,Irongo,Africa/Kampala,UTC +3.0 ,0.729558878351955,33.2425235034853
Uganda,Uganda,UG,,,Iganga,,Luuka,,Irongo,,Kalyowa,Africa/Kampala,UTC +3.0 ,0.78053687344842,33.2680059751993
Uganda,Uganda,UG,,,Iganga,,Luuka,,Irongo,,Kibinga,Africa/Kampala,UTC +3.0 ,0.716984962033801,33.2705550330734
Uganda,Uganda,UG,,,Iganga,,Luuka,,Irongo,,Kyanvuma,Africa/Kampala,UTC +3.0 ,0.753309241805781,33.2734225079384
Uganda,Uganda,UG,,,Iganga,,Luuka,,Irongo,,Nawanyago,Africa/Kampala,UTC +3.0 ,0.691809769091634,33.2407665771809
Uganda,Uganda,UG,,,Iganga,,Luuka,,Nawampiti,,Bugomba,Africa/Kampala,UTC +3.0 ,0.668237977840183,33.298430000465
Uganda,Uganda,UG,,,Iganga,,Luuka,,Nawampiti,,Buyola,Africa/Kampala,UTC +3.0 ,0.679440309456086,33.273473110312
Uganda,Uganda,UG,,,Iganga,,Luuka,,Nawampiti,,Nakiswiga,Africa/Kampala,UTC +3.0 ,0.73291979630462,33.2994105223314
Uganda,Uganda,UG,,,Iganga,,Luuka,,Nawampiti,,Nawampiti,Africa/Kampala,UTC +3.0 ,0.70390419388297,33.310835524999
Uganda,Uganda,UG,,,Iganga,,Luuka,,Nawampiti,,Nawankompe,Africa/Kampala,UTC +3.0 ,0.702631745385902,33.2866139984944
Uganda,Uganda,UG,,,Iganga,,Luuka,,Waibuga,,Busiiro,Africa/Kampala,UTC +3.0 ,0.663774191547739,33.3280507315681
Uganda,Uganda,UG,,,Iganga,,Luuka,,Waibuga,,Butimbwa,Africa/Kampala,UTC +3.0 ,0.631285560781802,33.3941048067109
Uganda,Uganda,UG,,,Iganga,,Luuka,,Waibuga,,Itakaibolu,Africa/Kampala,UTC +3.0 ,0.642789415727428,33.3625275125541
Uganda,Uganda,UG,,,Iganga,,Luuka,,Waibuga,,Lwaki,Africa/Kampala,UTC +3.0 ,0.673823827163965,33.4096654090919
Uganda,Uganda,UG,,,Iganga,,Luuka,,Waibuga,,Walibo,Africa/Kampala,UTC +3.0 ,0.589577821017713,33.4049554041709
Uganda,Uganda,UG,,,Jinja,,Butembe,,Busedde,,Bugobya,Africa/Kampala,UTC +3.0 ,0.590042777656123,33.3153152290631
Uganda,Uganda,UG,,,Jinja,,Butembe,,Busedde,,Itakaibolu,Africa/Kampala,UTC +3.0 ,0.605437959782925,33.3494055356741
Uganda,Uganda,UG,,,Jinja,,Butembe,,Busedde,,Kisasi,Africa/Kampala,UTC +3.0 ,0.602716228922312,33.2894846746853
Uganda,Uganda,UG,,,Jinja,,Butembe,,Busedde,,Nabitambala,Africa/Kampala,UTC +3.0 ,0.63473817022458,33.3149054108731
Uganda,Uganda,UG,,,Jinja,,Butembe,,Busedde,,Nalinaibi,Africa/Kampala,UTC +3.0 ,0.555695780300975,33.3428085189947
Uganda,Uganda,UG,,,Jinja,,Butembe,,Kakira,,Kakira,Africa/Kampala,UTC +3.0 ,0.506062930712101,33.3047668032881
Uganda,Uganda,UG,,,Jinja,,Butembe,,Kakira,,Karongo,Africa/Kampala,UTC +3.0 ,0.552578834720394,33.2724717563573
Uganda,Uganda,UG,,,Jinja,,Butembe,,Kakira,,Mawoito,Africa/Kampala,UTC +3.0 ,0.513730304092329,33.2588608554866
Uganda,Uganda,UG,,,Jinja,,Butembe,,Kakira,,Wairaka,Africa/Kampala,UTC +3.0 ,0.486801104022014,33.2677018212904
Uganda,Uganda,UG,,,Jinja,,Butembe,,Mafubira,,Bugembe,Africa/Kampala,UTC +3.0 ,0.47368323139443,33.2380234034038
Uganda,Uganda,UG,,,Jinja,,Butembe,,Mafubira,,Buwekula,Africa/Kampala,UTC +3.0 ,0.493163219688102,33.2254764507092
Uganda,Uganda,UG,,,Jinja,,Butembe,,Mafubira,,Buwenda,Africa/Kampala,UTC +3.0 ,0.484372001884776,33.1824248180258
Uganda,Uganda,UG,,,Jinja,,Butembe,,Mafubira,,Mafubira,Africa/Kampala,UTC +3.0 ,0.47380871497622,33.204653989524
Uganda,Uganda,UG,,,Jinja,,Butembe,,Mafubira,,Namulesa,Africa/Kampala,UTC +3.0 ,0.520362387054295,33.2188572575487
Uganda,Uganda,UG,,,Jinja,,Butembe,,Mafubira,,Wanyange,Africa/Kampala,UTC +3.0 ,0.490133995866083,33.2484984972355
Uganda,Uganda,UG,,,Jinja,,Jinja,,Central Division,,Central East Ward,Africa/Kampala,UTC +3.0 ,0.429638872224569,33.2110409343255
Uganda,Uganda,UG,,,Jinja,,Jinja,,Central Division,,Central West Ward,Africa/Kampala,UTC +3.0 ,0.43141738597637,33.2052085356249
Uganda,Uganda,UG,,,Jinja,,Jinja,,Central Division,,Magwa Ward,Africa/Kampala,UTC +3.0 ,0.441704811823344,33.2053079667531
Uganda,Uganda,UG,,,Jinja,,Jinja,,Central Division,,Old Boma Ward,Africa/Kampala,UTC +3.0 ,0.421716863050527,33.2154448482432
Uganda,Uganda,UG,,,Jinja,,Jinja,,Masese/Walukuba,,Masese,Africa/Kampala,UTC +3.0 ,0.401313985332083,33.2762064776584
Uganda,Uganda,UG,,,Jinja,,Jinja,,Masese/Walukuba,,Masese,Africa/Kampala,UTC +3.0 ,0.415996960040025,33.2665944058042
Uganda,Uganda,UG,,,Jinja,,Jinja,,Masese/Walukuba,,Masese,Africa/Kampala,UTC +3.0 ,0.426240498623284,33.2684139380176
Uganda,Uganda,UG,,,Jinja,,Jinja,,Masese/Walukuba,,Masese,Africa/Kampala,UTC +3.0 ,0.414127841210842,33.2303474313065
Uganda,Uganda,UG,,,Jinja,,Jinja,,Masese/Walukuba,,Masese,Africa/Kampala,UTC +3.0 ,0.434030789585009,33.2557754628234
Uganda,Uganda,UG,,,Jinja,,Jinja,,Masese/Walukuba,,Masese,Africa/Kampala,UTC +3.0 ,0.448927199587867,33.235659248404
Uganda,Uganda,UG,,,Jinja,,Jinja,,Masese/Walukuba,,Walukuba East,Africa/Kampala,UTC +3.0 ,0.440311289453051,33.2282291930271
Uganda,Uganda,UG,,,Jinja,,Jinja,,Masese/Walukuba,,Walukuba West,Africa/Kampala,UTC +3.0 ,0.439393801000232,33.2192003443062
Uganda,Uganda,UG,,,Jinja,,Jinja,,Mpumudde/Kimaka,,Kimaka Ward,Africa/Kampala,UTC +3.0 ,0.457927470710972,33.1863671454745
Uganda,Uganda,UG,,,Jinja,,Jinja,,Mpumudde/Kimaka,,Mpumudde,Africa/Kampala,UTC +3.0 ,0.465015369261864,33.2077632194228
Uganda,Uganda,UG,,,Jinja,,Jinja,,Mpumudde/Kimaka,,Nalufenya Ward,Africa/Kampala,UTC +3.0 ,0.438851566194421,33.1947899327
Uganda,Uganda,UG,,,Jinja,,Jinja,,Mpumudde/Kimaka,,Rubaga,Africa/Kampala,UTC +3.0 ,0.457173715752303,33.2112263350168
Uganda,Uganda,UG,,,Jinja,,Kagoma,,Budondo,,Buwagi,Africa/Kampala,UTC +3.0 ,0.547604890072711,33.1630687925279
Uganda,Uganda,UG,,,Jinja,,Kagoma,,Budondo,,Ivunamba,Africa/Kampala,UTC +3.0 ,0.503710160091785,33.1715755939084
Uganda,Uganda,UG,,,Jinja,,Kagoma,,Budondo,,Kibibi,Africa/Kampala,UTC +3.0 ,0.548180740809344,33.1208348598937
Uganda,Uganda,UG,,,Jinja,,Kagoma,,Budondo,,Namizi,Africa/Kampala,UTC +3.0 ,0.517895042607831,33.1447949420485
Uganda,Uganda,UG,,,Jinja,,Kagoma,,Budondo,,Nawangoma,Africa/Kampala,UTC +3.0 ,0.547300795142336,33.198463618887
Uganda,Uganda,UG,,,Jinja,,Kagoma,,Butagaya,,Budima,Africa/Kampala,UTC +3.0 ,0.653699204326466,33.0962200702348
Uganda,Uganda,UG,,,Jinja,,Kagoma,,Butagaya,,Lubani,Africa/Kampala,UTC +3.0 ,0.627638515888471,33.1294193646216
Uganda,Uganda,UG,,,Jinja,,Kagoma,,Butagaya,,Nakakulwe,Africa/Kampala,UTC +3.0 ,0.628166536896938,33.0703668309817
Uganda,Uganda,UG,,,Jinja,,Kagoma,,Butagaya,,Namagera,Africa/Kampala,UTC +3.0 ,0.585937110605495,33.1371899811773
Uganda,Uganda,UG,,,Jinja,,Kagoma,,Butagaya,,Nawampanda,Africa/Kampala,UTC +3.0 ,0.574301274482296,33.085624041991
Uganda,Uganda,UG,,,Jinja,,Kagoma,,Butagaya,,Wansimba,Africa/Kampala,UTC +3.0 ,0.594877513227123,33.1021207140731
Uganda,Uganda,UG,,,Jinja,,Kagoma,,Buwenge,,Buweera,Africa/Kampala,UTC +3.0 ,0.679869949571616,33.1578877672712
Uganda,Uganda,UG,,,Jinja,,Kagoma,,Buwenge,,Kagoma,Africa/Kampala,UTC +3.0 ,0.587542589713496,33.1999123608228
Uganda,Uganda,UG,,,Jinja,,Kagoma,,Buwenge,,Kaiira,Africa/Kampala,UTC +3.0 ,0.656283664524289,33.1367759780372
Uganda,Uganda,UG,,,Jinja,,Kagoma,,Buwenge,,Kitanaba,Africa/Kampala,UTC +3.0 ,0.668094480657026,33.1924514546559
Uganda,Uganda,UG,,,Jinja,,Kagoma,,Buwenge,,Magamaga,Africa/Kampala,UTC +3.0 ,0.620724974052326,33.1745399602636
Uganda,Uganda,UG,,,Jinja,,Kagoma,,Buwenge Tc,,Buwenge East Ward,Africa/Kampala,UTC +3.0 ,0.647488826855919,33.1808577858448
Uganda,Uganda,UG,,,Jinja,,Kagoma,,Buwenge Tc,,Buwenge North Ward,Africa/Kampala,UTC +3.0 ,0.660114152694462,33.1731716188523
Uganda,Uganda,UG,,,Jinja,,Kagoma,,Buwenge Tc,,Buwenge South Ward,Africa/Kampala,UTC +3.0 ,0.641734178228169,33.1701243257093
Uganda,Uganda,UG,,,Jinja,,Kagoma,,Buwenge Tc,,Buwenge West Ward,Africa/Kampala,UTC +3.0 ,0.655186536242803,33.1621486293101
Uganda,Uganda,UG,,,Jinja,,Kagoma,,Buyengo,,Bulugo,Africa/Kampala,UTC +3.0 ,0.664859372759479,33.2197997034657
Uganda,Uganda,UG,,,Jinja,,Kagoma,,Buyengo,,Butamira,Africa/Kampala,UTC +3.0 ,0.622142021493935,33.2241850206274
Uganda,Uganda,UG,,,Jinja,,Kagoma,,Buyengo,,Buwabuzzi,Africa/Kampala,UTC +3.0 ,0.615167209460308,33.2535580163335
Uganda,Uganda,UG,,,Jinja,,Kagoma,,Buyengo,,Iziru,Africa/Kampala,UTC +3.0 ,0.650925990343675,33.2660047434374
Uganda,Uganda,UG,,,Kabale,,Kabale,,Kabale Central,,Butobere Ward,Africa/Kampala,UTC +3.0 ,-1.24387661934074,30.0079117336117
Uganda,Uganda,UG,,,Kabale,,Kabale,,Kabale Central,,Central Ward,Africa/Kampala,UTC +3.0 ,-1.25032155930902,29.9887643431319
Uganda,Uganda,UG,,,Kabale,,Kabale,,Kabale Central,,Kigongi Ward,Africa/Kampala,UTC +3.0 ,-1.25427545127359,29.9965114325096
Uganda,Uganda,UG,,,Kabale,,Kabale,,Kabale Central,,Nyabikoni Ward,Africa/Kampala,UTC +3.0 ,-1.24888104343976,29.9745838522482
Uganda,Uganda,UG,,,Kabale,,Kabale,,Kabale Northern,,Kijuguta Ward,Africa/Kampala,UTC +3.0 ,-1.23542567680551,29.974700007363
Uganda,Uganda,UG,,,Kabale,,Kabale,,Kabale Northern,,Lower Bugongi Ward,Africa/Kampala,UTC +3.0 ,-1.24343596902726,29.9853644936319
Uganda,Uganda,UG,,,Kabale,,Kabale,,Kabale Northern,,Rutooma Ward,Africa/Kampala,UTC +3.0 ,-1.24156161155629,29.9627722014243
Uganda,Uganda,UG,,,Kabale,,Kabale,,Kabale Northern,,Upper Bugongi Ward,Africa/Kampala,UTC +3.0 ,-1.23416335646028,29.9950851946564
Uganda,Uganda,UG,,,Kabale,,Kabale,,Kabale Southern,,Karubanda Ward,Africa/Kampala,UTC +3.0 ,-1.28925317935224,29.9889949667567
Uganda,Uganda,UG,,,Kabale,,Kabale,,Kabale Southern,,Kirigime Ward,Africa/Kampala,UTC +3.0 ,-1.25834487187637,29.9810169169451
Uganda,Uganda,UG,,,Kabale,,Kabale,,Kabale Southern,,Mwanjari Ward,Africa/Kampala,UTC +3.0 ,-1.26936608464831,29.9809841553961
Uganda,Uganda,UG,,,Kabale,,Kabale,,Kabale Southern,,Rushaki Ward,Africa/Kampala,UTC +3.0 ,-1.2640843318156,30.0046972308606
Uganda,Uganda,UG,,,Kabale,,Ndorwa,,Buhara,,Bugarama,Africa/Kampala,UTC +3.0 ,-1.31331562654052,30.0524933705918
Uganda,Uganda,UG,,,Kabale,,Ndorwa,,Buhara,,Buhara,Africa/Kampala,UTC +3.0 ,-1.36432549973655,30.0369726847813
Uganda,Uganda,UG,,,Kabale,,Ndorwa,,Buhara,,Kafunjo,Africa/Kampala,UTC +3.0 ,-1.35048032150112,30.0800347284006
Uganda,Uganda,UG,,,Kabale,,Ndorwa,,Buhara,,Kitanga,Africa/Kampala,UTC +3.0 ,-1.34409680175492,30.0567207503438
Uganda,Uganda,UG,,,Kabale,,Ndorwa,,Buhara,,Muyebe,Africa/Kampala,UTC +3.0 ,-1.32447784563261,30.0251627544931
Uganda,Uganda,UG,,,Kabale,,Ndorwa,,Buhara,,Ntarabana,Africa/Kampala,UTC +3.0 ,-1.37493604848282,30.0552075170602
Uganda,Uganda,UG,,,Kabale,,Ndorwa,,Buhara,,Rwene,Africa/Kampala,UTC +3.0 ,-1.40323359462419,30.0357193478811
Uganda,Uganda,UG,,,Kabale,,Ndorwa,,Kaharo,,Bugarama,Africa/Kampala,UTC +3.0 ,-1.23365594256396,30.0865804757485
Uganda,Uganda,UG,,,Kabale,,Ndorwa,,Kaharo,,Burambira,Africa/Kampala,UTC +3.0 ,-1.29045548470255,30.0841568067941
Uganda,Uganda,UG,,,Kabale,,Ndorwa,,Kaharo,,Kaharo,Africa/Kampala,UTC +3.0 ,-1.22358620179985,30.0606475961638
Uganda,Uganda,UG,,,Kabale,,Ndorwa,,Kaharo,,Katenga,Africa/Kampala,UTC +3.0 ,-1.24588172380329,30.1232596806285
Uganda,Uganda,UG,,,Kabale,,Ndorwa,,Kaharo,,Kitohwa,Africa/Kampala,UTC +3.0 ,-1.25613559653664,30.1083952179921
Uganda,Uganda,UG,,,Kabale,,Ndorwa,,Kaharo,,Nyakasharara,Africa/Kampala,UTC +3.0 ,-1.26487376103067,30.0767702848648
Uganda,Uganda,UG,,,Kabale,,Ndorwa,,Kamuganguzi,,Buranga,Africa/Kampala,UTC +3.0 ,-1.36722439136897,29.9959622219951
Uganda,Uganda,UG,,,Kabale,,Ndorwa,,Kamuganguzi,,Kasheregenyi,Africa/Kampala,UTC +3.0 ,-1.34605893175603,30.0105194616707
Uganda,Uganda,UG,,,Kabale,,Ndorwa,,Kamuganguzi,,Katenga,Africa/Kampala,UTC +3.0 ,-1.33456414713275,29.9634226491116
Uganda,Uganda,UG,,,Kabale,,Ndorwa,,Kamuganguzi,,Kicumbi,Africa/Kampala,UTC +3.0 ,-1.33140890061988,29.9950484824085
Uganda,Uganda,UG,,,Kabale,,Ndorwa,,Kamuganguzi,,Kisaasa,Africa/Kampala,UTC +3.0 ,-1.38945281464191,30.0138655255441
Uganda,Uganda,UG,,,Kabale,,Ndorwa,,Kamuganguzi,,Kyasano,Africa/Kampala,UTC +3.0 ,-1.38592015619699,29.9719471714297
Uganda,Uganda,UG,,,Kabale,,Ndorwa,,Kamuganguzi,,Mayengo,Africa/Kampala,UTC +3.0 ,-1.39968765122097,29.9980059153955
Uganda,Uganda,UG,,,Kabale,,Ndorwa,,Kitumba,,Bukora,Africa/Kampala,UTC +3.0 ,-1.29847179694823,29.9607784246714
Uganda,Uganda,UG,,,Kabale,,Ndorwa,,Kitumba,,Bushuro,Africa/Kampala,UTC +3.0 ,-1.29357456351951,30.0116680833057
Uganda,Uganda,UG,,,Kabale,,Ndorwa,,Kitumba,,Bwama Islands,Africa/Kampala,UTC +3.0 ,-1.29104503607685,29.9267999540697
Uganda,Uganda,UG,,,Kabale,,Ndorwa,,Kitumba,,Kitumba,Africa/Kampala,UTC +3.0 ,-1.30626536159835,29.9902746786645
Uganda,Uganda,UG,,,Kabale,,Ndorwa,,Kitumba,,Mwendo,Africa/Kampala,UTC +3.0 ,-1.26928144985515,29.9493041495839
Uganda,Uganda,UG,,,Kabale,,Ndorwa,,Kyanamira,,Kanjobe,Africa/Kampala,UTC +3.0 ,-1.29909475292054,30.0726807808766
Uganda,Uganda,UG,,,Kabale,,Ndorwa,,Kyanamira,,Katookye,Africa/Kampala,UTC +3.0 ,-1.27484930789177,30.0225616928239
Uganda,Uganda,UG,,,Kabale,,Ndorwa,,Kyanamira,,Kigata,Africa/Kampala,UTC +3.0 ,-1.28794484709438,30.0458054043629
Uganda,Uganda,UG,,,Kabale,,Ndorwa,,Kyanamira,,Kyanamira,Africa/Kampala,UTC +3.0 ,-1.25876788640716,30.0389593079833
Uganda,Uganda,UG,,,Kabale,,Ndorwa,,Kyanamira,,Muyumbu,Africa/Kampala,UTC +3.0 ,-1.21982284766618,30.0336659364708
Uganda,Uganda,UG,,,Kabale,,Ndorwa,,Kyanamira,,Nyabushabi,Africa/Kampala,UTC +3.0 ,-1.21718041840618,30.0161022512142
Uganda,Uganda,UG,,,Kabale,,Ndorwa,,Kyanamira,,Nyakagyera,Africa/Kampala,UTC +3.0 ,-1.23932334611162,30.041288783896
Uganda,Uganda,UG,,,Kabale,,Ndorwa,,Maziba,,Birambo,Africa/Kampala,UTC +3.0 ,-1.32891485817897,30.1070274607009
Uganda,Uganda,UG,,,Kabale,,Ndorwa,,Maziba,,Kahondo,Africa/Kampala,UTC +3.0 ,-1.29018069828992,30.1600002019679
Uganda,Uganda,UG,,,Kabale,,Ndorwa,,Maziba,,Karweru,Africa/Kampala,UTC +3.0 ,-1.36275682432594,30.1109186861411
Uganda,Uganda,UG,,,Kabale,,Ndorwa,,Maziba,,Kavu,Africa/Kampala,UTC +3.0 ,-1.33237965178027,30.1372908774891
Uganda,Uganda,UG,,,Kabale,,Ndorwa,,Maziba,,Nyanja,Africa/Kampala,UTC +3.0 ,-1.28969473579071,30.1154985939212
Uganda,Uganda,UG,,,Kabale,,Ndorwa,,Maziba,,Rugarama,Africa/Kampala,UTC +3.0 ,-1.26305765834886,30.1463702257289
Uganda,Uganda,UG,,,Kabale,,Ndorwa,,Rubaya,,Bigaaga,Africa/Kampala,UTC +3.0 ,-1.45633032160417,29.9085960594707
Uganda,Uganda,UG,,,Kabale,,Ndorwa,,Rubaya,,Buramba,Africa/Kampala,UTC +3.0 ,-1.4248185214736,29.9303952978094
Uganda,Uganda,UG,,,Kabale,,Ndorwa,,Rubaya,,Kahungye,Africa/Kampala,UTC +3.0 ,-1.45004612151438,29.9219981779259
Uganda,Uganda,UG,,,Kabale,,Ndorwa,,Rubaya,,Karujanga,Africa/Kampala,UTC +3.0 ,-1.4403813072254,29.9792917760107
Uganda,Uganda,UG,,,Kabale,,Ndorwa,,Rubaya,,Kibuga,Africa/Kampala,UTC +3.0 ,-1.41724551459784,29.9661352498279
Uganda,Uganda,UG,,,Kabale,,Ndorwa,,Rubaya,,Kitooma,Africa/Kampala,UTC +3.0 ,-1.324731918855,29.9229196844213
Uganda,Uganda,UG,,,Kabale,,Ndorwa,,Rubaya,,Mugandu,Africa/Kampala,UTC +3.0 ,-1.42421408126866,29.9426421001893
Uganda,Uganda,UG,,,Kabale,,Ndorwa,,Rubaya,,Rwanyena,Africa/Kampala,UTC +3.0 ,-1.36943264661137,29.9330539277742
Uganda,Uganda,UG,,,Kabale,,Rubanda,,Bubaare,,Bubare,Africa/Kampala,UTC +3.0 ,-1.21830025816394,29.9182129830248
Uganda,Uganda,UG,,,Kabale,,Rubanda,,Bubaare,,Butoboore,Africa/Kampala,UTC +3.0 ,-1.19424415580756,29.9077805127345
Uganda,Uganda,UG,,,Kabale,,Rubanda,,Bubaare,,Bwindi,Africa/Kampala,UTC +3.0 ,-1.16021110899267,29.9904820763059
Uganda,Uganda,UG,,,Kabale,,Rubanda,,Bubaare,,Kagarama,Africa/Kampala,UTC +3.0 ,-1.24727804400416,29.9247978274963
Uganda,Uganda,UG,,,Kabale,,Rubanda,,Bubaare,,Kashenyi,Africa/Kampala,UTC +3.0 ,-1.1846863228348,29.9362598573063
Uganda,Uganda,UG,,,Kabale,,Rubanda,,Bubaare,,Muyanje,Africa/Kampala,UTC +3.0 ,-1.21565482789035,29.9904046706022
Uganda,Uganda,UG,,,Kabale,,Rubanda,,Bubaare,,Nangara,Africa/Kampala,UTC +3.0 ,-1.18475403606149,29.9676898568922
Uganda,Uganda,UG,,,Kabale,,Rubanda,,Bubaare,,Nyamiyaga,Africa/Kampala,UTC +3.0 ,-1.20595898266234,29.9576910946521
Uganda,Uganda,UG,,,Kabale,,Rubanda,,Bufundi,,Butanda,Africa/Kampala,UTC +3.0 ,-1.4091290041802,29.8974709492342
Uganda,Uganda,UG,,,Kabale,,Rubanda,,Bufundi,,Enchuya Fr,Africa/Kampala,UTC +3.0 ,-1.30212560943385,29.8334510439298
Uganda,Uganda,UG,,,Kabale,,Rubanda,,Bufundi,,Kacherere,Africa/Kampala,UTC +3.0 ,-1.26810449497246,29.8494487955886
Uganda,Uganda,UG,,,Kabale,,Rubanda,,Bufundi,,Kagunga,Africa/Kampala,UTC +3.0 ,-1.26027213860761,29.8780586529798
Uganda,Uganda,UG,,,Kabale,,Rubanda,,Bufundi,,Kashasha,Africa/Kampala,UTC +3.0 ,-1.33039410096537,29.8632551027222
Uganda,Uganda,UG,,,Kabale,,Rubanda,,Bufundi,,Kishanje,Africa/Kampala,UTC +3.0 ,-1.29942701637376,29.8661329296445
Uganda,Uganda,UG,,,Kabale,,Rubanda,,Bufundi,,Mugyera,Africa/Kampala,UTC +3.0 ,-1.30593004449264,29.8963077164416
Uganda,Uganda,UG,,,Kabale,,Rubanda,,Bufundi,,Nyamiryango,Africa/Kampala,UTC +3.0 ,-1.36729436728178,29.8966766595405
Uganda,Uganda,UG,,,Kabale,,Rubanda,,Hamurwa,,Hamurwa,Africa/Kampala,UTC +3.0 ,-1.13996537304021,29.8994100808652
Uganda,Uganda,UG,,,Kabale,,Rubanda,,Hamurwa,,Igomanda,Africa/Kampala,UTC +3.0 ,-1.14169094164084,29.9411017552444
Uganda,Uganda,UG,,,Kabale,,Rubanda,,Hamurwa,,Kakore,Africa/Kampala,UTC +3.0 ,-1.16727511375697,29.9144666205523
Uganda,Uganda,UG,,,Kabale,,Rubanda,,Hamurwa,,Kiirima Fr,Africa/Kampala,UTC +3.0 ,-1.08665885655234,29.9232987568498
Uganda,Uganda,UG,,,Kabale,,Rubanda,,Hamurwa,,Mpungu,Africa/Kampala,UTC +3.0 ,-1.07429345396571,29.8998040942489
Uganda,Uganda,UG,,,Kabale,,Rubanda,,Hamurwa,,Ruhonwa,Africa/Kampala,UTC +3.0 ,-1.10458643726423,29.8815621201954
Uganda,Uganda,UG,,,Kabale,,Rubanda,,Hamurwa,,Shebeya,Africa/Kampala,UTC +3.0 ,-1.11263416632692,29.9284583802456
Uganda,Uganda,UG,,,Kabale,,Rubanda,,Ikumba,,Bwindi Np,Africa/Kampala,UTC +3.0 ,-1.08247778648667,29.7781555048195
Uganda,Uganda,UG,,,Kabale,,Rubanda,,Ikumba,,Kashaasha,Africa/Kampala,UTC +3.0 ,-1.11721329167006,29.7934645258856
Uganda,Uganda,UG,,,Kabale,,Rubanda,,Ikumba,,Kitojo,Africa/Kampala,UTC +3.0 ,-1.02041169394749,29.7725802628938
Uganda,Uganda,UG,,,Kabale,,Rubanda,,Ikumba,,Kiyebe,Africa/Kampala,UTC +3.0 ,-1.04252512558687,29.8146359979759
Uganda,Uganda,UG,,,Kabale,,Rubanda,,Ikumba,,Mushanje,Africa/Kampala,UTC +3.0 ,-1.07111764597199,29.8511364549295
Uganda,Uganda,UG,,,Kabale,,Rubanda,,Ikumba,,Nyakabungo,Africa/Kampala,UTC +3.0 ,-1.14269207567514,29.8411900391284
Uganda,Uganda,UG,,,Kabale,,Rubanda,,Ikumba,,Nyamabare,Africa/Kampala,UTC +3.0 ,-1.10223128837564,29.8454717094978
Uganda,Uganda,UG,,,Kabale,,Rubanda,,Ikumba,,Nyaruhanga,Africa/Kampala,UTC +3.0 ,-1.1278256739242,29.8610442164304
Uganda,Uganda,UG,,,Kabale,,Rubanda,,Muko,,Butare,Africa/Kampala,UTC +3.0 ,-1.19861943812733,29.7906181832431
Uganda,Uganda,UG,,,Kabale,,Rubanda,,Muko,,Ikamiro,Africa/Kampala,UTC +3.0 ,-1.24318451129395,29.8292882776835
Uganda,Uganda,UG,,,Kabale,,Rubanda,,Muko,,Kaara,Africa/Kampala,UTC +3.0 ,-1.15470796633671,29.7787770369778
Uganda,Uganda,UG,,,Kabale,,Rubanda,,Muko,,Kabere,Africa/Kampala,UTC +3.0 ,-1.21777680232394,29.878548512597
Uganda,Uganda,UG,,,Kabale,,Rubanda,,Muko,,Karengyere,Africa/Kampala,UTC +3.0 ,-1.22508917620174,29.8021843856363
Uganda,Uganda,UG,,,Kabale,,Rubanda,,Muko,,Kyenyi,Africa/Kampala,UTC +3.0 ,-1.18836106786019,29.8599804786139
Uganda,Uganda,UG,,,Kabale,,Rubanda,,Muko,,Nyarurambi,Africa/Kampala,UTC +3.0 ,-1.17240798144891,29.8301975700221
Uganda,Uganda,UG,,,Kabale,,Rukiga,,Bukinda,,Kandago,Africa/Kampala,UTC +3.0 ,-1.16705506991038,30.0932158407344
Uganda,Uganda,UG,,,Kabale,,Rukiga,,Bukinda,,Karorwa,Africa/Kampala,UTC +3.0 ,-1.22245024382136,30.1392228988581
Uganda,Uganda,UG,,,Kabale,,Rukiga,,Bukinda,,Kyerero,Africa/Kampala,UTC +3.0 ,-1.14126306414889,30.0931594420122
Uganda,Uganda,UG,,,Kabale,,Rukiga,,Bukinda,,Muhanga,Africa/Kampala,UTC +3.0 ,-1.16755372199023,30.1304978506178
Uganda,Uganda,UG,,,Kabale,,Rukiga,,Bukinda,,Nyabirerema,Africa/Kampala,UTC +3.0 ,-1.20729486348899,30.1189750150502
Uganda,Uganda,UG,,,Kabale,,Rukiga,,Bukinda,,Nyakasiru,Africa/Kampala,UTC +3.0 ,-1.19805977245835,30.1418874057263
Uganda,Uganda,UG,,,Kabale,,Rukiga,,Kamwezi,,Kashekye,Africa/Kampala,UTC +3.0 ,-1.24907665289737,30.209084218467
Uganda,Uganda,UG,,,Kabale,,Rukiga,,Kamwezi,,Kibanda,Africa/Kampala,UTC +3.0 ,-1.1875464824231,30.2575557949237
Uganda,Uganda,UG,,,Kabale,,Rukiga,,Kamwezi,,Kigara,Africa/Kampala,UTC +3.0 ,-1.20952546930619,30.2046284732437
Uganda,Uganda,UG,,,Kabale,,Rukiga,,Kamwezi,,Kyabuhangwa,Africa/Kampala,UTC +3.0 ,-1.24555836336607,30.1753399775986
Uganda,Uganda,UG,,,Kabale,,Rukiga,,Kamwezi,,Kyogo,Africa/Kampala,UTC +3.0 ,-1.19856816923091,30.1646991410823
Uganda,Uganda,UG,,,Kabale,,Rukiga,,Kamwezi,,Rwenyangye,Africa/Kampala,UTC +3.0 ,-1.16910838229109,30.1698700050857
Uganda,Uganda,UG,,,Kabale,,Rukiga,,Kashambya,,Buchundura,Africa/Kampala,UTC +3.0 ,-1.08823400588037,29.956276974097
Uganda,Uganda,UG,,,Kabale,,Rukiga,,Kashambya,,Kafunjo,Africa/Kampala,UTC +3.0 ,-1.04096069631233,29.9393735935323
Uganda,Uganda,UG,,,Kabale,,Rukiga,,Kashambya,,Kitanga,Africa/Kampala,UTC +3.0 ,-1.10048894306412,30.0056953961405
Uganda,Uganda,UG,,,Kabale,,Rukiga,,Kashambya,,Kitunga,Africa/Kampala,UTC +3.0 ,-1.07424158721184,30.0297552785506
Uganda,Uganda,UG,,,Kabale,,Rukiga,,Kashambya,,Nyakashebeya,Africa/Kampala,UTC +3.0 ,-1.05056862737194,30.0040042724097
Uganda,Uganda,UG,,,Kabale,,Rukiga,,Kashambya,,Rutengye,Africa/Kampala,UTC +3.0 ,-1.04129646847664,29.9706285310201
Uganda,Uganda,UG,,,Kabale,,Rukiga,,Rwamucucu,,Burime,Africa/Kampala,UTC +3.0 ,-1.12343304625746,30.0622062802854
Uganda,Uganda,UG,,,Kabale,,Rukiga,,Rwamucucu,,Ibumba,Africa/Kampala,UTC +3.0 ,-1.19541573734157,30.0886093778435
Uganda,Uganda,UG,,,Kabale,,Rukiga,,Rwamucucu,,Kitojo,Africa/Kampala,UTC +3.0 ,-1.1433676909129,30.0498028334076
Uganda,Uganda,UG,,,Kabale,,Rukiga,,Rwamucucu,,Mparo,Africa/Kampala,UTC +3.0 ,-1.1726164356923,30.0399587554019
Uganda,Uganda,UG,,,Kabale,,Rukiga,,Rwamucucu,,Noozi,Africa/Kampala,UTC +3.0 ,-1.13841871653042,30.0094550458459
Uganda,Uganda,UG,,,Kabale,,Rukiga,,Rwamucucu,,Nyakagabagaba,Africa/Kampala,UTC +3.0 ,-1.0911426407772,30.0607509957781
Uganda,Uganda,UG,,,Kabale,,Rukiga,,Rwamucucu,,Nyarurambi,Africa/Kampala,UTC +3.0 ,-1.19320574141884,30.0561077741754
Uganda,Uganda,UG,,,Kabarole,,Bunyangabu,,Buhesi,,Kabahango,Africa/Kampala,UTC +3.0 ,0.574000079121234,30.2542397762477
Uganda,Uganda,UG,,,Kabarole,,Bunyangabu,,Buhesi,,Kiboota,Africa/Kampala,UTC +3.0 ,0.597303572450015,30.1469173573015
Uganda,Uganda,UG,,,Kabarole,,Bunyangabu,,Buhesi,,Kiyombya,Africa/Kampala,UTC +3.0 ,0.533292838786165,30.232090986717
Uganda,Uganda,UG,,,Kabarole,,Bunyangabu,,Buhesi,,Rwensenene,Africa/Kampala,UTC +3.0 ,0.565994511226346,30.2111928204998
Uganda,Uganda,UG,,,Kabarole,,Bunyangabu,,Kibiito,,Bukara,Africa/Kampala,UTC +3.0 ,0.48286067551324,30.0680038352571
Uganda,Uganda,UG,,,Kabarole,,Bunyangabu,,Kibiito,,Kabaale,Africa/Kampala,UTC +3.0 ,0.437971356352103,30.1932848708368
Uganda,Uganda,UG,,,Kabarole,,Bunyangabu,,Kibiito,,Kabonero,Africa/Kampala,UTC +3.0 ,0.465489039427609,30.1623151641985
Uganda,Uganda,UG,,,Kabarole,,Bunyangabu,,Kibiito,,Kibiito,Africa/Kampala,UTC +3.0 ,0.474142357507297,30.2024565829237
Uganda,Uganda,UG,,,Kabarole,,Bunyangabu,,Kibiito,,Mujunju,Africa/Kampala,UTC +3.0 ,0.460187871037631,30.2374980658582
Uganda,Uganda,UG,,,Kabarole,,Bunyangabu,,Kibiito,,Unknown,Africa/Kampala,UTC +3.0 ,0.526723417409785,30.0711987494363
Uganda,Uganda,UG,,,Kabarole,,Bunyangabu,,Kisomoro,,Kicuucu,Africa/Kampala,UTC +3.0 ,0.509443686136355,30.1721662742788
Uganda,Uganda,UG,,,Kabarole,,Bunyangabu,,Kisomoro,,Kisomoro,Africa/Kampala,UTC +3.0 ,0.53644529190068,30.1418743405559
Uganda,Uganda,UG,,,Kabarole,,Bunyangabu,,Kisomoro,,Lyamabwa,Africa/Kampala,UTC +3.0 ,0.501003900264787,30.2341109450012
Uganda,Uganda,UG,,,Kabarole,,Bunyangabu,,Kisomoro,,Rubona,Africa/Kampala,UTC +3.0 ,0.563478616446601,30.1545579901525
Uganda,Uganda,UG,,,Kabarole,,Bunyangabu,,Kisomoro,,Rwenzori Mountain Fr,Africa/Kampala,UTC +3.0 ,0.570402914065477,30.0989919534155
Uganda,Uganda,UG,,,Kabarole,,Bunyangabu,,Rwiimi,,Kadindimo,Africa/Kampala,UTC +3.0 ,0.398990464762291,30.2676656486871
Uganda,Uganda,UG,,,Kabarole,,Bunyangabu,,Rwiimi,,Kaina,Africa/Kampala,UTC +3.0 ,0.426525166921938,30.2355994503312
Uganda,Uganda,UG,,,Kabarole,,Bunyangabu,,Rwiimi,,Kakooga,Africa/Kampala,UTC +3.0 ,0.374794613874958,30.2582705541935
Uganda,Uganda,UG,,,Kabarole,,Bunyangabu,,Rwiimi,,Rwiimi,Africa/Kampala,UTC +3.0 ,0.381479567583882,30.2236899375091
Uganda,Uganda,UG,,,Kabarole,,Burahya,,Bukuku,,Bukuku Fr,Africa/Kampala,UTC +3.0 ,0.686007151110559,30.1473074226772
Uganda,Uganda,UG,,,Kabarole,,Burahya,,Bukuku,,Karago,Africa/Kampala,UTC +3.0 ,0.685020945063858,30.1884053598054
Uganda,Uganda,UG,,,Kabarole,,Burahya,,Bukuku,,Kazingo,Africa/Kampala,UTC +3.0 ,0.660903902411186,30.1737385764869
Uganda,Uganda,UG,,,Kabarole,,Burahya,,Bukuku,,Kiguma,Africa/Kampala,UTC +3.0 ,0.656877011134454,30.2163993563898
Uganda,Uganda,UG,,,Kabarole,,Burahya,,Busoro,,Busoro,Africa/Kampala,UTC +3.0 ,0.668117371425416,30.3404257005777
Uganda,Uganda,UG,,,Kabarole,,Burahya,,Busoro,,Ibaale,Africa/Kampala,UTC +3.0 ,0.628555575990766,30.3059226109774
Uganda,Uganda,UG,,,Kabarole,,Burahya,,Busoro,,Kaswa,Africa/Kampala,UTC +3.0 ,0.638769219589082,30.3569785157098
Uganda,Uganda,UG,,,Kabarole,,Burahya,,Busoro,,Kibale Fr,Africa/Kampala,UTC +3.0 ,0.642883595971322,30.3910884927185
Uganda,Uganda,UG,,,Kabarole,,Burahya,,Busoro,,Rwengaju,Africa/Kampala,UTC +3.0 ,0.696551559696615,30.3171153190337
Uganda,Uganda,UG,,,Kabarole,,Burahya,,Hakibaale,,Itwara Fr,Africa/Kampala,UTC +3.0 ,0.809827180049753,30.4575207754227
Uganda,Uganda,UG,,,Kabarole,,Burahya,,Hakibaale,,Kabende,Africa/Kampala,UTC +3.0 ,0.896284866653246,30.4732796144374
Uganda,Uganda,UG,,,Kabarole,,Burahya,,Hakibaale,,Kahangi,Africa/Kampala,UTC +3.0 ,0.704786250271636,30.4019212166724
Uganda,Uganda,UG,,,Kabarole,,Burahya,,Hakibaale,,Kibasi,Africa/Kampala,UTC +3.0 ,0.760889911298223,30.4061772477246
Uganda,Uganda,UG,,,Kabarole,,Burahya,,Hakibaale,,Kiburara,Africa/Kampala,UTC +3.0 ,0.7240607346713,30.3562893999987
Uganda,Uganda,UG,,,Kabarole,,Burahya,,Hakibaale,,Kijura,Africa/Kampala,UTC +3.0 ,0.821610300950837,30.396963932709
Uganda,Uganda,UG,,,Kabarole,,Burahya,,Hakibaale,,Kituule,Africa/Kampala,UTC +3.0 ,0.76537262295581,30.3679774490286
Uganda,Uganda,UG,,,Kabarole,,Burahya,,Hakibaale,,Semilik Np,Africa/Kampala,UTC +3.0 ,0.790351301376342,30.3253193072142
Uganda,Uganda,UG,,,Kabarole,,Burahya,,Hakibaale,,Semiliki Np,Africa/Kampala,UTC +3.0 ,0.867344458736073,30.3696135957256
Uganda,Uganda,UG,,,Kabarole,,Burahya,,Karambi,,Butebe,Africa/Kampala,UTC +3.0 ,0.672422546184336,30.2482012755653
Uganda,Uganda,UG,,,Kabarole,,Burahya,,Karambi,,Karambi,Africa/Kampala,UTC +3.0 ,0.627804115274902,30.2450185457349
Uganda,Uganda,UG,,,Kabarole,,Burahya,,Karambi,,Rubingo,Africa/Kampala,UTC +3.0 ,0.603956026342961,30.2831448174941
Uganda,Uganda,UG,,,Kabarole,,Burahya,,Kichwamba,,Bwanika,Africa/Kampala,UTC +3.0 ,0.726897554783618,30.242119991952
Uganda,Uganda,UG,,,Kabarole,,Burahya,,Kichwamba,,Kihondo,Africa/Kampala,UTC +3.0 ,0.714773489347271,30.1917400441099
Uganda,Uganda,UG,,,Kabarole,,Burahya,,Kichwamba,,Nyantamabona,Africa/Kampala,UTC +3.0 ,0.733916023185284,30.2972496012181
Uganda,Uganda,UG,,,Kabarole,,Burahya,,Mugusu,,Burungu,Africa/Kampala,UTC +3.0 ,0.626617584491686,30.2145258581245
Uganda,Uganda,UG,,,Kabarole,,Burahya,,Mugusu,,Kiboha,Africa/Kampala,UTC +3.0 ,0.606265755917022,30.2283344316912
Uganda,Uganda,UG,,,Kabarole,,Burahya,,Mugusu,,Kiraro,Africa/Kampala,UTC +3.0 ,0.615812273249165,30.1901795414138
Uganda,Uganda,UG,,,Kabarole,,Burahya,,Mugusu,,Nyabuswa,Africa/Kampala,UTC +3.0 ,0.634494524990626,30.147650215797
Uganda,Uganda,UG,,,Kabarole,,Burahya,,Ruteete,,Isunga,Africa/Kampala,UTC +3.0 ,0.480056410586333,30.3179278922325
Uganda,Uganda,UG,,,Kabarole,,Burahya,,Ruteete,,Kasenda,Africa/Kampala,UTC +3.0 ,0.456504631093893,30.2749186471938
Uganda,Uganda,UG,,,Kabarole,,Burahya,,Ruteete,,Kibale Fr,Africa/Kampala,UTC +3.0 ,0.551063487115191,30.3904942016829
Uganda,Uganda,UG,,,Kabarole,,Burahya,,Ruteete,,Kibale Np,Africa/Kampala,UTC +3.0 ,0.391280895846218,30.3520758359923
Uganda,Uganda,UG,,,Kabarole,,Burahya,,Ruteete,,Kiko,Africa/Kampala,UTC +3.0 ,0.586501735843377,30.3269273421555
Uganda,Uganda,UG,,,Kabarole,,Burahya,,Ruteete,,Kyamukoka,Africa/Kampala,UTC +3.0 ,0.525726662663576,30.2854846632996
Uganda,Uganda,UG,,,Kabarole,,Burahya,,Ruteete,,Nyabweya,Africa/Kampala,UTC +3.0 ,0.426854527062484,30.2941887318928
Uganda,Uganda,UG,,,Kabarole,,Burahya,,Ruteete,,Rurama,Africa/Kampala,UTC +3.0 ,0.529227215442544,30.328974088914
Uganda,Uganda,UG,,,Kabarole,,Burahya,,Rwiimi,,Kibale Np,Africa/Kampala,UTC +3.0 ,0.321854478163515,30.3242198857204
Uganda,Uganda,UG,,,Kabarole,,Fort Portal,,Eastern,,Bukwali Ward,Africa/Kampala,UTC +3.0 ,0.651485911345044,30.2878591781327
Uganda,Uganda,UG,,,Kabarole,,Fort Portal,,Eastern,,Kitumba Ward,Africa/Kampala,UTC +3.0 ,0.649399306450547,30.3084906415533
Uganda,Uganda,UG,,,Kabarole,,Fort Portal,,Eastern,,Njara Ward,Africa/Kampala,UTC +3.0 ,0.664999886797473,30.2939526496913
Uganda,Uganda,UG,,,Kabarole,,Fort Portal,,Eastern,,Nyakagongo Ward,Africa/Kampala,UTC +3.0 ,0.636822210968866,30.293130894737
Uganda,Uganda,UG,,,Kabarole,,Fort Portal,,Southern,,Bazaar,Africa/Kampala,UTC +3.0 ,0.651536323533441,30.2722445114156
Uganda,Uganda,UG,,,Kabarole,,Fort Portal,,Southern,,Kasusu,Africa/Kampala,UTC +3.0 ,0.625582504436135,30.2593023071839
Uganda,Uganda,UG,,,Kabarole,,Fort Portal,,Southern,,Kijanju,Africa/Kampala,UTC +3.0 ,0.634399520370956,30.2730389230626
Uganda,Uganda,UG,,,Kabarole,,Fort Portal,,Western,,Kagote,Africa/Kampala,UTC +3.0 ,0.669331823710458,30.2704373886304
Uganda,Uganda,UG,,,Kabarole,,Fort Portal,,Western,,Kibimba,Africa/Kampala,UTC +3.0 ,0.687834915042472,30.2635754565009
Uganda,Uganda,UG,,,Kabarole,,Fort Portal,,Western,,Nyabukara,Africa/Kampala,UTC +3.0 ,0.678989755909094,30.2781621551866
Uganda,Uganda,UG,,,Kabarole,,Fort Portal,,Western,,Rwengoma,Africa/Kampala,UTC +3.0 ,0.661893528491126,30.2594890097025
Uganda,Uganda,UG,,,Kaberamaido,,Kaberamaido,,Alwa,,Abalang,Africa/Kampala,UTC +3.0 ,1.87177563913156,33.1912617555814
Uganda,Uganda,UG,,,Kaberamaido,,Kaberamaido,,Alwa,,Ochelakur,Africa/Kampala,UTC +3.0 ,1.84433916789545,33.2402091052903
Uganda,Uganda,UG,,,Kaberamaido,,Kaberamaido,,Alwa,,Palatau,Africa/Kampala,UTC +3.0 ,1.82658241463392,33.1377671722668
Uganda,Uganda,UG,,,Kaberamaido,,Kaberamaido,,Kaberamaido,,Achanpi,Africa/Kampala,UTC +3.0 ,1.79674725502075,33.2009976712949
Uganda,Uganda,UG,,,Kaberamaido,,Kaberamaido,,Kaberamaido,,Kaberamaido,Africa/Kampala,UTC +3.0 ,1.74515463794518,33.1593116652747
Uganda,Uganda,UG,,,Kaberamaido,,Kaberamaido,,Kaberamaido,,Kaberamaido,Africa/Kampala,UTC +3.0 ,1.77302312385904,33.1235894551748
Uganda,Uganda,UG,,,Kaberamaido,,Kaberamaido,,Kaberamaido,,Kamuk,Africa/Kampala,UTC +3.0 ,1.75507022862957,33.1785565500253
Uganda,Uganda,UG,,,Kaberamaido,,Kaberamaido,,Kaberamaido,,Okapel,Africa/Kampala,UTC +3.0 ,1.69160202563107,33.2158258034051
Uganda,Uganda,UG,,,Kaberamaido,,Kaberamaido,,Kaberamaido,,Olelai,Africa/Kampala,UTC +3.0 ,1.76875665006274,33.2599360340989
Uganda,Uganda,UG,,,Kaberamaido,,Kaberamaido,,Kaberamaido Tc,,Alem Ward,Africa/Kampala,UTC +3.0 ,1.76638502100068,33.1598706098635
Uganda,Uganda,UG,,,Kaberamaido,,Kaberamaido,,Kaberamaido Tc,,Ararak Ward,Africa/Kampala,UTC +3.0 ,1.77166761491609,33.1502452977341
Uganda,Uganda,UG,,,Kaberamaido,,Kaberamaido,,Kaberamaido Tc,,Majengo Ward,Africa/Kampala,UTC +3.0 ,1.75904125953829,33.1472404865428
Uganda,Uganda,UG,,,Kaberamaido,,Kaberamaido,,Kobulubulu,,Kabalkweru,Africa/Kampala,UTC +3.0 ,1.72970385327715,33.1378564358395
Uganda,Uganda,UG,,,Kaberamaido,,Kaberamaido,,Kobulubulu,,Katinge,Africa/Kampala,UTC +3.0 ,1.71259272783423,33.0898168394955
Uganda,Uganda,UG,,,Kaberamaido,,Kaberamaido,,Kobulubulu,,Ogerai,Africa/Kampala,UTC +3.0 ,1.62445212022395,33.1267418547188
Uganda,Uganda,UG,,,Kaberamaido,,Kaberamaido,,Kobulubulu,,Okile,Africa/Kampala,UTC +3.0 ,1.65929527055461,33.1569460783137
Uganda,Uganda,UG,,,Kaberamaido,,Kaberamaido,,Ochero,,Kagaa,Africa/Kampala,UTC +3.0 ,1.61017066439041,33.0480373968629
Uganda,Uganda,UG,,,Kaberamaido,,Kaberamaido,,Ochero,,Kanyalam,Africa/Kampala,UTC +3.0 ,1.66691858663652,33.0549378182676
Uganda,Uganda,UG,,,Kaberamaido,,Kaberamaido,,Ochero,,Swagere,Africa/Kampala,UTC +3.0 ,1.56544788999131,32.9988465121852
Uganda,Uganda,UG,,,Kaberamaido,,Kalaki,,Anyara,,Anyara,Africa/Kampala,UTC +3.0 ,1.98252174589238,33.3584023191873
Uganda,Uganda,UG,,,Kaberamaido,,Kalaki,,Anyara,,Ogwolo,Africa/Kampala,UTC +3.0 ,1.98643206955761,33.298200737534
Uganda,Uganda,UG,,,Kaberamaido,,Kalaki,,Anyara,,Omid,Africa/Kampala,UTC +3.0 ,2.02669065025567,33.3356468041011
Uganda,Uganda,UG,,,Kaberamaido,,Kalaki,,Bululu,,Kibimo,Africa/Kampala,UTC +3.0 ,1.67054627731048,33.2612769340854
Uganda,Uganda,UG,,,Kaberamaido,,Kalaki,,Bululu,,Obur,Africa/Kampala,UTC +3.0 ,1.71981221512792,33.3142954471473
Uganda,Uganda,UG,,,Kaberamaido,,Kalaki,,Bululu,,Ochelakur,Africa/Kampala,UTC +3.0 ,1.71807619593034,33.3705801749463
Uganda,Uganda,UG,,,Kaberamaido,,Kalaki,,Kalaki,,Kakure,Africa/Kampala,UTC +3.0 ,1.85997547180453,33.3844776980526
Uganda,Uganda,UG,,,Kaberamaido,,Kalaki,,Kalaki,,Kalaki,Africa/Kampala,UTC +3.0 ,1.83687015112504,33.3328817567022
Uganda,Uganda,UG,,,Kaberamaido,,Kalaki,,Kalaki,,Kamuda,Africa/Kampala,UTC +3.0 ,1.78911259243373,33.3769173181914
Uganda,Uganda,UG,,,Kaberamaido,,Kalaki,,Otuboi,,Amoru,Africa/Kampala,UTC +3.0 ,1.93347549690777,33.3372179553019
Uganda,Uganda,UG,,,Kaberamaido,,Kalaki,,Otuboi,,Apapai,Africa/Kampala,UTC +3.0 ,1.90291566487903,33.4116091513053
Uganda,Uganda,UG,,,Kaberamaido,,Kalaki,,Otuboi,,Kadie,Africa/Kampala,UTC +3.0 ,1.88889469303023,33.3139364492196
Uganda,Uganda,UG,,,Kaberamaido,,Kalaki,,Otuboi,,Lwala,Africa/Kampala,UTC +3.0 ,1.86611069681936,33.2719669511246
Uganda,Uganda,UG,,,Kaberamaido,,Kalaki,,Otuboi,,Opilitok,Africa/Kampala,UTC +3.0 ,1.92414618584909,33.2685689664131
Uganda,Uganda,UG,,,Kalangala,,Bujumba,,Bujumba,,Bujumba,Africa/Kampala,UTC +3.0 ,-0.38051601458076,32.2680037183511
Uganda,Uganda,UG,,,Kalangala,,Bujumba,,Bujumba,,Buyama,Africa/Kampala,UTC +3.0 ,-0.484749584301187,32.3344993197605
Uganda,Uganda,UG,,,Kalangala,,Bujumba,,Bujumba,,Buyama,Africa/Kampala,UTC +3.0 ,-0.468555188936174,32.3829585229493
Uganda,Uganda,UG,,,Kalangala,,Bujumba,,Bujumba,,Buyama,Africa/Kampala,UTC +3.0 ,-0.449247035547837,32.3341122801055
Uganda,Uganda,UG,,,Kalangala,,Bujumba,,Bujumba,,Buyama,Africa/Kampala,UTC +3.0 ,-0.469932095506888,32.3311715246357
Uganda,Uganda,UG,,,Kalangala,,Bujumba,,Bujumba,,Buyama,Africa/Kampala,UTC +3.0 ,-0.46461780569896,32.3224631839524
Uganda,Uganda,UG,,,Kalangala,,Bujumba,,Bujumba,,Buyama,Africa/Kampala,UTC +3.0 ,-0.388542158841131,32.3083344007401
Uganda,Uganda,UG,,,Kalangala,,Bujumba,,Bujumba,,Bwendero,Africa/Kampala,UTC +3.0 ,-0.483065320208151,32.2372063376085
Uganda,Uganda,UG,,,Kalangala,,Bujumba,,Bujumba,,Bwendero,Africa/Kampala,UTC +3.0 ,-0.43946225745582,32.235074347902
Uganda,Uganda,UG,,,Kalangala,,Bujumba,,Bujumba,,Bwendero,Africa/Kampala,UTC +3.0 ,-0.459624109812978,32.1695854609363
Uganda,Uganda,UG,,,Kalangala,,Bujumba,,Bujumba,,Bwendero,Africa/Kampala,UTC +3.0 ,-0.415160791762883,32.1719082496153
Uganda,Uganda,UG,,,Kalangala,,Bujumba,,Bujumba,,Bwendero,Africa/Kampala,UTC +3.0 ,-0.388074566702221,32.1983751915038
Uganda,Uganda,UG,,,Kalangala,,Bujumba,,Bujumba,,Mulabana,Africa/Kampala,UTC +3.0 ,-0.508116170987775,32.1933214471193
Uganda,Uganda,UG,,,Kalangala,,Bujumba,,Bujumba,,Mulabana,Africa/Kampala,UTC +3.0 ,-0.496740411702693,32.1720666336523
Uganda,Uganda,UG,,,Kalangala,,Bujumba,,Kalangala Tc,,Kalangala A,Africa/Kampala,UTC +3.0 ,-0.323619662992129,32.2854065189452
Uganda,Uganda,UG,,,Kalangala,,Bujumba,,Kalangala Tc,,Kalangala B,Africa/Kampala,UTC +3.0 ,-0.31791337978471,32.3037516264627
Uganda,Uganda,UG,,,Kalangala,,Bujumba,,Mugoye,,Bbeta,Africa/Kampala,UTC +3.0 ,-0.277562101804705,32.0762257575753
Uganda,Uganda,UG,,,Kalangala,,Bujumba,,Mugoye,,Bbeta,Africa/Kampala,UTC +3.0 ,-0.271577311546111,32.1403710394266
Uganda,Uganda,UG,,,Kalangala,,Bujumba,,Mugoye,,Kagulube,Africa/Kampala,UTC +3.0 ,-0.276290000333252,32.0763586666668
Uganda,Uganda,UG,,,Kalangala,,Bujumba,,Mugoye,,Kagulube,Africa/Kampala,UTC +3.0 ,-0.273941316115366,32.0768923086691
Uganda,Uganda,UG,,,Kalangala,,Bujumba,,Mugoye,,Kagulube,Africa/Kampala,UTC +3.0 ,-0.246372900489624,32.0892380595814
Uganda,Uganda,UG,,,Kalangala,,Bujumba,,Mugoye,,Kayunga,Africa/Kampala,UTC +3.0 ,-0.324322136934894,32.2211373532423
Uganda,Uganda,UG,,,Kalangala,,Bujumba,,Mugoye,,Kayunga,Africa/Kampala,UTC +3.0 ,-0.237531325411272,32.2158435029535
Uganda,Uganda,UG,,,Kalangala,,Bujumba,,Mugoye,,Kayunga,Africa/Kampala,UTC +3.0 ,-0.230090436289207,32.1974678178166
Uganda,Uganda,UG,,,Kalangala,,Bujumba,,Mugoye,,Kayunga,Africa/Kampala,UTC +3.0 ,-0.250602332683033,32.1839946665674
Uganda,Uganda,UG,,,Kalangala,,Bujumba,,Mugoye,,Kayunga,Africa/Kampala,UTC +3.0 ,-0.247849835843336,32.1853865694322
Uganda,Uganda,UG,,,Kalangala,,Bujumba,,Mugoye,,Kayunga,Africa/Kampala,UTC +3.0 ,-0.244943333123023,32.1866953334154
Uganda,Uganda,UG,,,Kalangala,,Kyamuswa,,Bubeke,,Bubeke,Africa/Kampala,UTC +3.0 ,-0.35769968922042,32.5707997687019
Uganda,Uganda,UG,,,Kalangala,,Kyamuswa,,Bubeke,,Bubeke,Africa/Kampala,UTC +3.0 ,-0.326142249210208,32.59136052851
Uganda,Uganda,UG,,,Kalangala,,Kyamuswa,,Bubeke,,Bubeke,Africa/Kampala,UTC +3.0 ,-0.324114891148369,32.7222287498762
Uganda,Uganda,UG,,,Kalangala,,Kyamuswa,,Bubeke,,Jaana,Africa/Kampala,UTC +3.0 ,-0.227347705286325,32.574594611616
Uganda,Uganda,UG,,,Kalangala,,Kyamuswa,,Bufumira,,Bufumira,Africa/Kampala,UTC +3.0 ,-0.409305510683101,32.3742857812032
Uganda,Uganda,UG,,,Kalangala,,Kyamuswa,,Bufumira,,Bufumira,Africa/Kampala,UTC +3.0 ,-0.388460304873493,32.4187713925619
Uganda,Uganda,UG,,,Kalangala,,Kyamuswa,,Bufumira,,Bufumira,Africa/Kampala,UTC +3.0 ,-0.355795579396282,32.389118346012
Uganda,Uganda,UG,,,Kalangala,,Kyamuswa,,Bufumira,,Bufumira,Africa/Kampala,UTC +3.0 ,-0.32905175371134,32.3670871723767
Uganda,Uganda,UG,,,Kalangala,,Kyamuswa,,Bufumira,,Bufumira,Africa/Kampala,UTC +3.0 ,-0.382880092176974,32.489588400196
Uganda,Uganda,UG,,,Kalangala,,Kyamuswa,,Bufumira,,Bufumira,Africa/Kampala,UTC +3.0 ,-0.380988991009013,32.494150814665
Uganda,Uganda,UG,,,Kalangala,,Kyamuswa,,Bufumira,,Bufumira,Africa/Kampala,UTC +3.0 ,-0.370800669798735,32.4884707285076
Uganda,Uganda,UG,,,Kalangala,,Kyamuswa,,Bufumira,,Bufumira,Africa/Kampala,UTC +3.0 ,-0.359914386994224,32.4596626862527
Uganda,Uganda,UG,,,Kalangala,,Kyamuswa,,Bufumira,,Bufumira,Africa/Kampala,UTC +3.0 ,-0.339212198649019,32.4675230381074
Uganda,Uganda,UG,,,Kalangala,,Kyamuswa,,Bufumira,,Bufumira,Africa/Kampala,UTC +3.0 ,-0.322687216244237,32.4794802350528
Uganda,Uganda,UG,,,Kalangala,,Kyamuswa,,Bufumira,,Bufumira,Africa/Kampala,UTC +3.0 ,-0.328879993897986,32.4386381396122
Uganda,Uganda,UG,,,Kalangala,,Kyamuswa,,Bufumira,,Bufumira,Africa/Kampala,UTC +3.0 ,-0.311866627178896,32.3589765039508
Uganda,Uganda,UG,,,Kalangala,,Kyamuswa,,Bufumira,,Lulamba,Africa/Kampala,UTC +3.0 ,-0.272452282269886,32.4336694898379
Uganda,Uganda,UG,,,Kalangala,,Kyamuswa,,Bufumira,,Lulamba,Africa/Kampala,UTC +3.0 ,-0.256964961272315,32.4387808200469
Uganda,Uganda,UG,,,Kalangala,,Kyamuswa,,Bufumira,,Lulamba,Africa/Kampala,UTC +3.0 ,-0.256355215959957,32.3990340825054
Uganda,Uganda,UG,,,Kalangala,,Kyamuswa,,Bufumira,,Lulamba,Africa/Kampala,UTC +3.0 ,-0.245214100189456,32.3529861453798
Uganda,Uganda,UG,,,Kalangala,,Kyamuswa,,Bufumira,,Lulamba,Africa/Kampala,UTC +3.0 ,-0.228544234781556,32.3031442457091
Uganda,Uganda,UG,,,Kalangala,,Kyamuswa,,Bufumira,,Lulamba,Africa/Kampala,UTC +3.0 ,-0.218905822031,32.3442221597323
Uganda,Uganda,UG,,,Kalangala,,Kyamuswa,,Bufumira,,Lulamba,Africa/Kampala,UTC +3.0 ,-0.196385779770682,32.317952014783
Uganda,Uganda,UG,,,Kalangala,,Kyamuswa,,Bufumira,,Lulamba,Africa/Kampala,UTC +3.0 ,-0.181009869009358,32.2727299431961
Uganda,Uganda,UG,,,Kalangala,,Kyamuswa,,Bufumira,,Lulamba,Africa/Kampala,UTC +3.0 ,-0.180518299075539,32.3045529178786
Uganda,Uganda,UG,,,Kalangala,,Kyamuswa,,Kyamuswa,,Buwanga,Africa/Kampala,UTC +3.0 ,-0.383614825865969,32.4894853419063
Uganda,Uganda,UG,,,Kalangala,,Kyamuswa,,Kyamuswa,,Buwanga,Africa/Kampala,UTC +3.0 ,-0.381115996883039,32.4949725518146
Uganda,Uganda,UG,,,Kalangala,,Kyamuswa,,Kyamuswa,,Buwanga,Africa/Kampala,UTC +3.0 ,-0.379583788426785,32.4979151929369
Uganda,Uganda,UG,,,Kalangala,,Kyamuswa,,Kyamuswa,,Buwanga,Africa/Kampala,UTC +3.0 ,-0.406050041905873,32.5148861038003
Uganda,Uganda,UG,,,Kalangala,,Kyamuswa,,Kyamuswa,,Buwanga,Africa/Kampala,UTC +3.0 ,-0.364046376821029,32.5624987720322
Uganda,Uganda,UG,,,Kalangala,,Kyamuswa,,Kyamuswa,,Buwanga,Africa/Kampala,UTC +3.0 ,-0.348812080258224,32.523517047682
Uganda,Uganda,UG,,,Kalangala,,Kyamuswa,,Kyamuswa,,Buzingo,Africa/Kampala,UTC +3.0 ,-0.48969809444398,32.4952643839267
Uganda,Uganda,UG,,,Kalangala,,Kyamuswa,,Kyamuswa,,Buzingo,Africa/Kampala,UTC +3.0 ,-0.463538740389432,32.4861753486702
Uganda,Uganda,UG,,,Kalangala,,Kyamuswa,,Kyamuswa,,Buzingo,Africa/Kampala,UTC +3.0 ,-0.425316415623303,32.479143082206
Uganda,Uganda,UG,,,Kalangala,,Kyamuswa,,Kyamuswa,,Buzingo,Africa/Kampala,UTC +3.0 ,-0.458281058875877,32.4716840421218
Uganda,Uganda,UG,,,Kalangala,,Kyamuswa,,Kyamuswa,,Buzingo,Africa/Kampala,UTC +3.0 ,-0.452828546992346,32.4712372436828
Uganda,Uganda,UG,,,Kalangala,,Kyamuswa,,Kyamuswa,,Buzingo,Africa/Kampala,UTC +3.0 ,-0.425335666308687,32.4780096670869
Uganda,Uganda,UG,,,Kalangala,,Kyamuswa,,Mazinga,,Buggala,Africa/Kampala,UTC +3.0 ,-0.733078690789442,32.2682551395483
Uganda,Uganda,UG,,,Kalangala,,Kyamuswa,,Mazinga,,Buggala,Africa/Kampala,UTC +3.0 ,-0.726954098356196,32.3024824086808
Uganda,Uganda,UG,,,Kalangala,,Kyamuswa,,Mazinga,,Buggala,Africa/Kampala,UTC +3.0 ,-0.711241921377505,32.3164725335592
Uganda,Uganda,UG,,,Kalangala,,Kyamuswa,,Mazinga,,Buggala,Africa/Kampala,UTC +3.0 ,-0.645803985558808,32.3080564777535
Uganda,Uganda,UG,,,Kalangala,,Kyamuswa,,Mazinga,,Buggala,Africa/Kampala,UTC +3.0 ,-0.670050101779671,32.3182320014326
Uganda,Uganda,UG,,,Kalangala,,Kyamuswa,,Mazinga,,Buggala,Africa/Kampala,UTC +3.0 ,-0.665940887539723,32.3208239551901
Uganda,Uganda,UG,,,Kalangala,,Kyamuswa,,Mazinga,,Buggala,Africa/Kampala,UTC +3.0 ,-0.662371018246232,32.3350686314893
Uganda,Uganda,UG,,,Kalangala,,Kyamuswa,,Mazinga,,Buggala,Africa/Kampala,UTC +3.0 ,-0.630424621117931,32.3561665381308
Uganda,Uganda,UG,,,Kalangala,,Kyamuswa,,Mazinga,,Buggala,Africa/Kampala,UTC +3.0 ,-0.628004807540086,32.3089072656747
Uganda,Uganda,UG,,,Kalangala,,Kyamuswa,,Mazinga,,Butulume,Africa/Kampala,UTC +3.0 ,-0.692184109623298,32.1833470564178
Uganda,Uganda,UG,,,Kalangala,,Kyamuswa,,Mazinga,,Butulume,Africa/Kampala,UTC +3.0 ,-0.592311239321575,32.2052891927426
Uganda,Uganda,UG,,,Kalangala,,Kyamuswa,,Mazinga,,Butulume,Africa/Kampala,UTC +3.0 ,-0.587816857687378,32.1949571662982
Uganda,Uganda,UG,,,Kalangala,,Kyamuswa,,Mazinga,,Butulume,Africa/Kampala,UTC +3.0 ,-0.570386402263773,32.22893483925
Uganda,Uganda,UG,,,Kalangala,,Kyamuswa,,Mazinga,,Butulume,Africa/Kampala,UTC +3.0 ,-0.614162552148445,32.2496090119219
Uganda,Uganda,UG,,,Kalangala,,Kyamuswa,,Mazinga,,Butulume,Africa/Kampala,UTC +3.0 ,-0.610352167589009,32.2528518412247
Uganda,Uganda,UG,,,Kalangala,,Kyamuswa,,Mazinga,,Butulume,Africa/Kampala,UTC +3.0 ,-0.596489813186303,32.2683588822501
Uganda,Uganda,UG,,,Kalangala,,Kyamuswa,,Mazinga,,Butulume,Africa/Kampala,UTC +3.0 ,-0.593323892154674,32.276569484542
Uganda,Uganda,UG,,,Kalangala,,Kyamuswa,,Mazinga,,Butulume,Africa/Kampala,UTC +3.0 ,-0.571706217192685,32.2165697760837
Uganda,Uganda,UG,,,Kalangala,,Kyamuswa,,Mazinga,,Butulume,Africa/Kampala,UTC +3.0 ,-0.560458093499181,32.1958378160468
Uganda,Uganda,UG,,,Kalangala,,Kyamuswa,,Mazinga,,Butulume,Africa/Kampala,UTC +3.0 ,-0.560582490699342,32.1889370658111
Uganda,Uganda,UG,,,Kalangala,,Kyamuswa,,Mazinga,,Butulume,Africa/Kampala,UTC +3.0 ,-0.553370563015474,32.2548172725772
Uganda,Uganda,UG,,,Kalangala,,Kyamuswa,,Mazinga,,Butulume,Africa/Kampala,UTC +3.0 ,-0.549962223495031,32.2719881135248
Uganda,Uganda,UG,,,Kalangala,,Kyamuswa,,Mazinga,,Butulume,Africa/Kampala,UTC +3.0 ,-0.528905362867107,32.2815804626533
Uganda,Uganda,UG,,,Kalangala,,Kyamuswa,,Mazinga,,Butulume,Africa/Kampala,UTC +3.0 ,-0.541935558831868,32.2853470217977
Uganda,Uganda,UG,,,Kalangala,,Kyamuswa,,Mazinga,,Butulume,Africa/Kampala,UTC +3.0 ,-0.534434990437342,32.2917159059909
Uganda,Uganda,UG,,,Kalangala,,Kyamuswa,,Mazinga,,Butulume,Africa/Kampala,UTC +3.0 ,-0.504717558097615,32.3083958223406
Uganda,Uganda,UG,,,Kalangala,,Kyamuswa,,Mazinga,,Butulume,Africa/Kampala,UTC +3.0 ,-0.50607001388805,32.2852070803214
Uganda,Uganda,UG,,,Kalangala,,Kyamuswa,,Mazinga,,Butulume,Africa/Kampala,UTC +3.0 ,-0.50629048533382,32.2890243051888
Uganda,Uganda,UG,,,Kalangala,,Kyamuswa,,Mazinga,,Butulume,Africa/Kampala,UTC +3.0 ,-0.4872316659999,32.3281006663335
Uganda,Uganda,UG,,,Kampala,,Kampala,,Central Division,,Bukesa,Africa/Kampala,UTC +3.0 ,0.324852155590344,32.5643594410755
Uganda,Uganda,UG,,,Kampala,,Kampala,,Central Division,,Civic Centre,Africa/Kampala,UTC +3.0 ,0.315565990321249,32.5855689323548
Uganda,Uganda,UG,,,Kampala,,Kampala,,Central Division,,Industrial Area,Africa/Kampala,UTC +3.0 ,0.320841999325982,32.603594689234
Uganda,Uganda,UG,,,Kampala,,Kampala,,Central Division,,Kagugube,Africa/Kampala,UTC +3.0 ,0.32816941371978,32.5689104858418
Uganda,Uganda,UG,,,Kampala,,Kampala,,Central Division,,Kamwokya I,Africa/Kampala,UTC +3.0 ,0.345317385442619,32.5916766150181
Uganda,Uganda,UG,,,Kampala,,Kampala,,Central Division,,Kamwokya Ii,Africa/Kampala,UTC +3.0 ,0.346764435993905,32.5873669703228
Uganda,Uganda,UG,,,Kampala,,Kampala,,Central Division,,Kisenyi I,Africa/Kampala,UTC +3.0 ,0.314105174706658,32.5708535779254
Uganda,Uganda,UG,,,Kampala,,Kampala,,Central Division,,Kisenyi Ii,Africa/Kampala,UTC +3.0 ,0.309796867615516,32.572520755155
Uganda,Uganda,UG,,,Kampala,,Kampala,,Central Division,,Kisenyi Iii,Africa/Kampala,UTC +3.0 ,0.306258719070968,32.5746782117207
Uganda,Uganda,UG,,,Kampala,,Kampala,,Central Division,,Kololo I,Africa/Kampala,UTC +3.0 ,0.336462643938529,32.597216304765
Uganda,Uganda,UG,,,Kampala,,Kampala,,Central Division,,Kololo Ii,Africa/Kampala,UTC +3.0 ,0.33569163415293,32.5911322236331
Uganda,Uganda,UG,,,Kampala,,Kampala,,Central Division,,Kololo Iii,Africa/Kampala,UTC +3.0 ,0.335388315931831,32.5830096895638
Uganda,Uganda,UG,,,Kampala,,Kampala,,Central Division,,Kololo Iv,Africa/Kampala,UTC +3.0 ,0.326624552525625,32.5940475751745
Uganda,Uganda,UG,,,Kampala,,Kampala,,Central Division,,Mengo,Africa/Kampala,UTC +3.0 ,0.310729095082055,32.5659020247495
Uganda,Uganda,UG,,,Kampala,,Kampala,,Central Division,,Nakasero I,Africa/Kampala,UTC +3.0 ,0.325867165312929,32.5836439879991
Uganda,Uganda,UG,,,Kampala,,Kampala,,Central Division,,Nakasero Ii,Africa/Kampala,UTC +3.0 ,0.325755988651303,32.5785553156797
Uganda,Uganda,UG,,,Kampala,,Kampala,,Central Division,,Nakasero Iii,Africa/Kampala,UTC +3.0 ,0.324365193978063,32.5733093467801
Uganda,Uganda,UG,,,Kampala,,Kampala,,Central Division,,Nakasero Iv,Africa/Kampala,UTC +3.0 ,0.314282603681867,32.577364142819
Uganda,Uganda,UG,,,Kampala,,Kampala,,Central Division,,Nakivubo Shauliyako,Africa/Kampala,UTC +3.0 ,0.3180911626308,32.5742825650811
Uganda,Uganda,UG,,,Kampala,,Kampala,,Central Division,,Old Kampala,Africa/Kampala,UTC +3.0 ,0.319244599449684,32.5684855260012
Uganda,Uganda,UG,,,Kampala,,Kampala,,Kawempe Division,,Bwaise I,Africa/Kampala,UTC +3.0 ,0.360046682731863,32.5663522411841
Uganda,Uganda,UG,,,Kampala,,Kampala,,Kawempe Division,,Bwaise Ii,Africa/Kampala,UTC +3.0 ,0.359386498716911,32.5582652096328
Uganda,Uganda,UG,,,Kampala,,Kampala,,Kawempe Division,,Bwaise Iii,Africa/Kampala,UTC +3.0 ,0.352616520750434,32.557446797659
Uganda,Uganda,UG,,,Kampala,,Kampala,,Kawempe Division,,Kanyanya,Africa/Kampala,UTC +3.0 ,0.37787055196963,32.5773816658364
Uganda,Uganda,UG,,,Kampala,,Kampala,,Kawempe Division,,Kawempe I,Africa/Kampala,UTC +3.0 ,0.373713051044443,32.5644553420238
Uganda,Uganda,UG,,,Kampala,,Kampala,,Kawempe Division,,Kawempe Ii,Africa/Kampala,UTC +3.0 ,0.392546926442407,32.5684074580031
Uganda,Uganda,UG,,,Kampala,,Kampala,,Kawempe Division,,Kazo Ward,Africa/Kampala,UTC +3.0 ,0.373213944927777,32.5550534724015
Uganda,Uganda,UG,,,Kampala,,Kampala,,Kawempe Division,,Kikaya,Africa/Kampala,UTC +3.0 ,0.370887492542436,32.5926672765311
Uganda,Uganda,UG,,,Kampala,,Kampala,,Kawempe Division,,Komamboga,Africa/Kampala,UTC +3.0 ,0.392339956374942,32.5865622650773
Uganda,Uganda,UG,,,Kampala,,Kampala,,Kawempe Division,,Kyebando,Africa/Kampala,UTC +3.0 ,0.360357251165499,32.5794701898709
Uganda,Uganda,UG,,,Kampala,,Kampala,,Kawempe Division,,Makerere I,Africa/Kampala,UTC +3.0 ,0.346005186781143,32.5664263875341
Uganda,Uganda,UG,,,Kampala,,Kampala,,Kawempe Division,,Makerere Ii,Africa/Kampala,UTC +3.0 ,0.341787718220328,32.5605384223224
Uganda,Uganda,UG,,,Kampala,,Kampala,,Kawempe Division,,Makerere Iii,Africa/Kampala,UTC +3.0 ,0.352979875795004,32.5668183965131
Uganda,Uganda,UG,,,Kampala,,Kampala,,Kawempe Division,,Mpererwe,Africa/Kampala,UTC +3.0 ,0.39867943546951,32.5769104492818
Uganda,Uganda,UG,,,Kampala,,Kampala,,Kawempe Division,,Mulago I,Africa/Kampala,UTC +3.0 ,0.34297269335387,32.5788983464734
Uganda,Uganda,UG,,,Kampala,,Kampala,,Kawempe Division,,Mulago Ii,Africa/Kampala,UTC +3.0 ,0.34684983731851,32.5733772881066
Uganda,Uganda,UG,,,Kampala,,Kampala,,Kawempe Division,,Mulago Iii,Africa/Kampala,UTC +3.0 ,0.350578363485505,32.5784762271088
Uganda,Uganda,UG,,,Kampala,,Kampala,,Kawempe Division,,University (Makerere),Africa/Kampala,UTC +3.0 ,0.336849544124203,32.5673396521458
Uganda,Uganda,UG,,,Kampala,,Kampala,,Kawempe Division,,Wandegeya,Africa/Kampala,UTC +3.0 ,0.337295269921955,32.5733108033837
Uganda,Uganda,UG,,,Kampala,,Kampala,,Makindye,,Bukasa,Africa/Kampala,UTC +3.0 ,0.295407348704175,32.6238569163499
Uganda,Uganda,UG,,,Kampala,,Kampala,,Makindye,,Buziga,Africa/Kampala,UTC +3.0 ,0.254094762146639,32.6219450083893
Uganda,Uganda,UG,,,Kampala,,Kampala,,Makindye,,Ggaba,Africa/Kampala,UTC +3.0 ,0.244371270670461,32.6383991863879
Uganda,Uganda,UG,,,Kampala,,Kampala,,Makindye,,Ggaba,Africa/Kampala,UTC +3.0 ,0.270490858069804,32.6283822511127
Uganda,Uganda,UG,,,Kampala,,Kampala,,Makindye,,Ggaba,Africa/Kampala,UTC +3.0 ,0.287381081184327,32.6431307164313
Uganda,Uganda,UG,,,Kampala,,Kampala,,Makindye,,Ggaba,Africa/Kampala,UTC +3.0 ,0.270564660649189,32.6563566529843
Uganda,Uganda,UG,,,Kampala,,Kampala,,Makindye,,Ggaba,Africa/Kampala,UTC +3.0 ,0.287199393034307,32.6536016421953
Uganda,Uganda,UG,,,Kampala,,Kampala,,Makindye,,Ggaba,Africa/Kampala,UTC +3.0 ,0.287508999667872,32.6529183336849
Uganda,Uganda,UG,,,Kampala,,Kampala,,Makindye,,Kabalagala,Africa/Kampala,UTC +3.0 ,0.302607697772666,32.5996103855915
Uganda,Uganda,UG,,,Kampala,,Kampala,,Makindye,,Kansanga-Muyenga,Africa/Kampala,UTC +3.0 ,0.29089097651457,32.6088913253086
Uganda,Uganda,UG,,,Kampala,,Kampala,,Makindye,,Katwe I,Africa/Kampala,UTC +3.0 ,0.300481762360195,32.5739482927582
Uganda,Uganda,UG,,,Kampala,,Kampala,,Makindye,,Katwe Ii,Africa/Kampala,UTC +3.0 ,0.304250752530028,32.5786674533316
Uganda,Uganda,UG,,,Kampala,,Kampala,,Makindye,,Kibuli,Africa/Kampala,UTC +3.0 ,0.312090986879118,32.5954529840619
Uganda,Uganda,UG,,,Kampala,,Kampala,,Makindye,,Kibuye I,Africa/Kampala,UTC +3.0 ,0.295149954541112,32.578844957949
Uganda,Uganda,UG,,,Kampala,,Kampala,,Makindye,,Kibuye Ii,Africa/Kampala,UTC +3.0 ,0.291837880443427,32.5721862147531
Uganda,Uganda,UG,,,Kampala,,Kampala,,Makindye,,Kisugu,Africa/Kampala,UTC +3.0 ,0.308548409154426,32.6066517394241
Uganda,Uganda,UG,,,Kampala,,Kampala,,Makindye,,Lukuli,Africa/Kampala,UTC +3.0 ,0.278360552876451,32.6025144347268
Uganda,Uganda,UG,,,Kampala,,Kampala,,Makindye,,Luwafu,Africa/Kampala,UTC +3.0 ,0.276282724580913,32.587213400709
Uganda,Uganda,UG,,,Kampala,,Kampala,,Makindye,,Makindye I,Africa/Kampala,UTC +3.0 ,0.28824543071393,32.5870697546002
Uganda,Uganda,UG,,,Kampala,,Kampala,,Makindye,,Makindye Ii,Africa/Kampala,UTC +3.0 ,0.286734605675269,32.5765898291579
Uganda,Uganda,UG,,,Kampala,,Kampala,,Makindye,,Nsambya Central,Africa/Kampala,UTC +3.0 ,0.299717455855015,32.5883495304328
Uganda,Uganda,UG,,,Kampala,,Kampala,,Makindye,,Nsambya Housing Estate,Africa/Kampala,UTC +3.0 ,0.296132842157037,32.5974623491512
Uganda,Uganda,UG,,,Kampala,,Kampala,,Makindye,,Nsambya Police Barracks,Africa/Kampala,UTC +3.0 ,0.308338426052444,32.5900015978072
Uganda,Uganda,UG,,,Kampala,,Kampala,,Makindye,,Nsambya Railway,Africa/Kampala,UTC +3.0 ,0.308767203970615,32.5829283783953
Uganda,Uganda,UG,,,Kampala,,Kampala,,Makindye,,Salaama,Africa/Kampala,UTC +3.0 ,0.224027780232409,32.6306747579768
Uganda,Uganda,UG,,,Kampala,,Kampala,,Makindye,,Salaama,Africa/Kampala,UTC +3.0 ,0.251187580102348,32.6106253909772
Uganda,Uganda,UG,,,Kampala,,Kampala,,Makindye,,Wabigalo,Africa/Kampala,UTC +3.0 ,0.313859973088931,32.6023587548962
Uganda,Uganda,UG,,,Kampala,,Kampala,,Nakawa Division,,Banda,Africa/Kampala,UTC +3.0 ,0.346011351558456,32.6365458146853
Uganda,Uganda,UG,,,Kampala,,Kampala,,Nakawa Division,,Bogolobi,Africa/Kampala,UTC +3.0 ,0.315122196199063,32.6208355839848
Uganda,Uganda,UG,,,Kampala,,Kampala,,Nakawa Division,,Bukoto I,Africa/Kampala,UTC +3.0 ,0.355485273180564,32.5955209710452
Uganda,Uganda,UG,,,Kampala,,Kampala,,Nakawa Division,,Bukoto Ii,Africa/Kampala,UTC +3.0 ,0.365360169599519,32.6115541513708
Uganda,Uganda,UG,,,Kampala,,Kampala,,Nakawa Division,,Butabika,Africa/Kampala,UTC +3.0 ,0.317878801425037,32.6573063036965
Uganda,Uganda,UG,,,Kampala,,Kampala,,Nakawa Division,,I.T.E.K,Africa/Kampala,UTC +3.0 ,0.349486042407745,32.630543570621
Uganda,Uganda,UG,,,Kampala,,Kampala,,Nakawa Division,,Kiswa,Africa/Kampala,UTC +3.0 ,0.324672464282833,32.6162376369955
Uganda,Uganda,UG,,,Kampala,,Kampala,,Nakawa Division,,Kiwatule,Africa/Kampala,UTC +3.0 ,0.371012167332625,32.6261719834435
Uganda,Uganda,UG,,,Kampala,,Kampala,,Nakawa Division,,Kyambogo,Africa/Kampala,UTC +3.0 ,0.344753360287073,32.6280521606664
Uganda,Uganda,UG,,,Kampala,,Kampala,,Nakawa Division,,Kyanja,Africa/Kampala,UTC +3.0 ,0.388946861133365,32.6030873933463
Uganda,Uganda,UG,,,Kampala,,Kampala,,Nakawa Division,,Luzira,Africa/Kampala,UTC +3.0 ,0.294030524694831,32.665029414411
Uganda,Uganda,UG,,,Kampala,,Kampala,,Nakawa Division,,Luzira,Africa/Kampala,UTC +3.0 ,0.299122648729008,32.6632765602422
Uganda,Uganda,UG,,,Kampala,,Kampala,,Nakawa Division,,Luzira,Africa/Kampala,UTC +3.0 ,0.300119510725055,32.6528781954895
Uganda,Uganda,UG,,,Kampala,,Kampala,,Nakawa Division,,Luzira Prisons,Africa/Kampala,UTC +3.0 ,0.299903134874409,32.6383760548281
Uganda,Uganda,UG,,,Kampala,,Kampala,,Nakawa Division,,Mbuya I,Africa/Kampala,UTC +3.0 ,0.334713486438734,32.6260207217343
Uganda,Uganda,UG,,,Kampala,,Kampala,,Nakawa Division,,Mbuya Ii,Africa/Kampala,UTC +3.0 ,0.327527035200891,32.6312507716492
Uganda,Uganda,UG,,,Kampala,,Kampala,,Nakawa Division,,Mutungo,Africa/Kampala,UTC +3.0 ,0.319443574190121,32.6413264932832
Uganda,Uganda,UG,,,Kampala,,Kampala,,Nakawa Division,,Nabisunsa,Africa/Kampala,UTC +3.0 ,0.349334785421638,32.6322411749082
Uganda,Uganda,UG,,,Kampala,,Kampala,,Nakawa Division,,Naguru I,Africa/Kampala,UTC +3.0 ,0.337781345858103,32.6106068741842
Uganda,Uganda,UG,,,Kampala,,Kampala,,Nakawa Division,,Naguru Ii,Africa/Kampala,UTC +3.0 ,0.344947218975414,32.6036311911196
Uganda,Uganda,UG,,,Kampala,,Kampala,,Nakawa Division,,Nakawa,Africa/Kampala,UTC +3.0 ,0.328891330552405,32.612042575403
Uganda,Uganda,UG,,,Kampala,,Kampala,,Nakawa Division,,Nakawa Institutions,Africa/Kampala,UTC +3.0 ,0.331788922812622,32.6174421290035
Uganda,Uganda,UG,,,Kampala,,Kampala,,Nakawa Division,,Ntinda,Africa/Kampala,UTC +3.0 ,0.349397061985662,32.6175389267952
Uganda,Uganda,UG,,,Kampala,,Kampala,,Nakawa Division,,U.P.K,Africa/Kampala,UTC +3.0 ,0.351981508749441,32.6250700765055
Uganda,Uganda,UG,,,Kampala,,Kampala,,Nakawa Division,,Upper Estate,Africa/Kampala,UTC +3.0 ,0.358010784020253,32.6296413756088
Uganda,Uganda,UG,,,Kampala,,Kampala,,Rubaga Division,,Busega,Africa/Kampala,UTC +3.0 ,0.313455764618988,32.5224356389652
Uganda,Uganda,UG,,,Kampala,,Kampala,,Rubaga Division,,Kabowa,Africa/Kampala,UTC +3.0 ,0.287226010803294,32.5556242340711
Uganda,Uganda,UG,,,Kampala,,Kampala,,Rubaga Division,,Kasubi,Africa/Kampala,UTC +3.0 ,0.341769562087132,32.5512790120477
Uganda,Uganda,UG,,,Kampala,,Kampala,,Rubaga Division,,Lubia,Africa/Kampala,UTC +3.0 ,0.332497947564914,32.5370229226804
Uganda,Uganda,UG,,,Kampala,,Kampala,,Rubaga Division,,Lungujja,Africa/Kampala,UTC +3.0 ,0.315574882395322,32.5451490325029
Uganda,Uganda,UG,,,Kampala,,Kampala,,Rubaga Division,,Mutundwe,Africa/Kampala,UTC +3.0 ,0.285988255304734,32.5412778415032
Uganda,Uganda,UG,,,Kampala,,Kampala,,Rubaga Division,,Najjanankumbi I,Africa/Kampala,UTC +3.0 ,0.283142600397027,32.5698205881142
Uganda,Uganda,UG,,,Kampala,,Kampala,,Rubaga Division,,Najjanankumbi Ii,Africa/Kampala,UTC +3.0 ,0.286387100345284,32.5645928618818
Uganda,Uganda,UG,,,Kampala,,Kampala,,Rubaga Division,,Nakulabye,Africa/Kampala,UTC +3.0 ,0.329405108161453,32.5556852396222
Uganda,Uganda,UG,,,Kampala,,Kampala,,Rubaga Division,,Namirembe,Africa/Kampala,UTC +3.0 ,0.316944501464287,32.5588501684892
Uganda,Uganda,UG,,,Kampala,,Kampala,,Rubaga Division,,Nateete,Africa/Kampala,UTC +3.0 ,0.305971275828535,32.5342734116357
Uganda,Uganda,UG,,,Kampala,,Kampala,,Rubaga Division,,Ndeeba,Africa/Kampala,UTC +3.0 ,0.300201883714929,32.5654864772697
Uganda,Uganda,UG,,,Kampala,,Kampala,,Rubaga Division,,Rubaga,Africa/Kampala,UTC +3.0 ,0.301746025349612,32.5497999157148
Uganda,Uganda,UG,,,Kamuli,,Budiope,,Bugaya,,Bugaya,Africa/Kampala,UTC +3.0 ,1.13142766313346,33.2212739364578
Uganda,Uganda,UG,,,Kamuli,,Budiope,,Bugaya,,Butaswa,Africa/Kampala,UTC +3.0 ,1.0820887296739,33.2436828178998
Uganda,Uganda,UG,,,Kamuli,,Budiope,,Bugaya,,Gumpi,Africa/Kampala,UTC +3.0 ,1.10165158086957,33.3169743429239
Uganda,Uganda,UG,,,Kamuli,,Budiope,,Bugaya,,Gwase,Africa/Kampala,UTC +3.0 ,1.03600804048076,33.2355745384784
Uganda,Uganda,UG,,,Kamuli,,Budiope,,Bugaya,,Kitukiro,Africa/Kampala,UTC +3.0 ,1.11858067963971,33.2772092667761
Uganda,Uganda,UG,,,Kamuli,,Budiope,,Bugaya,,Namusikizi,Africa/Kampala,UTC +3.0 ,1.06596020067439,33.1847437325326
Uganda,Uganda,UG,,,Kamuli,,Budiope,,Bugaya,,Ngandho,Africa/Kampala,UTC +3.0 ,1.01118533100593,33.2409288008222
Uganda,Uganda,UG,,,Kamuli,,Budiope,,Bugaya,,Wandago,Africa/Kampala,UTC +3.0 ,1.0260203229836,33.2899608197652
Uganda,Uganda,UG,,,Kamuli,,Budiope,,Buyende,,Buyende,Africa/Kampala,UTC +3.0 ,1.17262597490759,33.1706609049789
Uganda,Uganda,UG,,,Kamuli,,Budiope,,Buyende,,Ikanda,Africa/Kampala,UTC +3.0 ,1.31349698031136,33.1680929291851
Uganda,Uganda,UG,,,Kamuli,,Budiope,,Buyende,,Kinambogo,Africa/Kampala,UTC +3.0 ,1.20252609850506,33.1396795721339
Uganda,Uganda,UG,,,Kamuli,,Budiope,,Buyende,,Mango,Africa/Kampala,UTC +3.0 ,1.19821063658263,33.2310586155563
Uganda,Uganda,UG,,,Kamuli,,Budiope,,Buyende,,Nakabira,Africa/Kampala,UTC +3.0 ,1.12016353371728,33.1555038412161
Uganda,Uganda,UG,,,Kamuli,,Budiope,,Buyende,,Namusita,Africa/Kampala,UTC +3.0 ,1.28148705592289,33.2161875443899
Uganda,Uganda,UG,,,Kamuli,,Budiope,,Buyende,,Ndolwa,Africa/Kampala,UTC +3.0 ,1.23257659831526,33.0801780868604
Uganda,Uganda,UG,,,Kamuli,,Budiope,,Buyende,,Wesunire,Africa/Kampala,UTC +3.0 ,1.26112372395867,33.1420353059925
Uganda,Uganda,UG,,,Kamuli,,Budiope,,Kagulu,,Bukutula,Africa/Kampala,UTC +3.0 ,1.16867716237811,33.3574474410408
Uganda,Uganda,UG,,,Kamuli,,Budiope,,Kagulu,,Bumogoli,Africa/Kampala,UTC +3.0 ,1.29100627544141,33.2708893924277
Uganda,Uganda,UG,,,Kamuli,,Budiope,,Kagulu,,Irundu,Africa/Kampala,UTC +3.0 ,1.23168315143193,33.379563084944
Uganda,Uganda,UG,,,Kamuli,,Budiope,,Kagulu,,Iyingo,Africa/Kampala,UTC +3.0 ,1.31940256384071,33.3195977316503
Uganda,Uganda,UG,,,Kamuli,,Budiope,,Kagulu,,Kabukye,Africa/Kampala,UTC +3.0 ,1.20165676156735,33.289741130178
Uganda,Uganda,UG,,,Kamuli,,Budiope,,Kagulu,,Kagulu,Africa/Kampala,UTC +3.0 ,1.21345707215897,33.329509402659
Uganda,Uganda,UG,,,Kamuli,,Budiope,,Kagulu,,Nkoone,Africa/Kampala,UTC +3.0 ,1.30043149505276,33.3843865939906
Uganda,Uganda,UG,,,Kamuli,,Budiope,,Kidera,,Bukungu,Africa/Kampala,UTC +3.0 ,1.44932674545196,32.8920554093448
Uganda,Uganda,UG,,,Kamuli,,Budiope,,Kidera,,Buyanja,Africa/Kampala,UTC +3.0 ,1.37513524307735,32.8754047100266
Uganda,Uganda,UG,,,Kamuli,,Budiope,,Kidera,,Kasiira,Africa/Kampala,UTC +3.0 ,1.37714983362537,32.9745390292174
Uganda,Uganda,UG,,,Kamuli,,Budiope,,Kidera,,Kidera,Africa/Kampala,UTC +3.0 ,1.32484215751033,33.0019683834433
Uganda,Uganda,UG,,,Kamuli,,Budiope,,Kidera,,Miseru,Africa/Kampala,UTC +3.0 ,1.40180509735168,33.0209676147944
Uganda,Uganda,UG,,,Kamuli,,Budiope,,Kidera,,Ntaala,Africa/Kampala,UTC +3.0 ,1.3399311484421,32.9245745596398
Uganda,Uganda,UG,,,Kamuli,,Budiope,,Nkondo,,Immeri,Africa/Kampala,UTC +3.0 ,1.26356677946092,32.9987700727193
Uganda,Uganda,UG,,,Kamuli,,Budiope,,Nkondo,,Kigingi,Africa/Kampala,UTC +3.0 ,1.36663888964025,33.0852489772523
Uganda,Uganda,UG,,,Kamuli,,Budiope,,Nkondo,,Ndulya,Africa/Kampala,UTC +3.0 ,1.29874800824646,33.0917104517806
Uganda,Uganda,UG,,,Kamuli,,Bugabula,,Balawoli,,Balawoli,Africa/Kampala,UTC +3.0 ,1.04795825212625,33.1024523786045
Uganda,Uganda,UG,,,Kamuli,,Bugabula,,Balawoli,,Kagumba,Africa/Kampala,UTC +3.0 ,1.11556633526023,33.0083536051082
Uganda,Uganda,UG,,,Kamuli,,Bugabula,,Balawoli,,Kasolwe,Africa/Kampala,UTC +3.0 ,1.12310978579671,33.0952307617976
Uganda,Uganda,UG,,,Kamuli,,Bugabula,,Balawoli,,Kawaga,Africa/Kampala,UTC +3.0 ,1.04430104499224,33.1260910158782
Uganda,Uganda,UG,,,Kamuli,,Bugabula,,Balawoli,,Kibuye,Africa/Kampala,UTC +3.0 ,1.18448238686412,32.9739189762581
Uganda,Uganda,UG,,,Kamuli,,Bugabula,,Balawoli,,Kiige,Africa/Kampala,UTC +3.0 ,1.17686830476029,33.0407049912413
Uganda,Uganda,UG,,,Kamuli,,Bugabula,,Balawoli,,Nabulezi,Africa/Kampala,UTC +3.0 ,1.06756056500612,33.0539640537819
Uganda,Uganda,UG,,,Kamuli,,Bugabula,,Balawoli,,Namaira,Africa/Kampala,UTC +3.0 ,1.02850865438719,33.0706854767308
Uganda,Uganda,UG,,,Kamuli,,Bugabula,,Bulopa,,Bukutu,Africa/Kampala,UTC +3.0 ,0.811394131007729,33.2608695056473
Uganda,Uganda,UG,,,Kamuli,,Bugabula,,Bulopa,,Bulopa,Africa/Kampala,UTC +3.0 ,0.843327330429373,33.2562547364686
Uganda,Uganda,UG,,,Kamuli,,Bugabula,,Bulopa,,Mpakitonyi,Africa/Kampala,UTC +3.0 ,0.841512527111898,33.2295077373207
Uganda,Uganda,UG,,,Kamuli,,Bugabula,,Bulopa,,Nagamuli,Africa/Kampala,UTC +3.0 ,0.855572439720307,33.2787423737646
Uganda,Uganda,UG,,,Kamuli,,Bugabula,,Butansi,,Bugeywa,Africa/Kampala,UTC +3.0 ,0.902548138399378,33.0180212686425
Uganda,Uganda,UG,,,Kamuli,,Bugabula,,Butansi,,Butansi,Africa/Kampala,UTC +3.0 ,0.908294719823572,33.0703908171314
Uganda,Uganda,UG,,,Kamuli,,Bugabula,,Butansi,,Naibowa,Africa/Kampala,UTC +3.0 ,0.871682197059867,33.0955210519878
Uganda,Uganda,UG,,,Kamuli,,Bugabula,,Butansi,,Naluwoli,Africa/Kampala,UTC +3.0 ,0.949092390404242,33.0486750789162
Uganda,Uganda,UG,,,Kamuli,,Bugabula,,Kamuli Tc,,Kasoigo Ward,Africa/Kampala,UTC +3.0 ,0.938175322410648,33.1254450380117
Uganda,Uganda,UG,,,Kamuli,,Bugabula,,Kamuli Tc,,Mandwa/Mutekanga,Africa/Kampala,UTC +3.0 ,0.948012436214133,33.1188336797632
Uganda,Uganda,UG,,,Kamuli,,Bugabula,,Kamuli Tc,,Mulamba,Africa/Kampala,UTC +3.0 ,0.952154887258467,33.1219187258482
Uganda,Uganda,UG,,,Kamuli,,Bugabula,,Kamuli Tc,,Muwebwa,Africa/Kampala,UTC +3.0 ,0.949499696288806,33.1267635270899
Uganda,Uganda,UG,,,Kamuli,,Bugabula,,Kitayunjwa,,Buganza,Africa/Kampala,UTC +3.0 ,0.845021384954831,33.1598002591947
Uganda,Uganda,UG,,,Kamuli,,Bugabula,,Kitayunjwa,,Busota,Africa/Kampala,UTC +3.0 ,0.89027952906311,33.1136372810542
Uganda,Uganda,UG,,,Kamuli,,Bugabula,,Kitayunjwa,,Butende,Africa/Kampala,UTC +3.0 ,0.93885647493817,33.169930355374
Uganda,Uganda,UG,,,Kamuli,,Bugabula,,Kitayunjwa,,Kitayunjwa,Africa/Kampala,UTC +3.0 ,0.871531538774583,33.1788020838935
Uganda,Uganda,UG,,,Kamuli,,Bugabula,,Kitayunjwa,,Namaganda,Africa/Kampala,UTC +3.0 ,0.870176335806171,33.2104194626466
Uganda,Uganda,UG,,,Kamuli,,Bugabula,,Kitayunjwa,,Namisambya I,Africa/Kampala,UTC +3.0 ,0.871372053253021,33.1371509473274
Uganda,Uganda,UG,,,Kamuli,,Bugabula,,Kitayunjwa,,Namisambya Ii,Africa/Kampala,UTC +3.0 ,0.905986355366364,33.1389020513178
Uganda,Uganda,UG,,,Kamuli,,Bugabula,,Kitayunjwa,,Nawango,Africa/Kampala,UTC +3.0 ,0.89732000889039,33.1890689250122
Uganda,Uganda,UG,,,Kamuli,,Bugabula,,Kitayunjwa,,Nawansaso,Africa/Kampala,UTC +3.0 ,0.932124575049608,33.1931606191201
Uganda,Uganda,UG,,,Kamuli,,Bugabula,,Nabwigulu,,Buwanume,Africa/Kampala,UTC +3.0 ,0.952015103807812,33.1452620388524
Uganda,Uganda,UG,,,Kamuli,,Bugabula,,Nabwigulu,,Kamuli Namwendwa,Africa/Kampala,UTC +3.0 ,0.936264627953966,33.0977804548841
Uganda,Uganda,UG,,,Kamuli,,Bugabula,,Nabwigulu,,Kamuli Sabawali,Africa/Kampala,UTC +3.0 ,0.928558093723832,33.1170646115429
Uganda,Uganda,UG,,,Kamuli,,Bugabula,,Nabwigulu,,Kamuli Sabawali,Africa/Kampala,UTC +3.0 ,0.961332643924647,33.1217867188607
Uganda,Uganda,UG,,,Kamuli,,Bugabula,,Nabwigulu,,Nabirumba,Africa/Kampala,UTC +3.0 ,1.00068926844463,33.1748757102576
Uganda,Uganda,UG,,,Kamuli,,Bugabula,,Nabwigulu,,Nabwigulu,Africa/Kampala,UTC +3.0 ,1.00640783712522,33.139448337807
Uganda,Uganda,UG,,,Kamuli,,Bugabula,,Nabwigulu,,Nakulyaku,Africa/Kampala,UTC +3.0 ,0.971988811959679,33.0945370067632
Uganda,Uganda,UG,,,Kamuli,,Bugabula,,Nabwigulu,,Namunyigi,Africa/Kampala,UTC +3.0 ,0.992973586477457,33.0798218374031
Uganda,Uganda,UG,,,Kamuli,,Bugabula,,Namasagali,,Bwiiza,Africa/Kampala,UTC +3.0 ,0.95343762790398,32.9795024842362
Uganda,Uganda,UG,,,Kamuli,,Bugabula,,Namasagali,,Kasozi,Africa/Kampala,UTC +3.0 ,1.00029343452154,33.022633103861
Uganda,Uganda,UG,,,Kamuli,,Bugabula,,Namasagali,,Kisaikye,Africa/Kampala,UTC +3.0 ,1.05940174416469,32.9807240915852
Uganda,Uganda,UG,,,Kamuli,,Bugabula,,Namasagali,,Namasagali,Africa/Kampala,UTC +3.0 ,1.00832221482774,32.9525928957124
Uganda,Uganda,UG,,,Kamuli,,Bugabula,,Namwendwa,,Bugondha,Africa/Kampala,UTC +3.0 ,0.974706396943347,33.2055093884166
Uganda,Uganda,UG,,,Kamuli,,Bugabula,,Namwendwa,,Bulange,Africa/Kampala,UTC +3.0 ,0.894697763307664,33.2667141616047
Uganda,Uganda,UG,,,Kamuli,,Bugabula,,Namwendwa,,Bulogo,Africa/Kampala,UTC +3.0 ,0.914323868939659,33.2199139970061
Uganda,Uganda,UG,,,Kamuli,,Bugabula,,Namwendwa,,Isingo,Africa/Kampala,UTC +3.0 ,0.943975626583298,33.2468258278116
Uganda,Uganda,UG,,,Kamuli,,Bugabula,,Namwendwa,,Kidiki,Africa/Kampala,UTC +3.0 ,0.923430684153372,33.2837428355893
Uganda,Uganda,UG,,,Kamuli,,Bugabula,,Namwendwa,,Kyeeya,Africa/Kampala,UTC +3.0 ,0.965761232948045,33.2313267695195
Uganda,Uganda,UG,,,Kamuli,,Bugabula,,Namwendwa,,Makoka,Africa/Kampala,UTC +3.0 ,0.875731952528294,33.2449662754364
Uganda,Uganda,UG,,,Kamuli,,Bugabula,,Namwendwa,,Namwendwa,Africa/Kampala,UTC +3.0 ,0.926285078003695,33.2557930658979
Uganda,Uganda,UG,,,Kamuli,,Bugabula,,Namwendwa,,Ndalike,Africa/Kampala,UTC +3.0 ,0.972449010237992,33.2750955473504
Uganda,Uganda,UG,,,Kamuli,,Bulamogi,,Bumanya,,Budomero,Africa/Kampala,UTC +3.0 ,1.05976690458789,33.4641589064851
Uganda,Uganda,UG,,,Kamuli,,Bulamogi,,Bumanya,,Bulumba,Africa/Kampala,UTC +3.0 ,1.00421249247589,33.4416810751109
Uganda,Uganda,UG,,,Kamuli,,Bulamogi,,Bumanya,,Bumanya,Africa/Kampala,UTC +3.0 ,1.00096093314881,33.4907665635431
Uganda,Uganda,UG,,,Kamuli,,Bulamogi,,Bumanya,,Kasuleta,Africa/Kampala,UTC +3.0 ,1.0424922531129,33.5159208405867
Uganda,Uganda,UG,,,Kamuli,,Bulamogi,,Bumanya,,Kiyunga,Africa/Kampala,UTC +3.0 ,0.968195283560245,33.4452343679643
Uganda,Uganda,UG,,,Kamuli,,Bulamogi,,Bumanya,,Kyani,Africa/Kampala,UTC +3.0 ,0.969002234870293,33.5273411618
Uganda,Uganda,UG,,,Kamuli,,Bulamogi,,Gadumire,,Bupyana,Africa/Kampala,UTC +3.0 ,1.09118320100141,33.4837797867928
Uganda,Uganda,UG,,,Kamuli,,Bulamogi,,Gadumire,,Gadumire,Africa/Kampala,UTC +3.0 ,1.11932046434607,33.5241549885809
Uganda,Uganda,UG,,,Kamuli,,Bulamogi,,Gadumire,,Kisinda,Africa/Kampala,UTC +3.0 ,1.1870772481198,33.5114406262286
Uganda,Uganda,UG,,,Kamuli,,Bulamogi,,Gadumire,,Lubuulo,Africa/Kampala,UTC +3.0 ,1.14945806034625,33.562741570223
Uganda,Uganda,UG,,,Kamuli,,Bulamogi,,Gadumire,,Panyolo,Africa/Kampala,UTC +3.0 ,1.13812777368827,33.4849930641193
Uganda,Uganda,UG,,,Kamuli,,Bulamogi,,Namugongo,,Bugonza,Africa/Kampala,UTC +3.0 ,0.920081524092986,33.4658968421087
Uganda,Uganda,UG,,,Kamuli,,Bulamogi,,Namugongo,,Butege,Africa/Kampala,UTC +3.0 ,0.890889756832081,33.4723757122359
Uganda,Uganda,UG,,,Kamuli,,Bulamogi,,Namugongo,,Bwayuya,Africa/Kampala,UTC +3.0 ,0.948267565625449,33.4853490910567
Uganda,Uganda,UG,,,Kamuli,,Bulamogi,,Namugongo,,Kaliro Rural,Africa/Kampala,UTC +3.0 ,0.905420066186149,33.5114241543596
Uganda,Uganda,UG,,,Kamuli,,Bulamogi,,Namugongo,,Kaliro Tb,Africa/Kampala,UTC +3.0 ,0.896800965944718,33.5046459151087
Uganda,Uganda,UG,,,Kamuli,,Bulamogi,,Namugongo,,Kasokwe,Africa/Kampala,UTC +3.0 ,0.935879735879524,33.5350302103424
Uganda,Uganda,UG,,,Kamuli,,Bulamogi,,Namugongo,,Nabikoli,Africa/Kampala,UTC +3.0 ,0.943638338731358,33.4297071418465
Uganda,Uganda,UG,,,Kamuli,,Bulamogi,,Namugongo,,Namukoge,Africa/Kampala,UTC +3.0 ,0.909965567295651,33.4264102278878
Uganda,Uganda,UG,,,Kamuli,,Bulamogi,,Namwiwa,,Bukonde,Africa/Kampala,UTC +3.0 ,1.05506125234242,33.5565392297053
Uganda,Uganda,UG,,,Kamuli,,Bulamogi,,Namwiwa,,Buyinda,Africa/Kampala,UTC +3.0 ,1.01013782471223,33.5504927667464
Uganda,Uganda,UG,,,Kamuli,,Bulamogi,,Namwiwa,,Namwiwa,Africa/Kampala,UTC +3.0 ,1.07938318671667,33.5846880033726
Uganda,Uganda,UG,,,Kamuli,,Bulamogi,,Namwiwa,,Saaka,Africa/Kampala,UTC +3.0 ,1.11639948569579,33.5878208423236
Uganda,Uganda,UG,,,Kamuli,,Bulamogi,,Nawaikoke,,Bukamba,Africa/Kampala,UTC +3.0 ,1.15445876836632,33.4278742503433
Uganda,Uganda,UG,,,Kamuli,,Bulamogi,,Nawaikoke,,Buluya,Africa/Kampala,UTC +3.0 ,1.05146873648164,33.4208254069192
Uganda,Uganda,UG,,,Kamuli,,Bulamogi,,Nawaikoke,,Namawa,Africa/Kampala,UTC +3.0 ,1.12801582239297,33.4004735253812
Uganda,Uganda,UG,,,Kamuli,,Bulamogi,,Nawaikoke,,Nangala,Africa/Kampala,UTC +3.0 ,1.19828399456665,33.4255687835315
Uganda,Uganda,UG,,,Kamuli,,Bulamogi,,Nawaikoke,,Nansololo,Africa/Kampala,UTC +3.0 ,1.03181240674148,33.3910204981381
Uganda,Uganda,UG,,,Kamuli,,Bulamogi,,Nawaikoke,,Nawaikoke,Africa/Kampala,UTC +3.0 ,1.0875895338798,33.4115718208311
Uganda,Uganda,UG,,,Kamuli,,Bulamogi,,Nawaikoke,,Nawampiti,Africa/Kampala,UTC +3.0 ,1.23377380049853,33.4567333320418
Uganda,Uganda,UG,,,Kamuli,,Bulamogi,,Nawaikoke,,Nsamule,Africa/Kampala,UTC +3.0 ,1.09255343120844,33.3653241826388
Uganda,Uganda,UG,,,Kamuli,,Buzaaya,,Bugulumbya,,Bugulumbya,Africa/Kampala,UTC +3.0 ,0.807290129443451,33.2210753268765
Uganda,Uganda,UG,,,Kamuli,,Buzaaya,,Bugulumbya,,Busandha,Africa/Kampala,UTC +3.0 ,0.775965328090002,33.2326319020897
Uganda,Uganda,UG,,,Kamuli,,Buzaaya,,Bugulumbya,,Kasambira,Africa/Kampala,UTC +3.0 ,0.791646570598472,33.1552413873141
Uganda,Uganda,UG,,,Kamuli,,Buzaaya,,Bugulumbya,,Nakibungulya,Africa/Kampala,UTC +3.0 ,0.831018222084943,33.1950859581428
Uganda,Uganda,UG,,,Kamuli,,Buzaaya,,Bugulumbya,,Nawanende,Africa/Kampala,UTC +3.0 ,0.797154246245536,33.1865546569293
Uganda,Uganda,UG,,,Kamuli,,Buzaaya,,Kisozi,,Kakira,Africa/Kampala,UTC +3.0 ,0.685867134320609,33.1077668615088
Uganda,Uganda,UG,,,Kamuli,,Buzaaya,,Kisozi,,Kakunyu,Africa/Kampala,UTC +3.0 ,0.784025168391852,33.0930790118347
Uganda,Uganda,UG,,,Kamuli,,Buzaaya,,Kisozi,,Kisozi,Africa/Kampala,UTC +3.0 ,0.739750506734405,33.0884177766048
Uganda,Uganda,UG,,,Kamuli,,Buzaaya,,Kisozi,,Kiyunga,Africa/Kampala,UTC +3.0 ,0.794447954037097,33.0616137950848
Uganda,Uganda,UG,,,Kamuli,,Buzaaya,,Kisozi,,Lwanyama,Africa/Kampala,UTC +3.0 ,0.717219713341129,33.0727953441898
Uganda,Uganda,UG,,,Kamuli,,Buzaaya,,Kisozi,,Magogo,Africa/Kampala,UTC +3.0 ,0.705366145254566,33.1108658168534
Uganda,Uganda,UG,,,Kamuli,,Buzaaya,,Kisozi,,Nakandulo,Africa/Kampala,UTC +3.0 ,0.682062776031671,33.0664003254293
Uganda,Uganda,UG,,,Kamuli,,Buzaaya,,Kisozi,,Namaganda,Africa/Kampala,UTC +3.0 ,0.756851200353462,33.0677547774038
Uganda,Uganda,UG,,,Kamuli,,Buzaaya,,Mbulamuti,,Bugondha,Africa/Kampala,UTC +3.0 ,0.839653895357659,33.0312312114259
Uganda,Uganda,UG,,,Kamuli,,Buzaaya,,Mbulamuti,,Buluuya,Africa/Kampala,UTC +3.0 ,0.835330010848654,33.0918948002232
Uganda,Uganda,UG,,,Kamuli,,Buzaaya,,Mbulamuti,,Kiyunga,Africa/Kampala,UTC +3.0 ,0.815681778397936,33.1265691840901
Uganda,Uganda,UG,,,Kamuli,,Buzaaya,,Mbulamuti,,Mbulamuti,Africa/Kampala,UTC +3.0 ,0.865739412129818,33.0562169306417
Uganda,Uganda,UG,,,Kamuli,,Buzaaya,,Nawanyago,,Bupandhengo,Africa/Kampala,UTC +3.0 ,0.710942596047121,33.1560446850984
Uganda,Uganda,UG,,,Kamuli,,Buzaaya,,Nawanyago,,Nawantumbi,Africa/Kampala,UTC +3.0 ,0.768711917404872,33.1276506612138
Uganda,Uganda,UG,,,Kamuli,,Buzaaya,,Nawanyago,,Nawanyago,Africa/Kampala,UTC +3.0 ,0.738086754208865,33.1433134150614
Uganda,Uganda,UG,,,Kamuli,,Buzaaya,,Wankole,,Lulyambuzi,Africa/Kampala,UTC +3.0 ,0.746435417796411,33.2083417227274
Uganda,Uganda,UG,,,Kamuli,,Buzaaya,,Wankole,,Luzinga,Africa/Kampala,UTC +3.0 ,0.712318468653431,33.2020414082594
Uganda,Uganda,UG,,,Kamuli,,Buzaaya,,Wankole,,Wankole,Africa/Kampala,UTC +3.0 ,0.762980103134361,33.180281410515
Uganda,Uganda,UG,,,Kamwenge,,Kibale,,Bwiizi,,Bwiizi,Africa/Kampala,UTC +3.0 ,0.380911860477536,30.7258957780327
Uganda,Uganda,UG,,,Kamwenge,,Kibale,,Bwiizi,,Kamwenge Tc,Africa/Kampala,UTC +3.0 ,0.329353894493049,30.7878613324577
Uganda,Uganda,UG,,,Kamwenge,,Kibale,,Bwiizi,,Marere,Africa/Kampala,UTC +3.0 ,0.404347338516213,30.8067685046725
Uganda,Uganda,UG,,,Kamwenge,,Kibale,,Bwiizi,,Ntonwa,Africa/Kampala,UTC +3.0 ,0.436469811545185,30.7251130028765
Uganda,Uganda,UG,,,Kamwenge,,Kibale,,Kahunge,,Bigodi,Africa/Kampala,UTC +3.0 ,0.395471367885804,30.4096839370468
Uganda,Uganda,UG,,,Kamwenge,,Kibale,,Kahunge,,Busiriba,Africa/Kampala,UTC +3.0 ,0.402117115931282,30.4523106023492
Uganda,Uganda,UG,,,Kamwenge,,Kibale,,Kahunge,,Kinoni,Africa/Kampala,UTC +3.0 ,0.471304291995996,30.4596523118414
Uganda,Uganda,UG,,,Kamwenge,,Kibale,,Kahunge,,Kiyagara,Africa/Kampala,UTC +3.0 ,0.345403541225268,30.5270544551996
Uganda,Uganda,UG,,,Kamwenge,,Kibale,,Kahunge,,Kyakanyemera,Africa/Kampala,UTC +3.0 ,0.280132838079689,30.4667445898237
Uganda,Uganda,UG,,,Kamwenge,,Kibale,,Kahunge,,Kyakarafa,Africa/Kampala,UTC +3.0 ,0.363568878421436,30.4788385356893
Uganda,Uganda,UG,,,Kamwenge,,Kibale,,Kahunge,,Mpanga,Africa/Kampala,UTC +3.0 ,0.269887967700779,30.5105594788785
Uganda,Uganda,UG,,,Kamwenge,,Kibale,,Kahunge,,Rwenkuba,Africa/Kampala,UTC +3.0 ,0.330005836282726,30.4315188365092
Uganda,Uganda,UG,,,Kamwenge,,Kibale,,Kamwenge,,Businge,Africa/Kampala,UTC +3.0 ,0.230947755734058,30.43236544728
Uganda,Uganda,UG,,,Kamwenge,,Kibale,,Kamwenge,,Ganyenda,Africa/Kampala,UTC +3.0 ,0.173471536797103,30.3991532089101
Uganda,Uganda,UG,,,Kamwenge,,Kibale,,Kamwenge,,Kabambiro,Africa/Kampala,UTC +3.0 ,0.139444815169296,30.502192974401
Uganda,Uganda,UG,,,Kamwenge,,Kibale,,Kamwenge,,Kakinga,Africa/Kampala,UTC +3.0 ,0.207801478047691,30.5114695461351
Uganda,Uganda,UG,,,Kamwenge,,Kibale,,Kamwenge,,Kiziba,Africa/Kampala,UTC +3.0 ,0.263698978220301,30.4162256259287
Uganda,Uganda,UG,,,Kamwenge,,Kibale,,Kamwenge,,Kyabandara,Africa/Kampala,UTC +3.0 ,0.237289161957897,30.3511352461696
Uganda,Uganda,UG,,,Kamwenge,,Kibale,,Kamwenge,,Nkongoro,Africa/Kampala,UTC +3.0 ,0.144885016755572,30.3048535008733
Uganda,Uganda,UG,,,Kamwenge,,Kibale,,Kamwenge,,Nyamashegwa,Africa/Kampala,UTC +3.0 ,0.177434271804582,30.544797382229
Uganda,Uganda,UG,,,Kamwenge,,Kibale,,Kamwenge Tc,,Kaburisoke,Africa/Kampala,UTC +3.0 ,0.165895858906163,30.4615906267564
Uganda,Uganda,UG,,,Kamwenge,,Kibale,,Kamwenge Tc,,Kamwenge,Africa/Kampala,UTC +3.0 ,0.194383821460344,30.4310495593094
Uganda,Uganda,UG,,,Kamwenge,,Kibale,,Kamwenge Tc,,Kitonzi Ward,Africa/Kampala,UTC +3.0 ,0.207228985603673,30.4654241557835
Uganda,Uganda,UG,,,Kamwenge,,Kibale,,Nkoma,,Bihanga,Africa/Kampala,UTC +3.0 ,0.214765684393297,30.6305703422836
Uganda,Uganda,UG,,,Kamwenge,,Kibale,,Nkoma,,Bisozi,Africa/Kampala,UTC +3.0 ,0.299251307352947,30.6035679421889
Uganda,Uganda,UG,,,Kamwenge,,Kibale,,Nkoma,,Kabingo,Africa/Kampala,UTC +3.0 ,0.191950087095379,30.5818400363878
Uganda,Uganda,UG,,,Kamwenge,,Kibale,,Nkoma,,Mabaale,Africa/Kampala,UTC +3.0 ,0.268071031465354,30.5551822565746
Uganda,Uganda,UG,,,Kamwenge,,Kibale,,Nkoma,,Nkoma,Africa/Kampala,UTC +3.0 ,0.290300877474085,30.6983916886856
Uganda,Uganda,UG,,,Kamwenge,,Kitagwenda,,Kacheche,,Bujumiro,Africa/Kampala,UTC +3.0 ,-0.042665970457339,30.3408547505705
Uganda,Uganda,UG,,,Kamwenge,,Kitagwenda,,Kacheche,,Bwera,Africa/Kampala,UTC +3.0 ,-0.157132571001414,30.4360078041642
Uganda,Uganda,UG,,,Kamwenge,,Kitagwenda,,Kacheche,,Kagazi,Africa/Kampala,UTC +3.0 ,-0.107477243286323,30.3955998276278
Uganda,Uganda,UG,,,Kamwenge,,Kitagwenda,,Kacheche,,Kakasi,Africa/Kampala,UTC +3.0 ,-0.090747730130949,30.3229044581302
Uganda,Uganda,UG,,,Kamwenge,,Kitagwenda,,Kacheche,,Kantozi,Africa/Kampala,UTC +3.0 ,-0.071471995265459,30.3900057725591
Uganda,Uganda,UG,,,Kamwenge,,Kitagwenda,,Kacheche,,Kigoto,Africa/Kampala,UTC +3.0 ,-0.149477411003807,30.4049891994141
Uganda,Uganda,UG,,,Kamwenge,,Kitagwenda,,Kacheche,,Nyabihoko,Africa/Kampala,UTC +3.0 ,-0.034541353894509,30.3860506567474
Uganda,Uganda,UG,,,Kamwenge,,Kitagwenda,,Kacheche,,Nyakasenyi,Africa/Kampala,UTC +3.0 ,-0.071880590943249,30.3608631467659
Uganda,Uganda,UG,,,Kamwenge,,Kitagwenda,,Kacheche,,Ruhunga,Africa/Kampala,UTC +3.0 ,-0.123773876032031,30.3523584599593
Uganda,Uganda,UG,,,Kamwenge,,Kitagwenda,,Mahyoro,,Bukurungo,Africa/Kampala,UTC +3.0 ,0.011611623958949,30.2827581455541
Uganda,Uganda,UG,,,Kamwenge,,Kitagwenda,,Mahyoro,,Kitonzi,Africa/Kampala,UTC +3.0 ,-0.10294846584487,30.2708320615803
Uganda,Uganda,UG,,,Kamwenge,,Kitagwenda,,Mahyoro,,Mahyoro,Africa/Kampala,UTC +3.0 ,-0.049075497276614,30.2520801927482
Uganda,Uganda,UG,,,Kamwenge,,Kitagwenda,,Mahyoro,,Nyakasura,Africa/Kampala,UTC +3.0 ,-0.058257849970402,30.2955114785004
Uganda,Uganda,UG,,,Kamwenge,,Kitagwenda,,Mahyoro,,Nyakera,Africa/Kampala,UTC +3.0 ,0.042246302401274,30.30518784909
Uganda,Uganda,UG,,,Kamwenge,,Kitagwenda,,Ntara,,Kabale,Africa/Kampala,UTC +3.0 ,-0.019337037067467,30.3337624339863
Uganda,Uganda,UG,,,Kamwenge,,Kitagwenda,,Ntara,,Kicwamba,Africa/Kampala,UTC +3.0 ,0.031113518950538,30.3861859969323
Uganda,Uganda,UG,,,Kamwenge,,Kitagwenda,,Ntara,,Ntara,Africa/Kampala,UTC +3.0 ,0.005673742952668,30.3445459945995
Uganda,Uganda,UG,,,Kamwenge,,Kitagwenda,,Ntara,,Rugarama,Africa/Kampala,UTC +3.0 ,0.059524729273417,30.3550240738697
Uganda,Uganda,UG,,,Kamwenge,,Kitagwenda,,Nyabbani,,Kanara,Africa/Kampala,UTC +3.0 ,0.134636588668598,30.377079233692
Uganda,Uganda,UG,,,Kamwenge,,Kitagwenda,,Nyabbani,,Nganiko,Africa/Kampala,UTC +3.0 ,0.056155442812716,30.4190128677396
Uganda,Uganda,UG,,,Kamwenge,,Kitagwenda,,Nyabbani,,Rwenjaza,Africa/Kampala,UTC +3.0 ,0.130485641820448,30.4401698390276
Uganda,Uganda,UG,,,Kamwenge,,Kitagwenda,,Nyabbani,,Rwenkubebe,Africa/Kampala,UTC +3.0 ,0.089936815168458,30.4163216668362
Uganda,Uganda,UG,,,Kamwenge,,Kitagwenda,,Nyabbani,,Rwenshama,Africa/Kampala,UTC +3.0 ,0.109703008674715,30.3382538695362
Uganda,Uganda,UG,,,Kanungu,,Kinkiizi,,Kambuga,,Bugongi,Africa/Kampala,UTC +3.0 ,-0.758548854612007,29.8008876530979
Uganda,Uganda,UG,,,Kanungu,,Kinkiizi,,Kambuga,,Katete,Africa/Kampala,UTC +3.0 ,-0.785041001683795,29.7536396441997
Uganda,Uganda,UG,,,Kanungu,,Kinkiizi,,Kambuga,,Kiringa,Africa/Kampala,UTC +3.0 ,-0.845913645016722,29.7929629118382
Uganda,Uganda,UG,,,Kanungu,,Kinkiizi,,Kambuga,,Nyarugunda,Africa/Kampala,UTC +3.0 ,-0.822014422805518,29.7717348774742
Uganda,Uganda,UG,,,Kanungu,,Kinkiizi,,Kambuga,,Nyarutojo,Africa/Kampala,UTC +3.0 ,-0.828748937732831,29.8236139406268
Uganda,Uganda,UG,,,Kanungu,,Kinkiizi,,Kambuga,,Ruhandagazi,Africa/Kampala,UTC +3.0 ,-0.799951500623489,29.7990336117488
Uganda,Uganda,UG,,,Kanungu,,Kinkiizi,,Kanungu Tc,,Eastern Ward,Africa/Kampala,UTC +3.0 ,-0.902492551191925,29.7916416302735
Uganda,Uganda,UG,,,Kanungu,,Kinkiizi,,Kanungu Tc,,Northern Ward,Africa/Kampala,UTC +3.0 ,-0.870945148881596,29.777441892441
Uganda,Uganda,UG,,,Kanungu,,Kinkiizi,,Kanungu Tc,,Southern Ward,Africa/Kampala,UTC +3.0 ,-0.926327280008799,29.7780445925491
Uganda,Uganda,UG,,,Kanungu,,Kinkiizi,,Kanungu Tc,,Western Ward,Africa/Kampala,UTC +3.0 ,-0.890554826163536,29.7627081345394
Uganda,Uganda,UG,,,Kanungu,,Kinkiizi,,Kanyantorogo,,Burema,Africa/Kampala,UTC +3.0 ,-0.82851107242577,29.7101998929862
Uganda,Uganda,UG,,,Kanungu,,Kinkiizi,,Kanyantorogo,,Kihembe,Africa/Kampala,UTC +3.0 ,-0.805946299002057,29.6594330914529
Uganda,Uganda,UG,,,Kanungu,,Kinkiizi,,Kanyantorogo,,Kishenyi,Africa/Kampala,UTC +3.0 ,-0.814707784567518,29.7207227240754
Uganda,Uganda,UG,,,Kanungu,,Kinkiizi,,Kanyantorogo,,Nyamigoye,Africa/Kampala,UTC +3.0 ,-0.842039207804289,29.6761535394629
Uganda,Uganda,UG,,,Kanungu,,Kinkiizi,,Kayonza,,Bujengwe,Africa/Kampala,UTC +3.0 ,-0.941045241307669,29.6720609217635
Uganda,Uganda,UG,,,Kanungu,,Kinkiizi,,Kayonza,,Karangara,Africa/Kampala,UTC +3.0 ,-0.906059571014526,29.6690639934363
Uganda,Uganda,UG,,,Kanungu,,Kinkiizi,,Kayonza,,Kyeshero,Africa/Kampala,UTC +3.0 ,-0.920082362548084,29.6155022517067
Uganda,Uganda,UG,,,Kanungu,,Kinkiizi,,Kayonza,,Mukono,Africa/Kampala,UTC +3.0 ,-0.959329801473414,29.6200874347781
Uganda,Uganda,UG,,,Kanungu,,Kinkiizi,,Kayonza,,Ntungamo,Africa/Kampala,UTC +3.0 ,-0.871836999889154,29.645556101446
Uganda,Uganda,UG,,,Kanungu,,Kinkiizi,,Kihiihi,,Bihomborwa,Africa/Kampala,UTC +3.0 ,-0.775193915023844,29.6707066602144
Uganda,Uganda,UG,,,Kanungu,,Kinkiizi,,Kihiihi,,Elizabeth Np,Africa/Kampala,UTC +3.0 ,-0.54921571493682,29.6879882248328
Uganda,Uganda,UG,,,Kanungu,,Kinkiizi,,Kihiihi,,Kabuga,Africa/Kampala,UTC +3.0 ,-0.709190381387903,29.7089508494639
Uganda,Uganda,UG,,,Kanungu,,Kinkiizi,,Kihiihi,,Karubeizi,Africa/Kampala,UTC +3.0 ,-0.757935499427807,29.727140284618
Uganda,Uganda,UG,,,Kanungu,,Kinkiizi,,Kihiihi,,Kibimbiri,Africa/Kampala,UTC +3.0 ,-0.641243518166398,29.7258642146789
Uganda,Uganda,UG,,,Kanungu,,Kinkiizi,,Kihiihi,,Kihihi Town,Africa/Kampala,UTC +3.0 ,-0.748379149232918,29.697144619988
Uganda,Uganda,UG,,,Kanungu,,Kinkiizi,,Kihiihi,,Nkunda,Africa/Kampala,UTC +3.0 ,-0.766618253193686,29.643904150549
Uganda,Uganda,UG,,,Kanungu,,Kinkiizi,,Kihiihi,,Nyakatunguru,Africa/Kampala,UTC +3.0 ,-0.771470637696247,29.7039567627217
Uganda,Uganda,UG,,,Kanungu,,Kinkiizi,,Kihiihi,,Nyanga,Africa/Kampala,UTC +3.0 ,-0.733561286636714,29.6518041256493
Uganda,Uganda,UG,,,Kanungu,,Kinkiizi,,Kihiihi,,Rushoroza,Africa/Kampala,UTC +3.0 ,-0.690141246153518,29.6912636181344
Uganda,Uganda,UG,,,Kanungu,,Kinkiizi,,Kihiihi,,Rwanga,Africa/Kampala,UTC +3.0 ,-0.738895174775611,29.6786520998998
Uganda,Uganda,UG,,,Kanungu,,Kinkiizi,,Kihiihi,,Samaria,Africa/Kampala,UTC +3.0 ,-0.713397183204016,29.7343160187313
Uganda,Uganda,UG,,,Kanungu,,Kinkiizi,,Kirima,,Bushura,Africa/Kampala,UTC +3.0 ,-0.899648177239953,29.7422405016779
Uganda,Uganda,UG,,,Kanungu,,Kinkiizi,,Kirima,,Bwindi Impenetrable Np,Africa/Kampala,UTC +3.0 ,-0.900552619501786,29.714802528461
Uganda,Uganda,UG,,,Kanungu,,Kinkiizi,,Kirima,,Kihanda,Africa/Kampala,UTC +3.0 ,-0.831356465878686,29.7484692934314
Uganda,Uganda,UG,,,Kanungu,,Kinkiizi,,Kirima,,Rubimbwa,Africa/Kampala,UTC +3.0 ,-0.862751007773994,29.7002834596669
Uganda,Uganda,UG,,,Kanungu,,Kinkiizi,,Kirima,,Rutugunda,Africa/Kampala,UTC +3.0 ,-0.862394714979265,29.7423984737749
Uganda,Uganda,UG,,,Kanungu,,Kinkiizi,,Mpungu,,Bulemba,Africa/Kampala,UTC +3.0 ,-0.983143560945594,29.7033962383555
Uganda,Uganda,UG,,,Kanungu,,Kinkiizi,,Mpungu,,Bwindi Impenetrable Np,Africa/Kampala,UTC +3.0 ,-1.00322846489592,29.678856894026
Uganda,Uganda,UG,,,Kanungu,,Kinkiizi,,Mpungu,,Mpungu,Africa/Kampala,UTC +3.0 ,-0.994015594872135,29.7252295987312
Uganda,Uganda,UG,,,Kanungu,,Kinkiizi,,Mpungu,,Muramba,Africa/Kampala,UTC +3.0 ,-0.96394632563988,29.7386968325381
Uganda,Uganda,UG,,,Kanungu,,Kinkiizi,,Mpungu,,Ngara,Africa/Kampala,UTC +3.0 ,-0.967514765654092,29.7572205757757
Uganda,Uganda,UG,,,Kanungu,,Kinkiizi,,Mpungu,,Unknown,Africa/Kampala,UTC +3.0 ,-0.954575364472327,29.7186840226075
Uganda,Uganda,UG,,,Kanungu,,Kinkiizi,,Nyamirama,,Kigarama,Africa/Kampala,UTC +3.0 ,-0.729790541625688,29.75334315446
Uganda,Uganda,UG,,,Kanungu,,Kinkiizi,,Nyamirama,,Mashaku,Africa/Kampala,UTC +3.0 ,-0.711893842009776,29.7887102572959
Uganda,Uganda,UG,,,Kanungu,,Kinkiizi,,Nyamirama,,Ntungwa,Africa/Kampala,UTC +3.0 ,-0.685298055013379,29.7838771376719
Uganda,Uganda,UG,,,Kanungu,,Kinkiizi,,Nyamirama,,Nyakashure,Africa/Kampala,UTC +3.0 ,-0.676500154047995,29.7613894509279
Uganda,Uganda,UG,,,Kanungu,,Kinkiizi,,Nyamirama,,Nyarurambi,Africa/Kampala,UTC +3.0 ,-0.731442298488384,29.7747499515873
Uganda,Uganda,UG,,,Kanungu,,Kinkiizi,,Nyamirama,,Rushaka,Africa/Kampala,UTC +3.0 ,-0.640047688879236,29.7692772874695
Uganda,Uganda,UG,,,Kanungu,,Kinkiizi,,Rugyeyo,,Kashojwa,Africa/Kampala,UTC +3.0 ,-0.902249897872319,29.8272679018496
Uganda,Uganda,UG,,,Kanungu,,Kinkiizi,,Rugyeyo,,Katungu,Africa/Kampala,UTC +3.0 ,-0.86683334734023,29.8427033364708
Uganda,Uganda,UG,,,Kanungu,,Kinkiizi,,Rugyeyo,,Kayungwe,Africa/Kampala,UTC +3.0 ,-0.90714643869162,29.8479127147424
Uganda,Uganda,UG,,,Kanungu,,Kinkiizi,,Rugyeyo,,Kitojo,Africa/Kampala,UTC +3.0 ,-0.859769204752417,29.8193998496995
Uganda,Uganda,UG,,,Kanungu,,Kinkiizi,,Rugyeyo,,Mishenyi,Africa/Kampala,UTC +3.0 ,-0.885018818316996,29.8660802159886
Uganda,Uganda,UG,,,Kanungu,,Kinkiizi,,Rugyeyo,,Nyarurambi,Africa/Kampala,UTC +3.0 ,-0.88717794139999,29.8052948578681
Uganda,Uganda,UG,,,Kanungu,,Kinkiizi,,Rutenga,,Katojo,Africa/Kampala,UTC +3.0 ,-1.0039402310875,29.8682854395162
Uganda,Uganda,UG,,,Kanungu,,Kinkiizi,,Rutenga,,Kinaaba,Africa/Kampala,UTC +3.0 ,-0.986560892705943,29.795297343372
Uganda,Uganda,UG,,,Kanungu,,Kinkiizi,,Rutenga,,Mafuga,Africa/Kampala,UTC +3.0 ,-1.01756693922839,29.8397463533266
Uganda,Uganda,UG,,,Kanungu,,Kinkiizi,,Rutenga,,Mafuga Fr,Africa/Kampala,UTC +3.0 ,-1.03911846992222,29.8686017924414
Uganda,Uganda,UG,,,Kanungu,,Kinkiizi,,Rutenga,,Muramba,Africa/Kampala,UTC +3.0 ,-0.951300209077739,29.8256471843516
Uganda,Uganda,UG,,,Kapchorwa,,Kongasis,,Bukwa,,Amanang,Africa/Kampala,UTC +3.0 ,1.27418883304782,34.7275627489683
Uganda,Uganda,UG,,,Kapchorwa,,Kongasis,,Bukwa,,Chepkwasta,Africa/Kampala,UTC +3.0 ,1.27638041980551,34.6927757740555
Uganda,Uganda,UG,,,Kapchorwa,,Kongasis,,Bukwa,,Mt. Elgon Np,Africa/Kampala,UTC +3.0 ,1.2346418381332,34.6376220157482
Uganda,Uganda,UG,,,Kapchorwa,,Kongasis,,Bukwa,,Muimet,Africa/Kampala,UTC +3.0 ,1.29318865565042,34.7720231239796
Uganda,Uganda,UG,,,Kapchorwa,,Kongasis,,Chesower,,Kamet,Africa/Kampala,UTC +3.0 ,1.35328189610978,34.7067596704669
Uganda,Uganda,UG,,,Kapchorwa,,Kongasis,,Chesower,,Mt. Elgon Np,Africa/Kampala,UTC +3.0 ,1.26976245262063,34.5882543499183
Uganda,Uganda,UG,,,Kapchorwa,,Kongasis,,Chesower,,Nyalit,Africa/Kampala,UTC +3.0 ,1.34414457126781,34.6571827697616
Uganda,Uganda,UG,,,Kapchorwa,,Kongasis,,Chesower,,Tulel,Africa/Kampala,UTC +3.0 ,1.3583900253345,34.6811650005637
Uganda,Uganda,UG,,,Kapchorwa,,Kongasis,,Kabei,,Kortek,Africa/Kampala,UTC +3.0 ,1.29169914352167,34.6957311178243
Uganda,Uganda,UG,,,Kapchorwa,,Kongasis,,Kabei,,Mokoyon,Africa/Kampala,UTC +3.0 ,1.30663227271959,34.7339363361596
Uganda,Uganda,UG,,,Kapchorwa,,Kongasis,,Kabei,,Mt. Elgon Np,Africa/Kampala,UTC +3.0 ,1.29743817158438,34.6450970583238
Uganda,Uganda,UG,,,Kapchorwa,,Kongasis,,Kabei,,Mutushet,Africa/Kampala,UTC +3.0 ,1.32475760090297,34.7189609536253
Uganda,Uganda,UG,,,Kapchorwa,,Kongasis,,Kabei,,Riwo,Africa/Kampala,UTC +3.0 ,1.34628437431865,34.7715245576402
Uganda,Uganda,UG,,,Kapchorwa,,Kongasis,,Suam,,Kaptererwa,Africa/Kampala,UTC +3.0 ,1.26479289928265,34.8017893993872
Uganda,Uganda,UG,,,Kapchorwa,,Kongasis,,Suam,,Kwirot,Africa/Kampala,UTC +3.0 ,1.234840120014,34.7571484074425
Uganda,Uganda,UG,,,Kapchorwa,,Kongasis,,Suam,,Mt. Elgon Np,Africa/Kampala,UTC +3.0 ,1.19067866011196,34.6399585955234
Uganda,Uganda,UG,,,Kapchorwa,,Kongasis,,Suam,,Senendet,Africa/Kampala,UTC +3.0 ,1.26454133996244,34.7569016201491
Uganda,Uganda,UG,,,Kapchorwa,,Kween,,Benet,,Kaseko,Africa/Kampala,UTC +3.0 ,1.3659069682964,34.4980188413293
Uganda,Uganda,UG,,,Kapchorwa,,Kween,,Benet,,Kitawoi,Africa/Kampala,UTC +3.0 ,1.38379030131616,34.542987980301
Uganda,Uganda,UG,,,Kapchorwa,,Kween,,Benet,,Kwosir,Africa/Kampala,UTC +3.0 ,1.38885255192127,34.5701780098096
Uganda,Uganda,UG,,,Kapchorwa,,Kween,,Benet,,Mt. Elgon Np,Africa/Kampala,UTC +3.0 ,1.27649666593454,34.551000942465
Uganda,Uganda,UG,,,Kapchorwa,,Kween,,Benet,,Piswa,Africa/Kampala,UTC +3.0 ,1.37341900733076,34.5211962121448
Uganda,Uganda,UG,,,Kapchorwa,,Kween,,Benet,,Tuikat,Africa/Kampala,UTC +3.0 ,1.38379078903428,34.5890916038453
Uganda,Uganda,UG,,,Kapchorwa,,Kween,,Benet,,Yatui,Africa/Kampala,UTC +3.0 ,1.34905665712399,34.5106691574309
Uganda,Uganda,UG,,,Kapchorwa,,Kween,,Benet,,Yatui,Africa/Kampala,UTC +3.0 ,1.35070484680179,34.576265140195
Uganda,Uganda,UG,,,Kapchorwa,,Kween,,Binyiny,,Kapkoch,Africa/Kampala,UTC +3.0 ,1.39529789777842,34.4914882178559
Uganda,Uganda,UG,,,Kapchorwa,,Kween,,Binyiny,,Kaptoyoy,Africa/Kampala,UTC +3.0 ,1.44946295652733,34.4889096557327
Uganda,Uganda,UG,,,Kapchorwa,,Kween,,Binyiny,,Kono,Africa/Kampala,UTC +3.0 ,1.43648095831014,34.5270958821383
Uganda,Uganda,UG,,,Kapchorwa,,Kween,,Kaproron,,Cheminy,Africa/Kampala,UTC +3.0 ,1.41438845496355,34.5780113037352
Uganda,Uganda,UG,,,Kapchorwa,,Kween,,Kaproron,,Kamwam,Africa/Kampala,UTC +3.0 ,1.44070498348804,34.6355521685109
Uganda,Uganda,UG,,,Kapchorwa,,Kween,,Kaproron,,Kaptum,Africa/Kampala,UTC +3.0 ,1.45358754580071,34.5759769151811
Uganda,Uganda,UG,,,Kapchorwa,,Kween,,Kwanyiny,,Kapkwata,Africa/Kampala,UTC +3.0 ,1.37660232199774,34.66550566552
Uganda,Uganda,UG,,,Kapchorwa,,Kween,,Kwanyiny,,Moyok,Africa/Kampala,UTC +3.0 ,1.40796583431826,34.6366302009607
Uganda,Uganda,UG,,,Kapchorwa,,Kween,,Kwanyiny,,Nyimei,Africa/Kampala,UTC +3.0 ,1.40882396244106,34.6667169701779
Uganda,Uganda,UG,,,Kapchorwa,,Kween,,Ngenge,,Greek River,Africa/Kampala,UTC +3.0 ,1.43437746469296,34.7110859710223
Uganda,Uganda,UG,,,Kapchorwa,,Kween,,Ngenge,,Kapkwot,Africa/Kampala,UTC +3.0 ,1.53598751493253,34.4818899220047
Uganda,Uganda,UG,,,Kapchorwa,,Kween,,Ngenge,,Sundet,Africa/Kampala,UTC +3.0 ,1.52564504525651,34.5924965449361
Uganda,Uganda,UG,,,Kapchorwa,,Tingey,,Chema,,Chema,Africa/Kampala,UTC +3.0 ,1.36542249432726,34.3867549457552
Uganda,Uganda,UG,,,Kapchorwa,,Tingey,,Chema,,Chemosong,Africa/Kampala,UTC +3.0 ,1.3796523342445,34.3890239424973
Uganda,Uganda,UG,,,Kapchorwa,,Tingey,,Chema,,Kapkwai,Africa/Kampala,UTC +3.0 ,1.35443120496091,34.4052427940031
Uganda,Uganda,UG,,,Kapchorwa,,Tingey,,Chema,,Mt. Elgon Np,Africa/Kampala,UTC +3.0 ,1.29630444596372,34.4666052995304
Uganda,Uganda,UG,,,Kapchorwa,,Tingey,,Chema,,Munarya,Africa/Kampala,UTC +3.0 ,1.35264957976268,34.3793734281839
Uganda,Uganda,UG,,,Kapchorwa,,Tingey,,Chema,,Ngasire,Africa/Kampala,UTC +3.0 ,1.34234433552665,34.3932031950974
Uganda,Uganda,UG,,,Kapchorwa,,Tingey,,Kapchorwa Tc,,Barawa,Africa/Kampala,UTC +3.0 ,1.39734202200896,34.4456169191877
Uganda,Uganda,UG,,,Kapchorwa,,Tingey,,Kapchorwa Tc,,Kawowo,Africa/Kampala,UTC +3.0 ,1.40002454419629,34.4509037136089
Uganda,Uganda,UG,,,Kapchorwa,,Tingey,,Kapchorwa Tc,,Kokwomurya,Africa/Kampala,UTC +3.0 ,1.4042779550023,34.4573458802116
Uganda,Uganda,UG,,,Kapchorwa,,Tingey,,Kaptanya,,Kapchesombe,Africa/Kampala,UTC +3.0 ,1.38599162930693,34.4699051587862
Uganda,Uganda,UG,,,Kapchorwa,,Tingey,,Kaptanya,,Kirwoko,Africa/Kampala,UTC +3.0 ,1.42011633048712,34.4706468120676
Uganda,Uganda,UG,,,Kapchorwa,,Tingey,,Kaptanya,,Kwoti,Africa/Kampala,UTC +3.0 ,1.36405214083098,34.4672612368319
Uganda,Uganda,UG,,,Kapchorwa,,Tingey,,Kaptanya,,Ngangata,Africa/Kampala,UTC +3.0 ,1.4249470374706,34.4276834611155
Uganda,Uganda,UG,,,Kapchorwa,,Tingey,,Kaptanya,,Tumboboy,Africa/Kampala,UTC +3.0 ,1.44774238559037,34.4539675345275
Uganda,Uganda,UG,,,Kapchorwa,,Tingey,,Kaserem,,Amukol,Africa/Kampala,UTC +3.0 ,1.33081168414698,34.3503164127633
Uganda,Uganda,UG,,,Kapchorwa,,Tingey,,Kaserem,,Chebelat,Africa/Kampala,UTC +3.0 ,1.30552150694243,34.3573872966756
Uganda,Uganda,UG,,,Kapchorwa,,Tingey,,Kaserem,,Kamoko,Africa/Kampala,UTC +3.0 ,1.31463755325026,34.3591292333122
Uganda,Uganda,UG,,,Kapchorwa,,Tingey,,Kaserem,,Marinyi,Africa/Kampala,UTC +3.0 ,1.32501017921923,34.3679969979628
Uganda,Uganda,UG,,,Kapchorwa,,Tingey,,Kaserem,,Sirimityo,Africa/Kampala,UTC +3.0 ,1.32515639116589,34.3292008890587
Uganda,Uganda,UG,,,Kapchorwa,,Tingey,,Kaserem,,Weere,Africa/Kampala,UTC +3.0 ,1.31877323930044,34.3454138629321
Uganda,Uganda,UG,,,Kapchorwa,,Tingey,,Kawowo,,Cheptuya,Africa/Kampala,UTC +3.0 ,1.38367621533892,34.3577809398574
Uganda,Uganda,UG,,,Kapchorwa,,Tingey,,Kawowo,,Kapchella,Africa/Kampala,UTC +3.0 ,1.35162132035873,34.3306709378508
Uganda,Uganda,UG,,,Kapchorwa,,Tingey,,Kawowo,,Kobil,Africa/Kampala,UTC +3.0 ,1.33884130793667,34.3341018799517
Uganda,Uganda,UG,,,Kapchorwa,,Tingey,,Kawowo,,Kongowo,Africa/Kampala,UTC +3.0 ,1.35344187439566,34.3536065668886
Uganda,Uganda,UG,,,Kapchorwa,,Tingey,,Kawowo,,Sanzara,Africa/Kampala,UTC +3.0 ,1.35881568053672,34.3206497275332
Uganda,Uganda,UG,,,Kapchorwa,,Tingey,,Kawowo,,Sengwel,Africa/Kampala,UTC +3.0 ,1.3587156057197,34.3667523097291
Uganda,Uganda,UG,,,Kapchorwa,,Tingey,,Sipi,,Gamatui,Africa/Kampala,UTC +3.0 ,1.32981917521926,34.386948860576
Uganda,Uganda,UG,,,Kapchorwa,,Tingey,,Sipi,,Kabeywa,Africa/Kampala,UTC +3.0 ,1.30939898618194,34.3767810622241
Uganda,Uganda,UG,,,Kapchorwa,,Tingey,,Sipi,,Kapkwirwok,Africa/Kampala,UTC +3.0 ,1.33418603906049,34.3734741950107
Uganda,Uganda,UG,,,Kapchorwa,,Tingey,,Sipi,,Mt. Elgon Np,Africa/Kampala,UTC +3.0 ,1.26998013461153,34.4624119149567
Uganda,Uganda,UG,,,Kapchorwa,,Tingey,,Sipi,,Tangwen,Africa/Kampala,UTC +3.0 ,1.31792956591973,34.3919560545444
Uganda,Uganda,UG,,,Kapchorwa,,Tingey,,Sipi,,Yembek,Africa/Kampala,UTC +3.0 ,1.30436904441705,34.3879977834572
Uganda,Uganda,UG,,,Kapchorwa,,Tingey,,Tegeres,,Kabat,Africa/Kampala,UTC +3.0 ,1.40638861337953,34.383555957121
Uganda,Uganda,UG,,,Kapchorwa,,Tingey,,Tegeres,,Kapenguria,Africa/Kampala,UTC +3.0 ,1.37573275840376,34.4434469788202
Uganda,Uganda,UG,,,Kapchorwa,,Tingey,,Tegeres,,Kapteret,Africa/Kampala,UTC +3.0 ,1.39449088247279,34.430028118011
Uganda,Uganda,UG,,,Kapchorwa,,Tingey,,Tegeres,,Kutung,Africa/Kampala,UTC +3.0 ,1.37432947002105,34.4156020143576
Uganda,Uganda,UG,,,Kapchorwa,,Tingey,,Tegeres,,Mt. Elgon Np,Africa/Kampala,UTC +3.0 ,1.32573864172006,34.4669553000245
Uganda,Uganda,UG,,,Kapchorwa,,Tingey,,Tegeres,,Tegeres,Africa/Kampala,UTC +3.0 ,1.36032882965328,34.4269683772771
Uganda,Uganda,UG,,,Kapchorwa,,Tingey,,Tegeres,,Tuban,Africa/Kampala,UTC +3.0 ,1.42755162533269,34.399467002438
Uganda,Uganda,UG,,,Kasese,,Bukonjo,,Bwera,,Bunyiswa,Africa/Kampala,UTC +3.0 ,0.014053817825555,29.7731335522822
Uganda,Uganda,UG,,,Kasese,,Bukonjo,,Bwera,,Bwera Township,Africa/Kampala,UTC +3.0 ,0.039074293810031,29.7599628325451
Uganda,Uganda,UG,,,Kasese,,Bukonjo,,Bwera,,Kisaka,Africa/Kampala,UTC +3.0 ,0.047567510890087,29.7869152053965
Uganda,Uganda,UG,,,Kasese,,Bukonjo,,Bwera,,Kyempara,Africa/Kampala,UTC +3.0 ,0.007041685713575,29.7543572402912
Uganda,Uganda,UG,,,Kasese,,Bukonjo,,Bwera,,Kyogha,Africa/Kampala,UTC +3.0 ,0.050709804976836,29.7614830071355
Uganda,Uganda,UG,,,Kasese,,Bukonjo,,Bwera,,Mpondwe,Africa/Kampala,UTC +3.0 ,0.034783483927266,29.7639877201697
Uganda,Uganda,UG,,,Kasese,,Bukonjo,,Bwera,,Rusese,Africa/Kampala,UTC +3.0 ,0.016240605899499,29.7653295379049
Uganda,Uganda,UG,,,Kasese,,Bukonjo,,Ihandiro,,Bubotyo,Africa/Kampala,UTC +3.0 ,0.124849827593339,29.8141108998085
Uganda,Uganda,UG,,,Kasese,,Bukonjo,,Ihandiro,,Buhatiro,Africa/Kampala,UTC +3.0 ,0.073341943214675,29.7962783459249
Uganda,Uganda,UG,,,Kasese,,Bukonjo,,Ihandiro,,Ihango,Africa/Kampala,UTC +3.0 ,0.075897887481514,29.774002966599
Uganda,Uganda,UG,,,Kasese,,Bukonjo,,Ihandiro,,Kihoko,Africa/Kampala,UTC +3.0 ,0.061486119041338,29.7730723352228
Uganda,Uganda,UG,,,Kasese,,Bukonjo,,Ihandiro,,Kikyo,Africa/Kampala,UTC +3.0 ,0.085167969416582,29.7695132558068
Uganda,Uganda,UG,,,Kasese,,Bukonjo,,Karambi,,Bikunya,Africa/Kampala,UTC +3.0 ,0.074145854970001,29.7500120077145
Uganda,Uganda,UG,,,Kasese,,Bukonjo,,Karambi,,Buhuna,Africa/Kampala,UTC +3.0 ,0.057666088120204,29.7483616285128
Uganda,Uganda,UG,,,Kasese,,Bukonjo,,Karambi,,Karambi,Africa/Kampala,UTC +3.0 ,0.064372968434889,29.7377360911962
Uganda,Uganda,UG,,,Kasese,,Bukonjo,,Karambi,,Kisolholho,Africa/Kampala,UTC +3.0 ,0.080211967070623,29.7353851384993
Uganda,Uganda,UG,,,Kasese,,Bukonjo,,Karambi,,Kyambogho,Africa/Kampala,UTC +3.0 ,0.016138897489952,29.7375435916349
Uganda,Uganda,UG,,,Kasese,,Bukonjo,,Karambi,,Nyabugando,Africa/Kampala,UTC +3.0 ,0.03266688527275,29.7267681989899
Uganda,Uganda,UG,,,Kasese,,Bukonjo,,Karambi,,Nyakahya,Africa/Kampala,UTC +3.0 ,0.046461713293802,29.7349604192428
Uganda,Uganda,UG,,,Kasese,,Bukonjo,,Kilembe,,Rwenzori Mountain Fr,Africa/Kampala,UTC +3.0 ,0.248594887689786,29.9074884494466
Uganda,Uganda,UG,,,Kasese,,Bukonjo,,Kisinga,,Kagando,Africa/Kampala,UTC +3.0 ,0.0270712012826,29.8905887169116
Uganda,Uganda,UG,,,Kasese,,Bukonjo,,Kisinga,,Kajwenge,Africa/Kampala,UTC +3.0 ,0.044173466230625,29.8704869610368
Uganda,Uganda,UG,,,Kasese,,Bukonjo,,Kisinga,,Nsenyi,Africa/Kampala,UTC +3.0 ,0.098419732944131,29.8848688448486
Uganda,Uganda,UG,,,Kasese,,Bukonjo,,Kisinga,,Nyabirongo,Africa/Kampala,UTC +3.0 ,0.082847247281461,29.8555749612407
Uganda,Uganda,UG,,,Kasese,,Bukonjo,,Kisinga,,Rwenghuyo,Africa/Kampala,UTC +3.0 ,0.059897362226234,29.8842598300371
Uganda,Uganda,UG,,,Kasese,,Bukonjo,,Kisinga,,Rwenzori Mountain Fr,Africa/Kampala,UTC +3.0 ,0.123037176124466,29.8505424777634
Uganda,Uganda,UG,,,Kasese,,Bukonjo,,Kitholhu,,Kanyatsi,Africa/Kampala,UTC +3.0 ,0.115031175519203,29.74224963782
Uganda,Uganda,UG,,,Kasese,,Bukonjo,,Kitholhu,,Kiraro,Africa/Kampala,UTC +3.0 ,0.146446263717365,29.7872509166512
Uganda,Uganda,UG,,,Kasese,,Bukonjo,,Kitholhu,,Kithobira,Africa/Kampala,UTC +3.0 ,0.118094594042038,29.7815726363634
Uganda,Uganda,UG,,,Kasese,,Bukonjo,,Kitholhu,,Kitholhu,Africa/Kampala,UTC +3.0 ,0.104892033446558,29.7659437413708
Uganda,Uganda,UG,,,Kasese,,Bukonjo,,Kitholhu,,Kyabikere,Africa/Kampala,UTC +3.0 ,0.098368745286356,29.7532337626571
Uganda,Uganda,UG,,,Kasese,,Bukonjo,,Kyarumba,,Kabirizi,Africa/Kampala,UTC +3.0 ,0.080079469703372,29.9475291247639
Uganda,Uganda,UG,,,Kasese,,Bukonjo,,Kyarumba,,Kaghema,Africa/Kampala,UTC +3.0 ,0.158452615372559,29.9393405826304
Uganda,Uganda,UG,,,Kasese,,Bukonjo,,Kyarumba,,Kalonge,Africa/Kampala,UTC +3.0 ,0.159826596645067,29.9676508431653
Uganda,Uganda,UG,,,Kasese,,Bukonjo,,Kyarumba,,Kihungu,Africa/Kampala,UTC +3.0 ,0.108810582174624,29.9666214750029
Uganda,Uganda,UG,,,Kasese,,Bukonjo,,Kyarumba,,Kitabu,Africa/Kampala,UTC +3.0 ,0.089352333141199,29.9575484960395
Uganda,Uganda,UG,,,Kasese,,Bukonjo,,Kyondo,,Buyagha,Africa/Kampala,UTC +3.0 ,0.114916506148553,29.9165873108197
Uganda,Uganda,UG,,,Kasese,,Bukonjo,,Kyondo,,Kanyatsi,Africa/Kampala,UTC +3.0 ,0.1311421473439,29.9256465873067
Uganda,Uganda,UG,,,Kasese,,Bukonjo,,Kyondo,,Kasokero,Africa/Kampala,UTC +3.0 ,0.105359737489057,29.9011806377998
Uganda,Uganda,UG,,,Kasese,,Bukonjo,,Kyondo,,Rwenzori Mountain Fr,Africa/Kampala,UTC +3.0 ,0.212492942005708,29.8664487225914
Uganda,Uganda,UG,,,Kasese,,Bukonjo,,Mahango,,Kyabwenge,Africa/Kampala,UTC +3.0 ,0.156890204598011,30.0083619805748
Uganda,Uganda,UG,,,Kasese,,Bukonjo,,Mahango,,Lhuhiri,Africa/Kampala,UTC +3.0 ,0.129508310638743,29.9884143586288
Uganda,Uganda,UG,,,Kasese,,Bukonjo,,Mahango,,Mahango,Africa/Kampala,UTC +3.0 ,0.142074956644027,29.9964783126737
Uganda,Uganda,UG,,,Kasese,,Bukonjo,,Mahango,,Nyamisule,Africa/Kampala,UTC +3.0 ,0.170375664177816,30.0005897656848
Uganda,Uganda,UG,,,Kasese,,Bukonjo,,Munkunyu,,Kabingo,Africa/Kampala,UTC +3.0 ,0.044812284332692,29.8322886571537
Uganda,Uganda,UG,,,Kasese,,Bukonjo,,Munkunyu,,Kacungiro,Africa/Kampala,UTC +3.0 ,0.024916771204034,29.8550336625188
Uganda,Uganda,UG,,,Kasese,,Bukonjo,,Munkunyu,,Kanyanpara Fr,Africa/Kampala,UTC +3.0 ,0.03366492024196,29.8641877702085
Uganda,Uganda,UG,,,Kasese,,Bukonjo,,Munkunyu,,Kicucu,Africa/Kampala,UTC +3.0 ,0.01410159634539,29.829324468929
Uganda,Uganda,UG,,,Kasese,,Bukonjo,,Munkunyu,,Kinyamaseke,Africa/Kampala,UTC +3.0 ,-0.049224756712085,29.8496408693264
Uganda,Uganda,UG,,,Kasese,,Bukonjo,,Munkunyu,,Nyakatonzi,Africa/Kampala,UTC +3.0 ,-0.055365237844407,29.8169897641487
Uganda,Uganda,UG,,,Kasese,,Bukonjo,,Munkunyu,,Queen Elizabeth Np,Africa/Kampala,UTC +3.0 ,-0.115037060600328,29.8168984012051
Uganda,Uganda,UG,,,Kasese,,Bukonjo,,Munkunyu,,Rwenzori Mountain Fr,Africa/Kampala,UTC +3.0 ,0.079351345035738,29.8285477674027
Uganda,Uganda,UG,,,Kasese,,Bukonjo,,Nyakiyumbu,,Kaghorwe,Africa/Kampala,UTC +3.0 ,0.012336903786376,29.7881211973616
Uganda,Uganda,UG,,,Kasese,,Bukonjo,,Nyakiyumbu,,Katholhu,Africa/Kampala,UTC +3.0 ,-0.014331847187599,29.7922877763765
Uganda,Uganda,UG,,,Kasese,,Bukonjo,,Nyakiyumbu,,Kayanja,Africa/Kampala,UTC +3.0 ,-0.107378209492158,29.7593281081166
Uganda,Uganda,UG,,,Kasese,,Bukonjo,,Nyakiyumbu,,Lyakirema,Africa/Kampala,UTC +3.0 ,0.024919945587004,29.8037658618506
Uganda,Uganda,UG,,,Kasese,,Bukonjo,,Nyakiyumbu,,Muhindi,Africa/Kampala,UTC +3.0 ,0.057928303006933,29.8138727620468
Uganda,Uganda,UG,,,Kasese,,Bukonjo,,Nyakiyumbu,,Nyakiyumbu,Africa/Kampala,UTC +3.0 ,0.025906793627106,29.791247791135
Uganda,Uganda,UG,,,Kasese,,Busongora,,Bugoye,,Bugoye,Africa/Kampala,UTC +3.0 ,0.298541864012706,30.0806893173832
Uganda,Uganda,UG,,,Kasese,,Busongora,,Bugoye,,Ibanda,Africa/Kampala,UTC +3.0 ,0.33217556099626,30.0508180964498
Uganda,Uganda,UG,,,Kasese,,Busongora,,Bugoye,,Katooke,Africa/Kampala,UTC +3.0 ,0.261050242670982,30.0711066418321
Uganda,Uganda,UG,,,Kasese,,Busongora,,Bugoye,,Muhambo,Africa/Kampala,UTC +3.0 ,0.28853849942365,30.0723767056059
Uganda,Uganda,UG,,,Kasese,,Busongora,,Bugoye,,Rwenzori Mountain Np,Africa/Kampala,UTC +3.0 ,0.320978543461944,29.9737538499199
Uganda,Uganda,UG,,,Kasese,,Busongora,,Karusandara,,Kanamba,Africa/Kampala,UTC +3.0 ,0.234092003755594,30.2328178012152
Uganda,Uganda,UG,,,Kasese,,Busongora,,Karusandara,,Karusandara,Africa/Kampala,UTC +3.0 ,0.228731898037047,30.1596796802469
Uganda,Uganda,UG,,,Kasese,,Busongora,,Karusandara,,Kibuga,Africa/Kampala,UTC +3.0 ,0.245162408916494,30.1718916356399
Uganda,Uganda,UG,,,Kasese,,Busongora,,Karusandara,,Kyalanga,Africa/Kampala,UTC +3.0 ,0.21098599905294,30.1556890459252
Uganda,Uganda,UG,,,Kasese,,Busongora,,Karusandara,,Queen Elizabeth Np,Africa/Kampala,UTC +3.0 ,0.185317280879532,30.2281524778129
Uganda,Uganda,UG,,,Kasese,,Busongora,,Kasese Tc,,Base Camp,Africa/Kampala,UTC +3.0 ,0.192798093204507,30.0670192821635
Uganda,Uganda,UG,,,Kasese,,Busongora,,Kasese Tc,,Kamaiba,Africa/Kampala,UTC +3.0 ,0.162982132770841,30.0766848807321
Uganda,Uganda,UG,,,Kasese,,Busongora,,Kasese Tc,,Kanyangeya,Africa/Kampala,UTC +3.0 ,0.184041294278224,30.1003581140984
Uganda,Uganda,UG,,,Kasese,,Busongora,,Kasese Tc,,Nyakabingo Ii,Africa/Kampala,UTC +3.0 ,0.175394078101255,30.0659875785455
Uganda,Uganda,UG,,,Kasese,,Busongora,,Kasese Tc,,Nyakasanga I,Africa/Kampala,UTC +3.0 ,0.18938380976475,30.0898816228336
Uganda,Uganda,UG,,,Kasese,,Busongora,,Kasese Tc,,Nyakasanga Ii,Africa/Kampala,UTC +3.0 ,0.190377381334988,30.0781140205075
Uganda,Uganda,UG,,,Kasese,,Busongora,,Kasese Tc,,Town Centre,Africa/Kampala,UTC +3.0 ,0.173197331559762,30.0829666201495
Uganda,Uganda,UG,,,Kasese,,Busongora,,Katwe Kabatoro,,Kyakitale,Africa/Kampala,UTC +3.0 ,-0.133217101786008,29.8649940664527
Uganda,Uganda,UG,,,Kasese,,Busongora,,Katwe Kabatoro,,Kyarukara,Africa/Kampala,UTC +3.0 ,-0.13418145305426,29.8832191219075
Uganda,Uganda,UG,,,Kasese,,Busongora,,Katwe Kabatoro,,Rwenjubu,Africa/Kampala,UTC +3.0 ,-0.139215447771692,29.9063684852308
Uganda,Uganda,UG,,,Kasese,,Busongora,,Kilembe,,Katiri,Africa/Kampala,UTC +3.0 ,0.210028254952754,30.008944994989
Uganda,Uganda,UG,,,Kasese,,Busongora,,Kilembe,,Kibandama,Africa/Kampala,UTC +3.0 ,0.192207530477421,29.9957335866613
Uganda,Uganda,UG,,,Kasese,,Busongora,,Kilembe,,Kyanjukyi,Africa/Kampala,UTC +3.0 ,0.217770100478779,29.9771764405924
Uganda,Uganda,UG,,,Kasese,,Busongora,,Kilembe,,Mbunga,Africa/Kampala,UTC +3.0 ,0.230800361463609,30.0051287753799
Uganda,Uganda,UG,,,Kasese,,Busongora,,Kilembe,,Namuhuga,Africa/Kampala,UTC +3.0 ,0.189430756827341,30.0262121658334
Uganda,Uganda,UG,,,Kasese,,Busongora,,Kilembe,,Nyakazinga,Africa/Kampala,UTC +3.0 ,0.201568271771807,30.0318733712733
Uganda,Uganda,UG,,,Kasese,,Busongora,,Kilembe,,Rwenzori Mountain Fr,Africa/Kampala,UTC +3.0 ,0.278947992697389,29.9460644860828
Uganda,Uganda,UG,,,Kasese,,Busongora,,Kitswamba,,Hima,Africa/Kampala,UTC +3.0 ,0.278828333075848,30.2305228794266
Uganda,Uganda,UG,,,Kasese,,Busongora,,Kitswamba,,Hima Tb,Africa/Kampala,UTC +3.0 ,0.287000038463444,30.1722948708636
Uganda,Uganda,UG,,,Kasese,,Busongora,,Kitswamba,,Kibale Fr,Africa/Kampala,UTC +3.0 ,0.305649759640876,30.2714896327497
Uganda,Uganda,UG,,,Kasese,,Busongora,,Kitswamba,,Kihyo,Africa/Kampala,UTC +3.0 ,0.343321260189662,30.1629786266766
Uganda,Uganda,UG,,,Kasese,,Busongora,,Kitswamba,,Kitswamba,Africa/Kampala,UTC +3.0 ,0.368247753299936,30.1834449425007
Uganda,Uganda,UG,,,Kasese,,Busongora,,Kitswamba,,Rugendabara,Africa/Kampala,UTC +3.0 ,0.328867683215352,30.2271491645218
Uganda,Uganda,UG,,,Kasese,,Busongora,,Kyabarungira,,Buhuhira,Africa/Kampala,UTC +3.0 ,0.383560497691765,30.1292040005008
Uganda,Uganda,UG,,,Kasese,,Busongora,,Kyabarungira,,Bwesumbu,Africa/Kampala,UTC +3.0 ,0.442299638442667,30.1347838517554
Uganda,Uganda,UG,,,Kasese,,Busongora,,Kyabarungira,,Kabatunda,Africa/Kampala,UTC +3.0 ,0.420213425421913,30.1606873129772
Uganda,Uganda,UG,,,Kasese,,Busongora,,Kyabarungira,,Kasangari,Africa/Kampala,UTC +3.0 ,0.450563641871822,30.1020138645366
Uganda,Uganda,UG,,,Kasese,,Busongora,,Kyabarungira,,Kyabarungira,Africa/Kampala,UTC +3.0 ,0.405442265629536,30.1251533576962
Uganda,Uganda,UG,,,Kasese,,Busongora,,Kyabarungira,,Rwenzori Mountain Np,Africa/Kampala,UTC +3.0 ,0.430053527859731,30.0432269694536
Uganda,Uganda,UG,,,Kasese,,Busongora,,L.Katwe,,Hamukungu,Africa/Kampala,UTC +3.0 ,0.002491762121036,30.0911082725878
Uganda,Uganda,UG,,,Kasese,,Busongora,,L.Katwe,,Kabirizi,Africa/Kampala,UTC +3.0 ,0.039315544489469,29.9220666127801
Uganda,Uganda,UG,,,Kasese,,Busongora,,L.Katwe,,Kahokya,Africa/Kampala,UTC +3.0 ,0.038468686809064,29.9729285513274
Uganda,Uganda,UG,,,Kasese,,Busongora,,L.Katwe,,Kasenyi,Africa/Kampala,UTC +3.0 ,-0.028982363956633,30.1771618669448
Uganda,Uganda,UG,,,Kasese,,Busongora,,L.Katwe,,Katungulu Tr,Africa/Kampala,UTC +3.0 ,-0.109884345388532,30.0401794373295
Uganda,Uganda,UG,,,Kasese,,Busongora,,L.Katwe,,Katunguru,Africa/Kampala,UTC +3.0 ,-0.183971081856594,29.9022226741245
Uganda,Uganda,UG,,,Kasese,,Busongora,,L.Katwe,,Queen Elizabeth Np,Africa/Kampala,UTC +3.0 ,-0.087126246244824,29.9524641392904
Uganda,Uganda,UG,,,Kasese,,Busongora,,L.Katwe,,Queen Elizabeth Np,Africa/Kampala,UTC +3.0 ,-0.039164580559429,29.8722575330591
Uganda,Uganda,UG,,,Kasese,,Busongora,,Maliba,,Bikone,Africa/Kampala,UTC +3.0 ,0.366295587763238,30.051070480473
Uganda,Uganda,UG,,,Kasese,,Busongora,,Maliba,,Buhunga,Africa/Kampala,UTC +3.0 ,0.332377516053972,30.1094737547558
Uganda,Uganda,UG,,,Kasese,,Busongora,,Maliba,,Isule,Africa/Kampala,UTC +3.0 ,0.3741593683126,30.0842136339378
Uganda,Uganda,UG,,,Kasese,,Busongora,,Maliba,,Mubuku,Africa/Kampala,UTC +3.0 ,0.274760418044291,30.1442381320413
Uganda,Uganda,UG,,,Kasese,,Busongora,,Maliba,,Nyabisusi,Africa/Kampala,UTC +3.0 ,0.32139420714274,30.1380620980247
Uganda,Uganda,UG,,,Kasese,,Busongora,,Maliba,,Nyagorongo,Africa/Kampala,UTC +3.0 ,0.360412956141969,30.1223665085643
Uganda,Uganda,UG,,,Kasese,,Busongora,,Maliba,,Rwenzori Fr,Africa/Kampala,UTC +3.0 ,0.383673335035643,29.9610814286531
Uganda,Uganda,UG,,,Kasese,,Busongora,,Muhokya,,Kahendero,Africa/Kampala,UTC +3.0 ,0.042211865400458,30.0487963815571
Uganda,Uganda,UG,,,Kasese,,Busongora,,Muhokya,,Kahendero,Africa/Kampala,UTC +3.0 ,0.060560337904816,30.0126419022191
Uganda,Uganda,UG,,,Kasese,,Busongora,,Muhokya,,Kibiri,Africa/Kampala,UTC +3.0 ,0.097306841908832,30.001363081984
Uganda,Uganda,UG,,,Kasese,,Busongora,,Muhokya,,Muhokya,Africa/Kampala,UTC +3.0 ,0.118969305597814,30.0421273244914
Uganda,Uganda,UG,,,Kasese,,Busongora,,Muhokya,,Queen Elizabeth Np,Africa/Kampala,UTC +3.0 ,0.090326372860273,30.156483754539
Uganda,Uganda,UG,,,Kasese,,Busongora,,Rukoki,,Kihara,Africa/Kampala,UTC +3.0 ,0.223192718413948,30.0483145315632
Uganda,Uganda,UG,,,Kasese,,Busongora,,Rukoki,,Nyakabingo,Africa/Kampala,UTC +3.0 ,0.173462592334414,30.0459800365193
Uganda,Uganda,UG,,,Kasese,,Busongora,,Rukoki,,Rukoki,Africa/Kampala,UTC +3.0 ,0.227620437249873,30.0906375840131
Uganda,Uganda,UG,,,Kasese,,Busongora,,Rukoki,,Scheme,Africa/Kampala,UTC +3.0 ,0.199308661527321,30.1372484122061
Uganda,Uganda,UG,,,Katakwi,,Amuria,,Abarilela,,Dodos,Africa/Kampala,UTC +3.0 ,1.95342467236224,33.7851173992662
Uganda,Uganda,UG,,,Katakwi,,Amuria,,Abarilela,,Katine,Africa/Kampala,UTC +3.0 ,1.98847616447159,33.82455128019
Uganda,Uganda,UG,,,Katakwi,,Amuria,,Abarilela,,Ocal,Africa/Kampala,UTC +3.0 ,1.9346142041939,33.8685556012046
Uganda,Uganda,UG,,,Katakwi,,Amuria,,Abarilela,,Olelai,Africa/Kampala,UTC +3.0 ,1.91094598185887,33.8204641087279
Uganda,Uganda,UG,,,Katakwi,,Amuria,,Asamuk,,Ajaki,Africa/Kampala,UTC +3.0 ,2.09035261941765,33.7052543702742
Uganda,Uganda,UG,,,Katakwi,,Amuria,,Asamuk,,Amucu,Africa/Kampala,UTC +3.0 ,1.9978290319648,33.658879669229
Uganda,Uganda,UG,,,Katakwi,,Amuria,,Asamuk,,Asamuk,Africa/Kampala,UTC +3.0 ,1.97830931867459,33.7216842290349
Uganda,Uganda,UG,,,Katakwi,,Amuria,,Asamuk,,Atirir,Africa/Kampala,UTC +3.0 ,1.94333186723106,33.6812144761826
Uganda,Uganda,UG,,,Katakwi,,Amuria,,Asamuk,,Obur,Africa/Kampala,UTC +3.0 ,1.91441027302168,33.7052594398121
Uganda,Uganda,UG,,,Katakwi,,Amuria,,Asamuk,,Odoon,Africa/Kampala,UTC +3.0 ,2.03445840760325,33.7106110903136
Uganda,Uganda,UG,,,Katakwi,,Amuria,,Kuju,,Abia,Africa/Kampala,UTC +3.0 ,1.98796380601332,33.605499498563
Uganda,Uganda,UG,,,Katakwi,,Amuria,,Kuju,,Alere,Africa/Kampala,UTC +3.0 ,2.16608453582157,33.6597895239901
Uganda,Uganda,UG,,,Katakwi,,Amuria,,Kuju,,Amilmil,Africa/Kampala,UTC +3.0 ,2.10097098420912,33.5985935576263
Uganda,Uganda,UG,,,Katakwi,,Amuria,,Kuju,,Amusus,Africa/Kampala,UTC +3.0 ,2.1212916616232,33.5608895706115
Uganda,Uganda,UG,,,Katakwi,,Amuria,,Kuju,,Kuju,Africa/Kampala,UTC +3.0 ,2.04937002696649,33.6113181141129
Uganda,Uganda,UG,,,Katakwi,,Amuria,,Kuju,,Willa,Africa/Kampala,UTC +3.0 ,2.10315883969461,33.6555495041705
Uganda,Uganda,UG,,,Katakwi,,Amuria,,Morungatuny,,Abeko,Africa/Kampala,UTC +3.0 ,2.00962267022495,33.5568692592875
Uganda,Uganda,UG,,,Katakwi,,Amuria,,Morungatuny,,Morungatuny,Africa/Kampala,UTC +3.0 ,2.15224273221426,33.5071911859165
Uganda,Uganda,UG,,,Katakwi,,Amuria,,Morungatuny,,Ococia,Africa/Kampala,UTC +3.0 ,2.07739674632934,33.4744931848759
Uganda,Uganda,UG,,,Katakwi,,Amuria,,Morungatuny,,Ogangai,Africa/Kampala,UTC +3.0 ,2.12193799636981,33.5293737831548
Uganda,Uganda,UG,,,Katakwi,,Amuria,,Morungatuny,,Ogolai,Africa/Kampala,UTC +3.0 ,2.04740612955901,33.5181994048791
Uganda,Uganda,UG,,,Katakwi,,Amuria,,Morungatuny,,Olwa,Africa/Kampala,UTC +3.0 ,2.18773140673503,33.47884013204
Uganda,Uganda,UG,,,Katakwi,,Amuria,,Orungo,,Akeriau,Africa/Kampala,UTC +3.0 ,2.00983777818716,33.3982479095165
Uganda,Uganda,UG,,,Katakwi,,Amuria,,Orungo,,Moruinera,Africa/Kampala,UTC +3.0 ,2.02096560709997,33.4345205211516
Uganda,Uganda,UG,,,Katakwi,,Amuria,,Orungo,,Ogongora,Africa/Kampala,UTC +3.0 ,1.95640472787361,33.4355762634653
Uganda,Uganda,UG,,,Katakwi,,Amuria,,Orungo,,Okude,Africa/Kampala,UTC +3.0 ,2.09109764107344,33.387389302206
Uganda,Uganda,UG,,,Katakwi,,Amuria,,Orungo,,Orungo,Africa/Kampala,UTC +3.0 ,2.0614122394254,33.4356519254379
Uganda,Uganda,UG,,,Katakwi,,Amuria,,Wera,,Amolo,Africa/Kampala,UTC +3.0 ,1.85436549182084,33.8276158793265
Uganda,Uganda,UG,,,Katakwi,,Amuria,,Wera,,Angole,Africa/Kampala,UTC +3.0 ,1.84298119259352,33.770949500254
Uganda,Uganda,UG,,,Katakwi,,Amuria,,Wera,,Sugur,Africa/Kampala,UTC +3.0 ,1.78405393116614,33.8313188088457
Uganda,Uganda,UG,,,Katakwi,,Amuria,,Wera,,Wera,Africa/Kampala,UTC +3.0 ,1.89332850512869,33.737243540389
Uganda,Uganda,UG,,,Katakwi,,Kapelebyong,,Achowa,,Acowa,Africa/Kampala,UTC +3.0 ,2.0760948839333,33.8344844856892
Uganda,Uganda,UG,,,Katakwi,,Kapelebyong,,Achowa,,Akoromit,Africa/Kampala,UTC +3.0 ,2.12500386132786,33.752649489835
Uganda,Uganda,UG,,,Katakwi,,Kapelebyong,,Achowa,,Akum,Africa/Kampala,UTC +3.0 ,2.04529494705163,33.8487934202203
Uganda,Uganda,UG,,,Katakwi,,Kapelebyong,,Achowa,,Amero,Africa/Kampala,UTC +3.0 ,2.14238381343836,33.8204322874683
Uganda,Uganda,UG,,,Katakwi,,Kapelebyong,,Achowa,,Angolebwal,Africa/Kampala,UTC +3.0 ,2.13108690204504,33.8707796193329
Uganda,Uganda,UG,,,Katakwi,,Kapelebyong,,Achowa,,Kobuin,Africa/Kampala,UTC +3.0 ,2.01984066511527,33.7995206879954
Uganda,Uganda,UG,,,Katakwi,,Kapelebyong,,Kapelebyong,,Airabet,Africa/Kampala,UTC +3.0 ,2.34014950630993,33.7740424672168
Uganda,Uganda,UG,,,Katakwi,,Kapelebyong,,Kapelebyong,,Amaseniko,Africa/Kampala,UTC +3.0 ,2.20230089096729,33.7827976715608
Uganda,Uganda,UG,,,Katakwi,,Kapelebyong,,Kapelebyong,,Kapelebyong,Africa/Kampala,UTC +3.0 ,2.2631324207355,33.7622575937723
Uganda,Uganda,UG,,,Katakwi,,Kapelebyong,,Kapelebyong,,Nyada,Africa/Kampala,UTC +3.0 ,2.20363540633293,33.702394965866
Uganda,Uganda,UG,,,Katakwi,,Kapelebyong,,Kapelebyong,,Okoboi,Africa/Kampala,UTC +3.0 ,2.26481495930071,33.8635046419701
Uganda,Uganda,UG,,,Katakwi,,Kapelebyong,,Obalanga,,Agonga,Africa/Kampala,UTC +3.0 ,2.29717670140157,33.6423645089639
Uganda,Uganda,UG,,,Katakwi,,Kapelebyong,,Obalanga,,Alito,Africa/Kampala,UTC +3.0 ,2.28323261409138,33.5604055201726
Uganda,Uganda,UG,,,Katakwi,,Kapelebyong,,Obalanga,,Amootom,Africa/Kampala,UTC +3.0 ,2.34846631800487,33.6954149583531
Uganda,Uganda,UG,,,Katakwi,,Kapelebyong,,Obalanga,,Obalanga,Africa/Kampala,UTC +3.0 ,2.22426015049488,33.5764107405614
Uganda,Uganda,UG,,,Katakwi,,Kapelebyong,,Obalanga,,Opot,Africa/Kampala,UTC +3.0 ,2.19165694252402,33.6203837845256
Uganda,Uganda,UG,,,Katakwi,,Usuk,,Kapujan,,Kapujan,Africa/Kampala,UTC +3.0 ,1.71779852933319,33.8561952199705
Uganda,Uganda,UG,,,Katakwi,,Usuk,,Kapujan,,Kokorio,Africa/Kampala,UTC +3.0 ,1.68675370349788,33.9148432735236
Uganda,Uganda,UG,,,Katakwi,,Usuk,,Kapujan,,Orimai,Africa/Kampala,UTC +3.0 ,1.74125214779312,33.9165981478261
Uganda,Uganda,UG,,,Katakwi,,Usuk,,Katakwi,,Abela,Africa/Kampala,UTC +3.0 ,1.8827125309189,33.9044340734606
Uganda,Uganda,UG,,,Katakwi,,Usuk,,Katakwi,,Abwanget,Africa/Kampala,UTC +3.0 ,1.8333603128963,33.8920374676903
Uganda,Uganda,UG,,,Katakwi,,Usuk,,Katakwi,,Aleles,Africa/Kampala,UTC +3.0 ,1.89053407334474,33.9949210361141
Uganda,Uganda,UG,,,Katakwi,,Usuk,,Katakwi,,Alukucok,Africa/Kampala,UTC +3.0 ,1.83351579069385,33.9372634329134
Uganda,Uganda,UG,,,Katakwi,,Usuk,,Katakwi,,Alyakamer,Africa/Kampala,UTC +3.0 ,1.9502821854253,33.9266520971154
Uganda,Uganda,UG,,,Katakwi,,Usuk,,Katakwi,,Dadas,Africa/Kampala,UTC +3.0 ,1.85671279223692,33.9845125166825
Uganda,Uganda,UG,,,Katakwi,,Usuk,,Katakwi,,Katakwi,Africa/Kampala,UTC +3.0 ,1.94992231776715,33.9975519162633
Uganda,Uganda,UG,,,Katakwi,,Usuk,,Katakwi Tc,,Northern,Africa/Kampala,UTC +3.0 ,1.9195824015783,33.9513761375745
Uganda,Uganda,UG,,,Katakwi,,Usuk,,Katakwi Tc,,Southern,Africa/Kampala,UTC +3.0 ,1.91457475264818,33.9664598015012
Uganda,Uganda,UG,,,Katakwi,,Usuk,,Magoro,,Kamenu,Africa/Kampala,UTC +3.0 ,1.69350346061301,34.0622484696301
Uganda,Uganda,UG,,,Katakwi,,Usuk,,Magoro,,Magoro,Africa/Kampala,UTC +3.0 ,1.71967735414171,34.1565505639012
Uganda,Uganda,UG,,,Katakwi,,Usuk,,Magoro,,Omasia,Africa/Kampala,UTC +3.0 ,1.76576685144047,34.1328607651867
Uganda,Uganda,UG,,,Katakwi,,Usuk,,Magoro,,Opeta,Africa/Kampala,UTC +3.0 ,1.66837203916404,34.1510620844508
Uganda,Uganda,UG,,,Katakwi,,Usuk,,Ngariam,,Acanga,Africa/Kampala,UTC +3.0 ,1.92990243708179,34.1720465381132
Uganda,Uganda,UG,,,Katakwi,,Usuk,,Ngariam,,Bisina,Africa/Kampala,UTC +3.0 ,1.83641685980984,34.071246652827
Uganda,Uganda,UG,,,Katakwi,,Usuk,,Ngariam,,Kakikamosing,Africa/Kampala,UTC +3.0 ,1.86428068400231,34.1574349195293
Uganda,Uganda,UG,,,Katakwi,,Usuk,,Ngariam,,Ngariam,Africa/Kampala,UTC +3.0 ,1.93641284009142,34.0915569183139
Uganda,Uganda,UG,,,Katakwi,,Usuk,,Ngariam,,Odoot,Africa/Kampala,UTC +3.0 ,1.8975835574299,34.0532356128476
Uganda,Uganda,UG,,,Katakwi,,Usuk,,Ngariam,,Olilim,Africa/Kampala,UTC +3.0 ,2.04773904100273,34.160086835371
Uganda,Uganda,UG,,,Katakwi,,Usuk,,Ngariam,,Pakwi,Africa/Kampala,UTC +3.0 ,1.80172835819241,34.1507096405896
Uganda,Uganda,UG,,,Katakwi,,Usuk,,Omodoi,,Amusia,Africa/Kampala,UTC +3.0 ,1.76967720400983,34.0348528631508
Uganda,Uganda,UG,,,Katakwi,,Usuk,,Omodoi,,Angodingod,Africa/Kampala,UTC +3.0 ,1.78352865949302,33.913122323644
Uganda,Uganda,UG,,,Katakwi,,Usuk,,Omodoi,,Aparisia,Africa/Kampala,UTC +3.0 ,1.81167017395157,33.9652295054865
Uganda,Uganda,UG,,,Katakwi,,Usuk,,Omodoi,,Asuret,Africa/Kampala,UTC +3.0 ,1.77328331537375,33.984364378038
Uganda,Uganda,UG,,,Katakwi,,Usuk,,Omodoi,,Omodoi,Africa/Kampala,UTC +3.0 ,1.82248188026677,34.0107761687058
Uganda,Uganda,UG,,,Katakwi,,Usuk,,Ongongoja,,Aketa,Africa/Kampala,UTC +3.0 ,2.0999093020408,33.948107354892
Uganda,Uganda,UG,,,Katakwi,,Usuk,,Ongongoja,,Obwobwo,Africa/Kampala,UTC +3.0 ,2.23528260434195,33.9174362911881
Uganda,Uganda,UG,,,Katakwi,,Usuk,,Ongongoja,,Okocho,Africa/Kampala,UTC +3.0 ,2.1427994139654,34.0632789881733
Uganda,Uganda,UG,,,Katakwi,,Usuk,,Ongongoja,,Okuda,Africa/Kampala,UTC +3.0 ,2.13828069056385,33.9441375204022
Uganda,Uganda,UG,,,Katakwi,,Usuk,,Ongongoja,,Omukuny,Africa/Kampala,UTC +3.0 ,2.11393896194465,33.9911931622058
Uganda,Uganda,UG,,,Katakwi,,Usuk,,Ongongoja,,Ongatunyo,Africa/Kampala,UTC +3.0 ,2.07684828789678,33.9144269709965
Uganda,Uganda,UG,,,Katakwi,,Usuk,,Ongongoja,,Ongongoja,Africa/Kampala,UTC +3.0 ,2.20953835253565,33.9832800204102
Uganda,Uganda,UG,,,Katakwi,,Usuk,,Toroma,,Akurao,Africa/Kampala,UTC +3.0 ,1.66556741386455,33.9480344345677
Uganda,Uganda,UG,,,Katakwi,,Usuk,,Toroma,,Aputon,Africa/Kampala,UTC +3.0 ,1.71387710401968,34.015208616932
Uganda,Uganda,UG,,,Katakwi,,Usuk,,Toroma,,Ominya,Africa/Kampala,UTC +3.0 ,1.68715921869268,33.9853812122318
Uganda,Uganda,UG,,,Katakwi,,Usuk,,Toroma,,Toroma,Africa/Kampala,UTC +3.0 ,1.74350502623543,33.9761506856773
Uganda,Uganda,UG,,,Katakwi,,Usuk,,Usuk,,Aakum,Africa/Kampala,UTC +3.0 ,1.98676869362195,34.0644893102045
Uganda,Uganda,UG,,,Katakwi,,Usuk,,Usuk,,Abwokodia,Africa/Kampala,UTC +3.0 ,2.01695844422867,33.9188679071359
Uganda,Uganda,UG,,,Katakwi,,Usuk,,Usuk,,Adacar,Africa/Kampala,UTC +3.0 ,2.05820648356083,34.0452500838987
Uganda,Uganda,UG,,,Katakwi,,Usuk,,Usuk,,Cheleuko,Africa/Kampala,UTC +3.0 ,2.00417600117975,34.0196791451481
Uganda,Uganda,UG,,,Katakwi,,Usuk,,Usuk,,Koritok,Africa/Kampala,UTC +3.0 ,2.04090942954079,33.9861463174533
Uganda,Uganda,UG,,,Katakwi,,Usuk,,Usuk,,Ongema,Africa/Kampala,UTC +3.0 ,2.05025265738919,33.9602226826363
Uganda,Uganda,UG,,,Katakwi,,Usuk,,Usuk,,Usuk,Africa/Kampala,UTC +3.0 ,2.00367762372168,33.9579989442588
Uganda,Uganda,UG,,,Kayunga,,Bbaale,,Bbaale,,Bbaale,Africa/Kampala,UTC +3.0 ,1.08929474199775,32.8964490725689
Uganda,Uganda,UG,,,Kayunga,,Bbaale,,Bbaale,,Kavule,Africa/Kampala,UTC +3.0 ,1.05692778366653,32.8600278600516
Uganda,Uganda,UG,,,Kayunga,,Bbaale,,Bbaale,,Kokotero,Africa/Kampala,UTC +3.0 ,1.10704123843293,32.8302559376197
Uganda,Uganda,UG,,,Kayunga,,Bbaale,,Bbaale,,Misanga,Africa/Kampala,UTC +3.0 ,1.15951414730953,32.9203852117313
Uganda,Uganda,UG,,,Kayunga,,Bbaale,,Bbaale,,Mugongo,Africa/Kampala,UTC +3.0 ,1.16220880345715,32.8324766353394
Uganda,Uganda,UG,,,Kayunga,,Bbaale,,Bbaale,,Nakitokolo,Africa/Kampala,UTC +3.0 ,1.13919209191302,32.87766116382
Uganda,Uganda,UG,,,Kayunga,,Bbaale,,Galiraya,,Galiraaya,Africa/Kampala,UTC +3.0 ,1.34128772075254,32.8054539092957
Uganda,Uganda,UG,,,Kayunga,,Bbaale,,Galiraya,,Kasokwe,Africa/Kampala,UTC +3.0 ,1.24295714187293,32.8893319512545
Uganda,Uganda,UG,,,Kayunga,,Bbaale,,Galiraya,,Kirasa,Africa/Kampala,UTC +3.0 ,1.29077947779723,32.8155819331854
Uganda,Uganda,UG,,,Kayunga,,Bbaale,,Galiraya,,Namalere,Africa/Kampala,UTC +3.0 ,1.38354006879363,32.7976793216625
Uganda,Uganda,UG,,,Kayunga,,Bbaale,,Galiraya,,Namayuge,Africa/Kampala,UTC +3.0 ,1.22166480871822,32.8344394917121
Uganda,Uganda,UG,,,Kayunga,,Bbaale,,Galiraya,,Ntimba Island,Africa/Kampala,UTC +3.0 ,1.42587163826289,32.7584119864882
Uganda,Uganda,UG,,,Kayunga,,Bbaale,,Kayonza,,Balisanga,Africa/Kampala,UTC +3.0 ,1.01723700592374,32.8290008314723
Uganda,Uganda,UG,,,Kayunga,,Bbaale,,Kayonza,,Kafumba,Africa/Kampala,UTC +3.0 ,0.913315184309405,32.9517805128211
Uganda,Uganda,UG,,,Kayunga,,Bbaale,,Kayonza,,Kamusabi,Africa/Kampala,UTC +3.0 ,0.875420304380885,32.8256276697579
Uganda,Uganda,UG,,,Kayunga,,Bbaale,,Kayonza,,Kanywero,Africa/Kampala,UTC +3.0 ,0.985445069859471,32.9096787297646
Uganda,Uganda,UG,,,Kayunga,,Bbaale,,Kayonza,,Kitwe,Africa/Kampala,UTC +3.0 ,0.974225504076439,32.8423755438967
Uganda,Uganda,UG,,,Kayunga,,Bbaale,,Kayonza,,Nakyesa,Africa/Kampala,UTC +3.0 ,0.923355397599879,32.8601099750932
Uganda,Uganda,UG,,,Kayunga,,Bbaale,,Kayonza,,Nakyesanja,Africa/Kampala,UTC +3.0 ,0.948232342956789,32.8105815388188
Uganda,Uganda,UG,,,Kayunga,,Bbaale,,Kayonza,,Namaliiri,Africa/Kampala,UTC +3.0 ,0.891259241417636,32.8713513710806
Uganda,Uganda,UG,,,Kayunga,,Bbaale,,Kayonza,,Namizo,Africa/Kampala,UTC +3.0 ,0.913824283556093,32.9223865837592
Uganda,Uganda,UG,,,Kayunga,,Bbaale,,Wabwoko-Kitimbwa,,Kitatya,Africa/Kampala,UTC +3.0 ,0.829424038363029,32.9104653267911
Uganda,Uganda,UG,,,Kayunga,,Bbaale,,Wabwoko-Kitimbwa,,Kyerima,Africa/Kampala,UTC +3.0 ,0.815654209309483,32.8557177950893
Uganda,Uganda,UG,,,Kayunga,,Bbaale,,Wabwoko-Kitimbwa,,Nakivubo,Africa/Kampala,UTC +3.0 ,0.827152284086792,32.9618963952272
Uganda,Uganda,UG,,,Kayunga,,Bbaale,,Wabwoko-Kitimbwa,,Namulaba,Africa/Kampala,UTC +3.0 ,0.800412253099286,32.917431488141
Uganda,Uganda,UG,,,Kayunga,,Bbaale,,Wabwoko-Kitimbwa,,Nkokonjeru,Africa/Kampala,UTC +3.0 ,0.854051131170682,32.9474208904196
Uganda,Uganda,UG,,,Kayunga,,Bbaale,,Wabwoko-Kitimbwa,,Wabuyinja,Africa/Kampala,UTC +3.0 ,0.856667574976034,32.9021390083068
Uganda,Uganda,UG,,,Kayunga,,Bbaale,,Wabwoko-Kitimbwa,,Wabwoko,Africa/Kampala,UTC +3.0 ,0.836620961313527,32.8662373982541
Uganda,Uganda,UG,,,Kayunga,,Ntenjeru,,Busana,,Kasana,Africa/Kampala,UTC +3.0 ,0.784651122151997,33.0146980094262
Uganda,Uganda,UG,,,Kayunga,,Ntenjeru,,Busana,,Kiwangula-Wampongo,Africa/Kampala,UTC +3.0 ,0.730881724062489,32.9695265494883
Uganda,Uganda,UG,,,Kayunga,,Ntenjeru,,Busana,,Lusenke,Africa/Kampala,UTC +3.0 ,0.743043402699456,32.9951452947756
Uganda,Uganda,UG,,,Kayunga,,Ntenjeru,,Busana,,Nabuganyi,Africa/Kampala,UTC +3.0 ,0.819189375269074,33.0052994689269
Uganda,Uganda,UG,,,Kayunga,,Ntenjeru,,Busana,,Namirembe,Africa/Kampala,UTC +3.0 ,0.796796368488029,32.9769688828753
Uganda,Uganda,UG,,,Kayunga,,Ntenjeru,,Busana,,Nampaanyi,Africa/Kampala,UTC +3.0 ,0.762753366994578,33.0299568428871
Uganda,Uganda,UG,,,Kayunga,,Ntenjeru,,Busana,,Namukuma,Africa/Kampala,UTC +3.0 ,0.774294991787748,32.954483944847
Uganda,Uganda,UG,,,Kayunga,,Ntenjeru,,Busana,,Namusaala,Africa/Kampala,UTC +3.0 ,0.867483771318185,32.9869926250431
Uganda,Uganda,UG,,,Kayunga,,Ntenjeru,,Kangulumira,,Kangulumira,Africa/Kampala,UTC +3.0 ,0.577324222655429,33.0296113261899
Uganda,Uganda,UG,,,Kayunga,,Ntenjeru,,Kangulumira,,Kawomya,Africa/Kampala,UTC +3.0 ,0.529444004853866,33.0599783026171
Uganda,Uganda,UG,,,Kayunga,,Ntenjeru,,Kangulumira,,Kigayaza,Africa/Kampala,UTC +3.0 ,0.613320261303199,33.0335510763323
Uganda,Uganda,UG,,,Kayunga,,Ntenjeru,,Kangulumira,,Kikwanya,Africa/Kampala,UTC +3.0 ,0.590863012586195,32.9841823828048
Uganda,Uganda,UG,,,Kayunga,,Ntenjeru,,Kangulumira,,Nakatundu,Africa/Kampala,UTC +3.0 ,0.599729103897832,33.0099588346298
Uganda,Uganda,UG,,,Kayunga,,Ntenjeru,,Kangulumira,,Seeta-Nyiize,Africa/Kampala,UTC +3.0 ,0.552745530591862,33.0442155935113
Uganda,Uganda,UG,,,Kayunga,,Ntenjeru,,Kayunga,,Bubajjwe,Africa/Kampala,UTC +3.0 ,0.726991984887402,32.9393480111008
Uganda,Uganda,UG,,,Kayunga,,Ntenjeru,,Kayunga,,Bukolooto,Africa/Kampala,UTC +3.0 ,0.676439507846148,32.911665097081
Uganda,Uganda,UG,,,Kayunga,,Ntenjeru,,Kayunga,,Bukujju,Africa/Kampala,UTC +3.0 ,0.774298427707053,32.9017809744924
Uganda,Uganda,UG,,,Kayunga,,Ntenjeru,,Kayunga,,Busaale,Africa/Kampala,UTC +3.0 ,0.756703444595592,32.9259730347842
Uganda,Uganda,UG,,,Kayunga,,Ntenjeru,,Kayunga,,Buyobe,Africa/Kampala,UTC +3.0 ,0.772385397247776,32.8601290736606
Uganda,Uganda,UG,,,Kayunga,,Ntenjeru,,Kayunga,,Kiteredde,Africa/Kampala,UTC +3.0 ,0.740153287444574,32.9051367031471
Uganda,Uganda,UG,,,Kayunga,,Ntenjeru,,Kayunga,,Nakaseeta,Africa/Kampala,UTC +3.0 ,0.701930839342113,32.9503527979202
Uganda,Uganda,UG,,,Kayunga,,Ntenjeru,,Kayunga,,Nsotoka,Africa/Kampala,UTC +3.0 ,0.668341148206117,32.9570437507537
Uganda,Uganda,UG,,,Kayunga,,Ntenjeru,,Kayunga Tc,,Bukoloto Ward,Africa/Kampala,UTC +3.0 ,0.689854708772559,32.9196609256906
Uganda,Uganda,UG,,,Kayunga,,Ntenjeru,,Kayunga Tc,,Central Ward,Africa/Kampala,UTC +3.0 ,0.705167561261675,32.8866446548299
Uganda,Uganda,UG,,,Kayunga,,Ntenjeru,,Kayunga Tc,,Namagabi Ward,Africa/Kampala,UTC +3.0 ,0.712616647123728,32.9137399802838
Uganda,Uganda,UG,,,Kayunga,,Ntenjeru,,Kayunga Tc,,Ntenjeru Ward,Africa/Kampala,UTC +3.0 ,0.725461430707773,32.8861659467116
Uganda,Uganda,UG,,,Kayunga,,Ntenjeru,,Nazigo,,Bukamba,Africa/Kampala,UTC +3.0 ,0.711528191369495,33.0141028389639
Uganda,Uganda,UG,,,Kayunga,,Ntenjeru,,Nazigo,,Katikanyonyi,Africa/Kampala,UTC +3.0 ,0.728004857307579,33.0367460182862
Uganda,Uganda,UG,,,Kayunga,,Ntenjeru,,Nazigo,,Kimanya,Africa/Kampala,UTC +3.0 ,0.632855886322798,32.958992718826
Uganda,Uganda,UG,,,Kayunga,,Ntenjeru,,Nazigo,,Kirindi,Africa/Kampala,UTC +3.0 ,0.684944964339501,33.0403041731747
Uganda,Uganda,UG,,,Kayunga,,Ntenjeru,,Nazigo,,Nateta,Africa/Kampala,UTC +3.0 ,0.631622645616328,33.0036286320207
Uganda,Uganda,UG,,,Kayunga,,Ntenjeru,,Nazigo,,Nazigo,Africa/Kampala,UTC +3.0 ,0.673085691033323,32.9994813411264
Uganda,Uganda,UG,,,Kayunga,,Ntenjeru,,Nazigo,,Nsiima,Africa/Kampala,UTC +3.0 ,0.647555802955691,33.0168732228168
Uganda,Uganda,UG,,,Kibale,,Bugangaizi,,Bwanswa,,Gayaza,Africa/Kampala,UTC +3.0 ,0.743871981033137,31.349234257924
Uganda,Uganda,UG,,,Kibale,,Bugangaizi,,Bwanswa,,Kasingo,Africa/Kampala,UTC +3.0 ,0.763725821283379,31.312145541374
Uganda,Uganda,UG,,,Kibale,,Bugangaizi,,Bwanswa,,Kihumuro,Africa/Kampala,UTC +3.0 ,0.778417471655651,31.2740222156375
Uganda,Uganda,UG,,,Kibale,,Bugangaizi,,Bwanswa,,Kihurumba,Africa/Kampala,UTC +3.0 ,0.810623229349029,31.306080509035
Uganda,Uganda,UG,,,Kibale,,Bugangaizi,,Bwanswa,,Lubaya,Africa/Kampala,UTC +3.0 ,0.769010192605473,31.3795922599236
Uganda,Uganda,UG,,,Kibale,,Bugangaizi,,Bwanswa,,Nkondo,Africa/Kampala,UTC +3.0 ,0.837167288519935,31.3473348699046
Uganda,Uganda,UG,,,Kibale,,Bugangaizi,,Kakindo,,Igayaza,Africa/Kampala,UTC +3.0 ,0.958225362354015,31.1534176597725
Uganda,Uganda,UG,,,Kibale,,Bugangaizi,,Kakindo,,Katatemwa,Africa/Kampala,UTC +3.0 ,1.13538517568177,31.1647962331967
Uganda,Uganda,UG,,,Kibale,,Bugangaizi,,Kakindo,,Kikwaya,Africa/Kampala,UTC +3.0 ,1.01746555329273,31.1591169712258
Uganda,Uganda,UG,,,Kibale,,Bugangaizi,,Kakindo,,Rukunyu,Africa/Kampala,UTC +3.0 ,1.03921722206793,31.1846098590747
Uganda,Uganda,UG,,,Kibale,,Bugangaizi,,Kasambya,,Imaranjara Fr,Africa/Kampala,UTC +3.0 ,0.878893096758336,31.272302597498
Uganda,Uganda,UG,,,Kibale,,Bugangaizi,,Kasambya,,Kakayo,Africa/Kampala,UTC +3.0 ,0.941146503269334,31.2585745407915
Uganda,Uganda,UG,,,Kibale,,Bugangaizi,,Kasambya,,Kikaada,Africa/Kampala,UTC +3.0 ,0.878461843273867,31.3039252025541
Uganda,Uganda,UG,,,Kibale,,Bugangaizi,,Kasambya,,Kyakarongo,Africa/Kampala,UTC +3.0 ,0.922754644243137,31.1963862508774
Uganda,Uganda,UG,,,Kibale,,Bugangaizi,,Kasambya,,Kyebando,Africa/Kampala,UTC +3.0 ,0.820336465124366,31.228718188774
Uganda,Uganda,UG,,,Kibale,,Bugangaizi,,Kasambya,,Rwamalenge,Africa/Kampala,UTC +3.0 ,0.876033542453616,31.2262569599718
Uganda,Uganda,UG,,,Kibale,,Bugangaizi,,Kisiita,,Buhonda,Africa/Kampala,UTC +3.0 ,1.10617218411182,31.4210170145277
Uganda,Uganda,UG,,,Kibale,,Bugangaizi,,Kisiita,,Kisiita,Africa/Kampala,UTC +3.0 ,1.13155006943259,31.3760203682729
Uganda,Uganda,UG,,,Kibale,,Bugangaizi,,Kisiita,,Mwitanzige,Africa/Kampala,UTC +3.0 ,1.04279580791227,31.3577287125091
Uganda,Uganda,UG,,,Kibale,,Bugangaizi,,Nalweyo,,Kiriisa,Africa/Kampala,UTC +3.0 ,1.02572885551984,31.2682783288856
Uganda,Uganda,UG,,,Kibale,,Bugangaizi,,Nalweyo,,Kyabeya,Africa/Kampala,UTC +3.0 ,1.17022878155149,31.2625041556123
Uganda,Uganda,UG,,,Kibale,,Bugangaizi,,Nalweyo,,Masaka,Africa/Kampala,UTC +3.0 ,1.09451085396741,31.3102149673285
Uganda,Uganda,UG,,,Kibale,,Bugangaizi,,Nkooko,,Garama Fr,Africa/Kampala,UTC +3.0 ,0.959371585909863,31.3466709739586
Uganda,Uganda,UG,,,Kibale,,Bugangaizi,,Nkooko,,Kibijo,Africa/Kampala,UTC +3.0 ,0.895917524064184,31.3570993130854
Uganda,Uganda,UG,,,Kibale,,Bugangaizi,,Nkooko,,Kitegula,Africa/Kampala,UTC +3.0 ,0.987874611293677,31.4356712400362
Uganda,Uganda,UG,,,Kibale,,Bugangaizi,,Nkooko,,Kitutuma,Africa/Kampala,UTC +3.0 ,0.871324908670233,31.4102973234664
Uganda,Uganda,UG,,,Kibale,,Bugangaizi,,Nkooko,,Mpasaana,Africa/Kampala,UTC +3.0 ,1.0344623587936,31.432723407248
Uganda,Uganda,UG,,,Kibale,,Buyaga,,Bwikara,,Kisuura,Africa/Kampala,UTC +3.0 ,0.965006929513587,30.6796059923696
Uganda,Uganda,UG,,,Kibale,,Buyaga,,Bwikara,,Mairiwe,Africa/Kampala,UTC +3.0 ,0.9727610885196,30.7272587282964
Uganda,Uganda,UG,,,Kibale,,Buyaga,,Bwikara,,Nyakarongo,Africa/Kampala,UTC +3.0 ,0.958042894799835,30.6413133018112
Uganda,Uganda,UG,,,Kibale,,Buyaga,,Bwikara,,Nyamasa,Africa/Kampala,UTC +3.0 ,0.92003223812188,30.7059811312498
Uganda,Uganda,UG,,,Kibale,,Buyaga,,Kagadi,,Busirabo,Africa/Kampala,UTC +3.0 ,0.863921426473329,30.8359890522663
Uganda,Uganda,UG,,,Kibale,,Buyaga,,Kagadi,,Kagadi,Africa/Kampala,UTC +3.0 ,0.937250939476848,30.8090768844222
Uganda,Uganda,UG,,,Kibale,,Buyaga,,Kagadi,,Kenga,Africa/Kampala,UTC +3.0 ,0.881965638710397,30.8640186591014
Uganda,Uganda,UG,,,Kibale,,Buyaga,,Kagadi,,Kihayura,Africa/Kampala,UTC +3.0 ,0.919968208334024,30.8401920485602
Uganda,Uganda,UG,,,Kibale,,Buyaga,,Kagadi,,Kitegwa,Africa/Kampala,UTC +3.0 ,0.958850249174212,30.8069434000164
Uganda,Uganda,UG,,,Kibale,,Buyaga,,Kagadi,,Mutunda/Rubona,Africa/Kampala,UTC +3.0 ,1.02849590769521,30.8068072335976
Uganda,Uganda,UG,,,Kibale,,Buyaga,,Kagadi,,Rutete,Africa/Kampala,UTC +3.0 ,0.999974086710933,30.7995867606399
Uganda,Uganda,UG,,,Kibale,,Buyaga,,Kiryanga,,Kabamba,Africa/Kampala,UTC +3.0 ,0.996209867951006,31.0006351421012
Uganda,Uganda,UG,,,Kibale,,Buyaga,,Kiryanga,,Kicucura,Africa/Kampala,UTC +3.0 ,1.04010512501324,31.0809505867264
Uganda,Uganda,UG,,,Kibale,,Buyaga,,Kiryanga,,Kiryanga,Africa/Kampala,UTC +3.0 ,1.10510271436509,31.064613349034
Uganda,Uganda,UG,,,Kibale,,Buyaga,,Kiryanga,,Kyakabanda,Africa/Kampala,UTC +3.0 ,1.06282773259639,30.9970306764183
Uganda,Uganda,UG,,,Kibale,,Buyaga,,Kiryanga,,Luzaire Fr,Africa/Kampala,UTC +3.0 ,1.13873514709785,31.0423795262541
Uganda,Uganda,UG,,,Kibale,,Buyaga,,Kiryanga,,Pachwa,Africa/Kampala,UTC +3.0 ,1.10990020791601,30.9675392761783
Uganda,Uganda,UG,,,Kibale,,Buyaga,,Kyanaisoke,,Kahunde,Africa/Kampala,UTC +3.0 ,0.923488218063133,30.8955393400881
Uganda,Uganda,UG,,,Kibale,,Buyaga,,Kyanaisoke,,Kamuroza,Africa/Kampala,UTC +3.0 ,0.963911656302514,30.9189650795676
Uganda,Uganda,UG,,,Kibale,,Buyaga,,Kyanaisoke,,Kitema,Africa/Kampala,UTC +3.0 ,0.994131376431947,30.8824335275317
Uganda,Uganda,UG,,,Kibale,,Buyaga,,Kyanaisoke,,Mpamba,Africa/Kampala,UTC +3.0 ,1.01275517866973,30.8473107828088
Uganda,Uganda,UG,,,Kibale,,Buyaga,,Kyanaisoke,,Nyabuhikye,Africa/Kampala,UTC +3.0 ,0.964485663034269,30.8672926537858
Uganda,Uganda,UG,,,Kibale,,Buyaga,,Mabaale,,Kihuura,Africa/Kampala,UTC +3.0 ,1.00970999383967,30.9392711883393
Uganda,Uganda,UG,,,Kibale,,Buyaga,,Mabaale,,Kiranzi,Africa/Kampala,UTC +3.0 ,1.07161573403176,30.9288309732808
Uganda,Uganda,UG,,,Kibale,,Buyaga,,Mabaale,,Kitemuzi,Africa/Kampala,UTC +3.0 ,1.03756175949079,30.8956913288464
Uganda,Uganda,UG,,,Kibale,,Buyaga,,Mpeefu,,Kyaterekera,Africa/Kampala,UTC +3.0 ,0.962782831860405,30.58406617806
Uganda,Uganda,UG,,,Kibale,,Buyaga,,Mpeefu,,Mugyenza,Africa/Kampala,UTC +3.0 ,1.02994954577237,30.7357591433005
Uganda,Uganda,UG,,,Kibale,,Buyaga,,Mpeefu,,Muziizi Fr,Africa/Kampala,UTC +3.0 ,0.9248130104121,30.5897953163243
Uganda,Uganda,UG,,,Kibale,,Buyaga,,Mpeefu,,Ndaiga,Africa/Kampala,UTC +3.0 ,1.02271110308678,30.5762144172357
Uganda,Uganda,UG,,,Kibale,,Buyaga,,Mpeefu,,Ndaiga,Africa/Kampala,UTC +3.0 ,1.10187393229297,30.6445566726966
Uganda,Uganda,UG,,,Kibale,,Buyaga,,Mpeefu,,Ndaiga,Africa/Kampala,UTC +3.0 ,1.1028196894949,30.6454734885683
Uganda,Uganda,UG,,,Kibale,,Buyaga,,Mpeefu,,Ndaiga,Africa/Kampala,UTC +3.0 ,1.10563985600004,30.6482275726667
Uganda,Uganda,UG,,,Kibale,,Buyaga,,Mpeefu,,Nyamukara,Africa/Kampala,UTC +3.0 ,1.03073315505413,30.6983912839147
Uganda,Uganda,UG,,,Kibale,,Buyaga,,Mpeefu,,Nyantonzi,Africa/Kampala,UTC +3.0 ,1.00538574504321,30.6156325002792
Uganda,Uganda,UG,,,Kibale,,Buyaga,,Mpeefu,,Rubirizi,Africa/Kampala,UTC +3.0 ,1.08438197673923,30.6906860847283
Uganda,Uganda,UG,,,Kibale,,Buyaga,,Mpeefu,,Rwabaranga,Africa/Kampala,UTC +3.0 ,1.04319280584719,30.6550683478346
Uganda,Uganda,UG,,,Kibale,,Buyaga,,Muhoro,,Galiboleka,Africa/Kampala,UTC +3.0 ,0.987640862370806,30.7697867756359
Uganda,Uganda,UG,,,Kibale,,Buyaga,,Muhoro,,Muzizi Fr,Africa/Kampala,UTC +3.0 ,0.901232121941563,30.6585699625723
Uganda,Uganda,UG,,,Kibale,,Buyaga,,Muhoro,,Nyamachumu,Africa/Kampala,UTC +3.0 ,0.877394856531842,30.7867170407374
Uganda,Uganda,UG,,,Kibale,,Buyaga,,Muhoro,,Nyamiti,Africa/Kampala,UTC +3.0 ,0.929191313686387,30.7649614973879
Uganda,Uganda,UG,,,Kibale,,Buyaga,,Muhoro,,Nyanseke,Africa/Kampala,UTC +3.0 ,0.897187942392936,30.7413472120765
Uganda,Uganda,UG,,,Kibale,,Buyaga,,Rugashari,,Burora,Africa/Kampala,UTC +3.0 ,1.10576014642796,30.8808777644182
Uganda,Uganda,UG,,,Kibale,,Buyaga,,Rugashari,,Kyakabadiima,Africa/Kampala,UTC +3.0 ,1.04815939054303,30.8444611880703
Uganda,Uganda,UG,,,Kibale,,Buyaga,,Rugashari,,Rugashari,Africa/Kampala,UTC +3.0 ,1.08895244164678,30.8106182947853
Uganda,Uganda,UG,,,Kibale,,Buyanja,,Bwamiramira,,Bubango,Africa/Kampala,UTC +3.0 ,0.733548656001422,31.0029832082197
Uganda,Uganda,UG,,,Kibale,,Buyanja,,Bwamiramira,,Bukonda,Africa/Kampala,UTC +3.0 ,0.816527499738697,31.0025296470521
Uganda,Uganda,UG,,,Kibale,,Buyanja,,Bwamiramira,,Kibaali,Africa/Kampala,UTC +3.0 ,0.748023689592437,31.0654329951817
Uganda,Uganda,UG,,,Kibale,,Buyanja,,Bwamiramira,,Kibingo,Africa/Kampala,UTC +3.0 ,0.824875579067333,31.0791280922411
Uganda,Uganda,UG,,,Kibale,,Buyanja,,Bwamiramira,,Rwamagando,Africa/Kampala,UTC +3.0 ,0.770973966275626,30.9631687907864
Uganda,Uganda,UG,,,Kibale,,Buyanja,,Bwamiramira,,Rwega,Africa/Kampala,UTC +3.0 ,0.687163501671929,31.0505474799171
Uganda,Uganda,UG,,,Kibale,,Buyanja,,Kibaale Tc,,Kabalega,Africa/Kampala,UTC +3.0 ,0.788721598660351,31.0850862362045
Uganda,Uganda,UG,,,Kibale,,Buyanja,,Kibaale Tc,,Masaza,Africa/Kampala,UTC +3.0 ,0.792886684256881,31.0695607311589
Uganda,Uganda,UG,,,Kibale,,Buyanja,,Kibaale Tc,,Rugunza,Africa/Kampala,UTC +3.0 ,0.770432347769154,31.0878001479978
Uganda,Uganda,UG,,,Kibale,,Buyanja,,Kyebando,,Kajuma Fr,Africa/Kampala,UTC +3.0 ,0.835019852663054,31.1618144232512
Uganda,Uganda,UG,,,Kibale,,Buyanja,,Kyebando,,Kicunda,Africa/Kampala,UTC +3.0 ,0.887721225144239,31.0727661174716
Uganda,Uganda,UG,,,Kibale,,Buyanja,,Kyebando,,Kicunda,Africa/Kampala,UTC +3.0 ,0.966347894581432,31.0748129364956
Uganda,Uganda,UG,,,Kibale,,Buyanja,,Kyebando,,Kisojo,Africa/Kampala,UTC +3.0 ,0.88577215644849,31.1269039340139
Uganda,Uganda,UG,,,Kibale,,Buyanja,,Kyebando,,Lukara Fr,Africa/Kampala,UTC +3.0 ,0.912704275605898,31.0625719461646
Uganda,Uganda,UG,,,Kibale,,Buyanja,,Matale,,Kamondo,Africa/Kampala,UTC +3.0 ,0.697114164272589,31.2314453416044
Uganda,Uganda,UG,,,Kibale,,Buyanja,,Matale,,Karangara,Africa/Kampala,UTC +3.0 ,0.767361949558221,31.195147782949
Uganda,Uganda,UG,,,Kibale,,Buyanja,,Matale,,Kitaba,Africa/Kampala,UTC +3.0 ,0.777347531401023,31.1367828060078
Uganda,Uganda,UG,,,Kibale,,Buyanja,,Matale,,Nkenda,Africa/Kampala,UTC +3.0 ,0.699406986983078,31.1400658814401
Uganda,Uganda,UG,,,Kibale,,Buyanja,,Mugarama,,Kanaba Fr,Africa/Kampala,UTC +3.0 ,0.819818371458355,30.8746065786193
Uganda,Uganda,UG,,,Kibale,,Buyanja,,Mugarama,,Kezimbira,Africa/Kampala,UTC +3.0 ,0.903710647815407,31.0372872492966
Uganda,Uganda,UG,,,Kibale,,Buyanja,,Mugarama,,Kibogo,Africa/Kampala,UTC +3.0 ,0.92960350162512,30.9817080760527
Uganda,Uganda,UG,,,Kibale,,Buyanja,,Mugarama,,Kituuma,Africa/Kampala,UTC +3.0 ,0.868134281171695,30.9922164487075
Uganda,Uganda,UG,,,Kibale,,Buyanja,,Mugarama,,Nyamarunda,Africa/Kampala,UTC +3.0 ,0.858481022194529,30.9243296207774
Uganda,Uganda,UG,,,Kiboga,,Kiboga,,Bukomero,,Kagogo,Africa/Kampala,UTC +3.0 ,0.753831025306687,31.9970618479798
Uganda,Uganda,UG,,,Kiboga,,Kiboga,,Bukomero,,Kateera,Africa/Kampala,UTC +3.0 ,0.691760958771711,32.0192968382149
Uganda,Uganda,UG,,,Kiboga,,Kiboga,,Bukomero,,Kikooba,Africa/Kampala,UTC +3.0 ,0.707966099326475,32.1365929245203
Uganda,Uganda,UG,,,Kiboga,,Kiboga,,Bukomero,,Kyoomya,Africa/Kampala,UTC +3.0 ,0.748334081724214,31.9703271819151
Uganda,Uganda,UG,,,Kiboga,,Kiboga,,Bukomero,,Mataagi,Africa/Kampala,UTC +3.0 ,0.697158888392706,32.0678787058639
Uganda,Uganda,UG,,,Kiboga,,Kiboga,,Bukomero,,Mwezi,Africa/Kampala,UTC +3.0 ,0.65309026516941,32.0227260331498
Uganda,Uganda,UG,,,Kiboga,,Kiboga,,Butemba,,Bukwiri,Africa/Kampala,UTC +3.0 ,1.18426846230515,31.6320171505333
Uganda,Uganda,UG,,,Kiboga,,Kiboga,,Butemba,,Bulamula,Africa/Kampala,UTC +3.0 ,1.07148729362313,31.6643368841563
Uganda,Uganda,UG,,,Kiboga,,Kiboga,,Butemba,,Byerima,Africa/Kampala,UTC +3.0 ,1.10473155532124,31.4982380876333
Uganda,Uganda,UG,,,Kiboga,,Kiboga,,Butemba,,Katovu,Africa/Kampala,UTC +3.0 ,1.05165049628308,31.5441929599122
Uganda,Uganda,UG,,,Kiboga,,Kiboga,,Butemba,,Kikooma,Africa/Kampala,UTC +3.0 ,1.09716169522154,31.6403173992959
Uganda,Uganda,UG,,,Kiboga,,Kiboga,,Butemba,,Lwebisiriza,Africa/Kampala,UTC +3.0 ,1.16433100401967,31.5599163002045
Uganda,Uganda,UG,,,Kiboga,,Kiboga,,Butemba,,Misago,Africa/Kampala,UTC +3.0 ,1.02393332102063,31.5793817259394
Uganda,Uganda,UG,,,Kiboga,,Kiboga,,Butemba,,Nabitakuli,Africa/Kampala,UTC +3.0 ,1.07559204570966,31.5859070836241
Uganda,Uganda,UG,,,Kiboga,,Kiboga,,Dwaniro,,Kakinzi,Africa/Kampala,UTC +3.0 ,0.872005217098238,32.0038249008252
Uganda,Uganda,UG,,,Kiboga,,Kiboga,,Dwaniro,,Kalokola,Africa/Kampala,UTC +3.0 ,0.766824580001045,32.0370558957815
Uganda,Uganda,UG,,,Kiboga,,Kiboga,,Dwaniro,,Katalama,Africa/Kampala,UTC +3.0 ,0.789109460467139,32.1539761248036
Uganda,Uganda,UG,,,Kiboga,,Kiboga,,Dwaniro,,Lwankonge,Africa/Kampala,UTC +3.0 ,0.840024251557531,32.0882876245436
Uganda,Uganda,UG,,,Kiboga,,Kiboga,,Gayaza,,Gayaza,Africa/Kampala,UTC +3.0 ,0.974869293263458,31.5162278750347
Uganda,Uganda,UG,,,Kiboga,,Kiboga,,Gayaza,,Kiryajobyo,Africa/Kampala,UTC +3.0 ,0.924193627828039,31.5337951253148
Uganda,Uganda,UG,,,Kiboga,,Kiboga,,Gayaza,,Kiyuni,Africa/Kampala,UTC +3.0 ,0.920470460162037,31.4625871003533
Uganda,Uganda,UG,,,Kiboga,,Kiboga,,Gayaza,,Luwuuna,Africa/Kampala,UTC +3.0 ,0.89142148869883,31.5047546576498
Uganda,Uganda,UG,,,Kiboga,,Kiboga,,Kapeke,,Kagobe,Africa/Kampala,UTC +3.0 ,0.916430764094411,31.8145950834454
Uganda,Uganda,UG,,,Kiboga,,Kiboga,,Kapeke,,Kasega,Africa/Kampala,UTC +3.0 ,0.914097976019381,31.8573581218465
Uganda,Uganda,UG,,,Kiboga,,Kiboga,,Kapeke,,Kayeera,Africa/Kampala,UTC +3.0 ,0.998049955834299,31.9492445281272
Uganda,Uganda,UG,,,Kiboga,,Kiboga,,Kapeke,,Kyayimba,Africa/Kampala,UTC +3.0 ,0.993470322828858,31.8544711710801
Uganda,Uganda,UG,,,Kiboga,,Kiboga,,Kibiga,,Ddegeya,Africa/Kampala,UTC +3.0 ,0.81597958723781,31.7331630967014
Uganda,Uganda,UG,,,Kiboga,,Kiboga,,Kibiga,,Kajjere,Africa/Kampala,UTC +3.0 ,0.857090057442061,31.7637409777913
Uganda,Uganda,UG,,,Kiboga,,Kiboga,,Kibiga,,Kibaale,Africa/Kampala,UTC +3.0 ,0.848504651187329,31.7015825916757
Uganda,Uganda,UG,,,Kiboga,,Kiboga,,Kibiga,,Kibiga,Africa/Kampala,UTC +3.0 ,0.887625661909618,31.7666804557033
Uganda,Uganda,UG,,,Kiboga,,Kiboga,,Kibiga,,Kizinga,Africa/Kampala,UTC +3.0 ,0.850411519180594,31.8129143216513
Uganda,Uganda,UG,,,Kiboga,,Kiboga,,Kibiga,,Nkandwa,Africa/Kampala,UTC +3.0 ,0.808051422698508,31.7938403746284
Uganda,Uganda,UG,,,Kiboga,,Kiboga,,Kiboga Tc,,Bamusuuta Ward,Africa/Kampala,UTC +3.0 ,0.913367131950398,31.7567475107735
Uganda,Uganda,UG,,,Kiboga,,Kiboga,,Kiboga Tc,,Buzibweera Ward,Africa/Kampala,UTC +3.0 ,0.932489989701823,31.7644283915969
Uganda,Uganda,UG,,,Kiboga,,Kiboga,,Kiboga Tc,,Kiboga Town Ward,Africa/Kampala,UTC +3.0 ,0.91864721310513,31.7834045072785
Uganda,Uganda,UG,,,Kiboga,,Kiboga,,Kiboga Tc,,Kirurumba Ward,Africa/Kampala,UTC +3.0 ,0.906208046954819,31.7742637846229
Uganda,Uganda,UG,,,Kiboga,,Kiboga,,Kyankwanzi,,Banda,Africa/Kampala,UTC +3.0 ,1.08975556856015,31.8659120419235
Uganda,Uganda,UG,,,Kiboga,,Kiboga,,Kyankwanzi,,Gala,Africa/Kampala,UTC +3.0 ,1.3007125128576,31.7995713191889
Uganda,Uganda,UG,,,Kiboga,,Kiboga,,Kyankwanzi,,Kyankwanzi,Africa/Kampala,UTC +3.0 ,1.22316626412768,31.824166730162
Uganda,Uganda,UG,,,Kiboga,,Kiboga,,Kyankwanzi,,Lubiri,Africa/Kampala,UTC +3.0 ,1.25274941161305,31.710304737757
Uganda,Uganda,UG,,,Kiboga,,Kiboga,,Kyankwanzi,,Lwebisanja,Africa/Kampala,UTC +3.0 ,1.15625694273969,31.8774762964789
Uganda,Uganda,UG,,,Kiboga,,Kiboga,,Kyankwanzi,,Rwemiganda,Africa/Kampala,UTC +3.0 ,1.12008956072861,31.7645455705937
Uganda,Uganda,UG,,,Kiboga,,Kiboga,,Lwamata,,Bininga,Africa/Kampala,UTC +3.0 ,0.864427373001494,31.936956370065
Uganda,Uganda,UG,,,Kiboga,,Kiboga,,Lwamata,,Kasejjere,Africa/Kampala,UTC +3.0 ,0.801431206126518,31.8413461564123
Uganda,Uganda,UG,,,Kiboga,,Kiboga,,Lwamata,,Kisagazi,Africa/Kampala,UTC +3.0 ,0.768319747513634,31.8798294581189
Uganda,Uganda,UG,,,Kiboga,,Kiboga,,Lwamata,,Kisweeka,Africa/Kampala,UTC +3.0 ,0.839543291154792,31.8579518758072
Uganda,Uganda,UG,,,Kiboga,,Kiboga,,Lwamata,,Kyekumbya,Africa/Kampala,UTC +3.0 ,0.885639225729131,31.8779959993686
Uganda,Uganda,UG,,,Kiboga,,Kiboga,,Lwamata,,Lwamata,Africa/Kampala,UTC +3.0 ,0.828869608207569,31.9038430738867
Uganda,Uganda,UG,,,Kiboga,,Kiboga,,Lwamata,,Nsala,Africa/Kampala,UTC +3.0 ,0.790968327554482,31.8981266784877
Uganda,Uganda,UG,,,Kiboga,,Kiboga,,Lwamata,,Ssinde,Africa/Kampala,UTC +3.0 ,0.789328293237668,31.9469340231832
Uganda,Uganda,UG,,,Kiboga,,Kiboga,,Mulagi,,Kalagi,Africa/Kampala,UTC +3.0 ,0.907374689458231,31.7441436310232
Uganda,Uganda,UG,,,Kiboga,,Kiboga,,Mulagi,,Kalagi,Africa/Kampala,UTC +3.0 ,0.948407746082837,31.7572706360876
Uganda,Uganda,UG,,,Kiboga,,Kiboga,,Mulagi,,Kigando,Africa/Kampala,UTC +3.0 ,0.917564929475939,31.6847509365358
Uganda,Uganda,UG,,,Kiboga,,Kiboga,,Mulagi,,Kiwaguzi,Africa/Kampala,UTC +3.0 ,0.897814624738361,31.7118834760982
Uganda,Uganda,UG,,,Kiboga,,Kiboga,,Mulagi,,Luwawu,Africa/Kampala,UTC +3.0 ,0.931530465489789,31.7265541173886
Uganda,Uganda,UG,,,Kiboga,,Kiboga,,Muwanga,,Biko,Africa/Kampala,UTC +3.0 ,0.748844869292734,31.9359598086733
Uganda,Uganda,UG,,,Kiboga,,Kiboga,,Muwanga,,Muwanga,Africa/Kampala,UTC +3.0 ,0.707965256138613,31.9563686018535
Uganda,Uganda,UG,,,Kiboga,,Kiboga,,Muwanga,,Nabwendo,Africa/Kampala,UTC +3.0 ,0.668172311219879,31.9667232081761
Uganda,Uganda,UG,,,Kiboga,,Kiboga,,Muwanga,,Nakasengere,Africa/Kampala,UTC +3.0 ,0.684076081418076,31.9307602435691
Uganda,Uganda,UG,,,Kiboga,,Kiboga,,Muwanga,,Nakasozi,Africa/Kampala,UTC +3.0 ,0.720584526159062,31.9094003752917
Uganda,Uganda,UG,,,Kiboga,,Kiboga,,Nsambya,,Bunanywa,Africa/Kampala,UTC +3.0 ,1.21315278600289,31.351263476775
Uganda,Uganda,UG,,,Kiboga,,Kiboga,,Nsambya,,Katuugo,Africa/Kampala,UTC +3.0 ,1.31247717701129,31.5713690714344
Uganda,Uganda,UG,,,Kiboga,,Kiboga,,Nsambya,,Kigando,Africa/Kampala,UTC +3.0 ,1.16945929211452,31.479061447261
Uganda,Uganda,UG,,,Kiboga,,Kiboga,,Nsambya,,Kikonda,Africa/Kampala,UTC +3.0 ,1.27609389080688,31.479871028145
Uganda,Uganda,UG,,,Kiboga,,Kiboga,,Nsambya,,Kiryanongo,Africa/Kampala,UTC +3.0 ,1.2524623116489,31.4074212020488
Uganda,Uganda,UG,,,Kiboga,,Kiboga,,Nsambya,,Kyakabuga,Africa/Kampala,UTC +3.0 ,1.23727072314995,31.5646647637941
Uganda,Uganda,UG,,,Kiboga,,Kiboga,,Nsambya,,Mujunza,Africa/Kampala,UTC +3.0 ,1.20674700536535,31.4398886367925
Uganda,Uganda,UG,,,Kiboga,,Kiboga,,Nsambya,,Ntunda,Africa/Kampala,UTC +3.0 ,1.207199846724,31.4310723264783
Uganda,Uganda,UG,,,Kiboga,,Kiboga,,Ntwetwe,,Bugomolwa,Africa/Kampala,UTC +3.0 ,0.95550310353952,31.6589590908125
Uganda,Uganda,UG,,,Kiboga,,Kiboga,,Ntwetwe,,Bulagwe,Africa/Kampala,UTC +3.0 ,1.00070927977558,31.6032666677106
Uganda,Uganda,UG,,,Kiboga,,Kiboga,,Ntwetwe,,Kisojjo,Africa/Kampala,UTC +3.0 ,0.950790583198963,31.5803752835907
Uganda,Uganda,UG,,,Kiboga,,Kiboga,,Ntwetwe,,Kitabona,Africa/Kampala,UTC +3.0 ,0.909362170435918,31.626906693537
Uganda,Uganda,UG,,,Kiboga,,Kiboga,,Ntwetwe,,Kitwala,Africa/Kampala,UTC +3.0 ,0.879093559312744,31.5843301419581
Uganda,Uganda,UG,,,Kiboga,,Kiboga,,Ntwetwe,,Natyole,Africa/Kampala,UTC +3.0 ,0.972974327247453,31.5603379169441
Uganda,Uganda,UG,,,Kiboga,,Kiboga,,Ntwetwe,,Nkandwa,Africa/Kampala,UTC +3.0 ,0.974588597466744,31.6051777297503
Uganda,Uganda,UG,,,Kiboga,,Kiboga,,Ntwetwe,,Ntiba,Africa/Kampala,UTC +3.0 ,0.951810142720737,31.6281812575332
Uganda,Uganda,UG,,,Kiboga,,Kiboga,,Ntwetwe,,Sirimula,Africa/Kampala,UTC +3.0 ,0.858348252299946,31.6498457179758
Uganda,Uganda,UG,,,Kiboga,,Kiboga,,Wattuba,,Kiduumi,Africa/Kampala,UTC +3.0 ,1.01987706827382,31.7891783994626
Uganda,Uganda,UG,,,Kiboga,,Kiboga,,Wattuba,,Kisolooza,Africa/Kampala,UTC +3.0 ,0.95691029060893,31.6855562389614
Uganda,Uganda,UG,,,Kiboga,,Kiboga,,Wattuba,,Lwansama,Africa/Kampala,UTC +3.0 ,1.00763882400322,31.7164795194866
Uganda,Uganda,UG,,,Kiboga,,Kiboga,,Wattuba,,Masodde,Africa/Kampala,UTC +3.0 ,0.960496041311339,31.724640860248
Uganda,Uganda,UG,,,Kiboga,,Kiboga,,Wattuba,,Nabulembeko,Africa/Kampala,UTC +3.0 ,0.996053359224581,31.6540014083109
Uganda,Uganda,UG,,,Kiboga,,Kiboga,,Wattuba,,Nakitembe,Africa/Kampala,UTC +3.0 ,1.02092743048782,31.6386250547636
Uganda,Uganda,UG,,,Kiboga,,Kiboga,,Wattuba,,Wattuba,Africa/Kampala,UTC +3.0 ,1.03017702266729,31.6835526852454
Uganda,Uganda,UG,,,Kisoro,,Kisoro,,Bukimbiri,,Iremera,Africa/Kampala,UTC +3.0 ,-1.15637162968556,29.7417328871206
Uganda,Uganda,UG,,,Kisoro,,Kisoro,,Bukimbiri,,Kagunga,Africa/Kampala,UTC +3.0 ,-1.20212282252802,29.747520511266
Uganda,Uganda,UG,,,Kisoro,,Kisoro,,Busanza,,Buhozi,Africa/Kampala,UTC +3.0 ,-1.18551913159907,29.6275058037645
Uganda,Uganda,UG,,,Kisoro,,Kisoro,,Busanza,,Buhumbu,Africa/Kampala,UTC +3.0 ,-1.20914130743996,29.6187027988791
Uganda,Uganda,UG,,,Kisoro,,Kisoro,,Busanza,,Gitovu,Africa/Kampala,UTC +3.0 ,-1.17779449156779,29.5894467842459
Uganda,Uganda,UG,,,Kisoro,,Kisoro,,Chahi,,Muganza,Africa/Kampala,UTC +3.0 ,-1.29143896655748,29.7157234808928
Uganda,Uganda,UG,,,Kisoro,,Kisoro,,Chahi,,Nyakabingo,Africa/Kampala,UTC +3.0 ,-1.31225973429837,29.7390924942174
Uganda,Uganda,UG,,,Kisoro,,Kisoro,,Chahi,,Rutare,Africa/Kampala,UTC +3.0 ,-1.32579104772356,29.7216709273226
Uganda,Uganda,UG,,,Kisoro,,Kisoro,,Kanaba,,Kagezi,Africa/Kampala,UTC +3.0 ,-1.28741794001221,29.7834817862191
Uganda,Uganda,UG,,,Kisoro,,Kisoro,,Kanaba,,Muhindura,Africa/Kampala,UTC +3.0 ,-1.2524129764189,29.7698295692585
Uganda,Uganda,UG,,,Kisoro,,Kisoro,,Kirundo,,Bwindi Fr,Africa/Kampala,UTC +3.0 ,-1.07733318651334,29.6849025082595
Uganda,Uganda,UG,,,Kisoro,,Kisoro,,Kirundo,,Rubuguri,Africa/Kampala,UTC +3.0 ,-1.12702269385266,29.6674299975018
Uganda,Uganda,UG,,,Kisoro,,Kisoro,,Kirundo,,Rutaka,Africa/Kampala,UTC +3.0 ,-1.17892006054109,29.6590779879899
Uganda,Uganda,UG,,,Kisoro,,Kisoro,,Kisoro Tc,,North Ward,Africa/Kampala,UTC +3.0 ,-1.26971792170165,29.6936640147116
Uganda,Uganda,UG,,,Kisoro,,Kisoro,,Kisoro Tc,,South Ward,Africa/Kampala,UTC +3.0 ,-1.2849242883587,29.6908441266345
Uganda,Uganda,UG,,,Kisoro,,Kisoro,,Muramba,,Bunagana,Africa/Kampala,UTC +3.0 ,-1.30092415220726,29.6075716970866
Uganda,Uganda,UG,,,Kisoro,,Kisoro,,Muramba,,Gisozi,Africa/Kampala,UTC +3.0 ,-1.35393604376935,29.6147282956946
Uganda,Uganda,UG,,,Kisoro,,Kisoro,,Muramba,,Muramba,Africa/Kampala,UTC +3.0 ,-1.29735621841927,29.6316794339791
Uganda,Uganda,UG,,,Kisoro,,Kisoro,,Muramba,,Sooko,Africa/Kampala,UTC +3.0 ,-1.31844429175018,29.6549507130452
Uganda,Uganda,UG,,,Kisoro,,Kisoro,,Murora,,Chahafi,Africa/Kampala,UTC +3.0 ,-1.33911242665238,29.7721779746331
Uganda,Uganda,UG,,,Kisoro,,Kisoro,,Murora,,Chibumba,Africa/Kampala,UTC +3.0 ,-1.31793073557851,29.7990134617227
Uganda,Uganda,UG,,,Kisoro,,Kisoro,,Nyabwishenya,,Nteko,Africa/Kampala,UTC +3.0 ,-1.07226373675644,29.6168469275602
Uganda,Uganda,UG,,,Kisoro,,Kisoro,,Nyabwishenya,,Nyarutembe,Africa/Kampala,UTC +3.0 ,-1.1242060598329,29.6079952995693
Uganda,Uganda,UG,,,Kisoro,,Kisoro,,Nyakabande,,Gasiza,Africa/Kampala,UTC +3.0 ,-1.26055867303369,29.7176906723239
Uganda,Uganda,UG,,,Kisoro,,Kisoro,,Nyakabande,,Gisorora,Africa/Kampala,UTC +3.0 ,-1.26758252868776,29.7432096200022
Uganda,Uganda,UG,,,Kisoro,,Kisoro,,Nyakabande,,Rwingwe,Africa/Kampala,UTC +3.0 ,-1.22975626464126,29.7054631222914
Uganda,Uganda,UG,,,Kisoro,,Kisoro,,Nyakinama,,Chihe,Africa/Kampala,UTC +3.0 ,-1.25707038261497,29.670809184003
Uganda,Uganda,UG,,,Kisoro,,Kisoro,,Nyakinama,,Mbuga,Africa/Kampala,UTC +3.0 ,-1.2370404045328,29.681987307006
Uganda,Uganda,UG,,,Kisoro,,Kisoro,,Nyakinama,,Rwaramba,Africa/Kampala,UTC +3.0 ,-1.28169893163064,29.6561058304496
Uganda,Uganda,UG,,,Kisoro,,Kisoro,,Nyarubuye,,Busengo,Africa/Kampala,UTC +3.0 ,-1.23290111831466,29.6174285542219
Uganda,Uganda,UG,,,Kisoro,,Kisoro,,Nyarubuye,,Kalambi,Africa/Kampala,UTC +3.0 ,-1.25964088478812,29.6278870561758
Uganda,Uganda,UG,,,Kisoro,,Kisoro,,Nyarusiza,,Gasovu,Africa/Kampala,UTC +3.0 ,-1.31708123488035,29.6997267255425
Uganda,Uganda,UG,,,Kisoro,,Kisoro,,Nyarusiza,,Gitenderi,Africa/Kampala,UTC +3.0 ,-1.34024008212311,29.6868261857023
Uganda,Uganda,UG,,,Kisoro,,Kisoro,,Nyarusiza,,Mabungo,Africa/Kampala,UTC +3.0 ,-1.30524300023357,29.6833874738847
Uganda,Uganda,UG,,,Kisoro,,Kisoro,,Nyarusiza,,Rukongi,Africa/Kampala,UTC +3.0 ,-1.35966970818924,29.6580990378004
Uganda,Uganda,UG,,,Kisoro,,Kisoro,,Nyundo,,Bubuye,Africa/Kampala,UTC +3.0 ,-1.21605954564484,29.7345828451598
Uganda,Uganda,UG,,,Kisoro,,Kisoro,,Nyundo,,Nyundo,Africa/Kampala,UTC +3.0 ,-1.18653612098994,29.6971893770156
Uganda,Uganda,UG,,,Kitgum,,Chua,,Kitgum Tc,,Alango,Africa/Kampala,UTC +3.0 ,3.27624203114476,32.8987666585321
Uganda,Uganda,UG,,,Kitgum,,Chua,,Kitgum Tc,,Central Ward,Africa/Kampala,UTC +3.0 ,3.29760838770339,32.8782056577674
Uganda,Uganda,UG,,,Kitgum,,Chua,,Kitgum Tc,,Guu,Africa/Kampala,UTC +3.0 ,3.29217588174098,32.8975755520788
Uganda,Uganda,UG,,,Kitgum,,Chua,,Kitgum Tc,,Pager Ward,Africa/Kampala,UTC +3.0 ,3.31808436275282,32.8750142000128
Uganda,Uganda,UG,,,Kitgum,,Chua,,Kitgum Tc,,Pandwong,Africa/Kampala,UTC +3.0 ,3.28215539034236,32.8815865270987
Uganda,Uganda,UG,,,Kitgum,,Chua,,Kitgum Tc,,Pondwong,Africa/Kampala,UTC +3.0 ,3.31654049910637,32.8928972446471
Uganda,Uganda,UG,,,Kitgum,,Chua,,Kitgum Tc,,Westland,Africa/Kampala,UTC +3.0 ,3.29339065407102,32.8724656467595
Uganda,Uganda,UG,,,Kitgum,,Chua,,Kitigum Matidi,,Ibakara,Africa/Kampala,UTC +3.0 ,3.26661578727337,33.0366136225387
Uganda,Uganda,UG,,,Kitgum,,Chua,,Kitigum Matidi,,Lomule,Africa/Kampala,UTC +3.0 ,3.29711113700774,32.9870347730405
Uganda,Uganda,UG,,,Kitgum,,Chua,,Kitigum Matidi,,Oryang,Africa/Kampala,UTC +3.0 ,3.25332420593339,32.9566103324433
Uganda,Uganda,UG,,,Kitgum,,Chua,,Kitigum Matidi,,Paibony,Africa/Kampala,UTC +3.0 ,3.32239763545778,33.0568003779473
Uganda,Uganda,UG,,,Kitgum,,Chua,,Labongo Akwang,,Lamit,Africa/Kampala,UTC +3.0 ,3.27574973920918,32.8080713003807
Uganda,Uganda,UG,,,Kitgum,,Chua,,Labongo Akwang,,Lukwar,Africa/Kampala,UTC +3.0 ,3.35603138399361,32.8133762901081
Uganda,Uganda,UG,,,Kitgum,,Chua,,Labongo Akwang,,Pajimo,Africa/Kampala,UTC +3.0 ,3.32477700128216,32.7806755910451
Uganda,Uganda,UG,,,Kitgum,,Chua,,Labongo Amida,,Koch,Africa/Kampala,UTC +3.0 ,3.21320863508142,32.8804451633404
Uganda,Uganda,UG,,,Kitgum,,Chua,,Labongo Amida,,Lamola,Africa/Kampala,UTC +3.0 ,3.22818133130923,32.822906667087
Uganda,Uganda,UG,,,Kitgum,,Chua,,Labongo Amida,,Lukwor,Africa/Kampala,UTC +3.0 ,3.31540677213789,32.9513400081295
Uganda,Uganda,UG,,,Kitgum,,Chua,,Labongo Amida,,Oryang,Africa/Kampala,UTC +3.0 ,3.25072217820211,32.8832331873534
Uganda,Uganda,UG,,,Kitgum,,Chua,,Labongo Amida,,Oryang,Africa/Kampala,UTC +3.0 ,3.29625353997847,32.9133321044657
Uganda,Uganda,UG,,,Kitgum,,Chua,,Labongo Layamo,,Ocetoke,Africa/Kampala,UTC +3.0 ,3.38778488408235,32.8924870416764
Uganda,Uganda,UG,,,Kitgum,,Chua,,Labongo Layamo,,Pagen,Africa/Kampala,UTC +3.0 ,3.35240013069418,32.8963522711038
Uganda,Uganda,UG,,,Kitgum,,Chua,,Labongo Layamo,,Paibwo,Africa/Kampala,UTC +3.0 ,3.33016137261549,32.9306146693633
Uganda,Uganda,UG,,,Kitgum,,Chua,,Labongo Layamo,,Pamolo,Africa/Kampala,UTC +3.0 ,3.40080805869991,32.9380595590324
Uganda,Uganda,UG,,,Kitgum,,Chua,,Lagoro,,Laber,Africa/Kampala,UTC +3.0 ,3.19450279194533,33.1281543306993
Uganda,Uganda,UG,,,Kitgum,,Chua,,Lagoro,,Lakwor,Africa/Kampala,UTC +3.0 ,3.18105120164341,33.0679846842188
Uganda,Uganda,UG,,,Kitgum,,Chua,,Lagoro,,Oryang Lalano,Africa/Kampala,UTC +3.0 ,3.18905747119056,33.0160425300357
Uganda,Uganda,UG,,,Kitgum,,Chua,,Lagoro,,Pawidi,Africa/Kampala,UTC +3.0 ,3.24282011077874,33.100866687483
Uganda,Uganda,UG,,,Kitgum,,Chua,,Mucwini,,Akara,Africa/Kampala,UTC +3.0 ,3.35630125762209,33.0492094164543
Uganda,Uganda,UG,,,Kitgum,,Chua,,Mucwini,,Bura,Africa/Kampala,UTC +3.0 ,3.38103816493488,33.0138158564019
Uganda,Uganda,UG,,,Kitgum,,Chua,,Mucwini,,Hunting Area,Africa/Kampala,UTC +3.0 ,3.46782270720257,33.1536023909025
Uganda,Uganda,UG,,,Kitgum,,Chua,,Mucwini,,Ogwapoke,Africa/Kampala,UTC +3.0 ,3.45809462289202,33.0551834836458
Uganda,Uganda,UG,,,Kitgum,,Chua,,Mucwini,,Okol,Africa/Kampala,UTC +3.0 ,3.50617984267451,33.0958822295455
Uganda,Uganda,UG,,,Kitgum,,Chua,,Mucwini,,Pachua,Africa/Kampala,UTC +3.0 ,3.36445953166312,32.9787009047308
Uganda,Uganda,UG,,,Kitgum,,Chua,,Mucwini,,Pajaong,Africa/Kampala,UTC +3.0 ,3.37538246281636,33.1133994544086
Uganda,Uganda,UG,,,Kitgum,,Chua,,Mucwini,,Pubec,Africa/Kampala,UTC +3.0 ,3.43931421365685,33.0082506106915
Uganda,Uganda,UG,,,Kitgum,,Chua,,Mucwini,,Pudo,Africa/Kampala,UTC +3.0 ,3.40798466342003,32.9813245897246
Uganda,Uganda,UG,,,Kitgum,,Chua,,Mucwini,,Yepa,Africa/Kampala,UTC +3.0 ,3.41456670533569,33.0547639098884
Uganda,Uganda,UG,,,Kitgum,,Chua,,Namokora,,Kalabong,Africa/Kampala,UTC +3.0 ,3.41851040183581,33.3323819477067
Uganda,Uganda,UG,,,Kitgum,,Chua,,Namokora,,Pagwok,Africa/Kampala,UTC +3.0 ,3.37017519125551,33.253071266949
Uganda,Uganda,UG,,,Kitgum,,Chua,,Namokora,,Pogoda West,Africa/Kampala,UTC +3.0 ,3.30449168360557,33.325479135378
Uganda,Uganda,UG,,,Kitgum,,Chua,,Namokora,,Pugoda East,Africa/Kampala,UTC +3.0 ,3.33547000220597,33.3781213080685
Uganda,Uganda,UG,,,Kitgum,,Chua,,Omiya Anyima,,Akobi,Africa/Kampala,UTC +3.0 ,3.25223935030552,33.1547043250228
Uganda,Uganda,UG,,,Kitgum,,Chua,,Omiya Anyima,,Melong,Africa/Kampala,UTC +3.0 ,3.26796646990838,33.2785935022748
Uganda,Uganda,UG,,,Kitgum,,Chua,,Omiya Anyima,,Palwo,Africa/Kampala,UTC +3.0 ,3.25193528255012,33.2261750169946
Uganda,Uganda,UG,,,Kitgum,,Chua,,Omiya Anyima,,Panyum-Pella,Africa/Kampala,UTC +3.0 ,3.31553460480778,33.2144998134959
Uganda,Uganda,UG,,,Kitgum,,Chua,,Orom,,Akurumou,Africa/Kampala,UTC +3.0 ,3.53337415879021,33.5945393829096
Uganda,Uganda,UG,,,Kitgum,,Chua,,Orom,,Katatwo,Africa/Kampala,UTC +3.0 ,3.50250231620156,33.5285440790006
Uganda,Uganda,UG,,,Kitgum,,Chua,,Orom,,Kiteny,Africa/Kampala,UTC +3.0 ,3.5817417961241,33.3779343927206
Uganda,Uganda,UG,,,Kitgum,,Chua,,Orom,,Loliya,Africa/Kampala,UTC +3.0 ,3.43338197870704,33.5134215536427
Uganda,Uganda,UG,,,Kitgum,,Chua,,Orom,,Lolwar,Africa/Kampala,UTC +3.0 ,3.34715323326931,33.4886973935159
Uganda,Uganda,UG,,,Kitgum,,Chua,,Orom,,Nyapea Fr,Africa/Kampala,UTC +3.0 ,3.68304654173496,33.5281755828869
Uganda,Uganda,UG,,,Kitgum,,Chua,,Orom,,Okuti,Africa/Kampala,UTC +3.0 ,3.62860460484285,33.4943432240563
Uganda,Uganda,UG,,,Kitgum,,Chua,,Orom,,Orom Fr,Africa/Kampala,UTC +3.0 ,3.35894171636852,33.6455112254226
Uganda,Uganda,UG,,,Kitgum,,Lamwo,,Agoro,,Agoro Agu Fr,Africa/Kampala,UTC +3.0 ,3.78901279134146,32.9399915784999
Uganda,Uganda,UG,,,Kitgum,,Lamwo,,Agoro,,Lopulingi,Africa/Kampala,UTC +3.0 ,3.80649625239076,32.9928036679982
Uganda,Uganda,UG,,,Kitgum,,Lamwo,,Agoro,,Ngacino,Africa/Kampala,UTC +3.0 ,3.83454797556703,33.0131892272682
Uganda,Uganda,UG,,,Kitgum,,Lamwo,,Agoro,,Pabar,Africa/Kampala,UTC +3.0 ,3.76609817808001,33.0808037527175
Uganda,Uganda,UG,,,Kitgum,,Lamwo,,Agoro,,Pawach,Africa/Kampala,UTC +3.0 ,3.69346716679285,32.9418111052493
Uganda,Uganda,UG,,,Kitgum,,Lamwo,,Agoro,,Potika,Africa/Kampala,UTC +3.0 ,3.71506530193063,32.8606175287512
Uganda,Uganda,UG,,,Kitgum,,Lamwo,,Agoro,,Rudi,Africa/Kampala,UTC +3.0 ,3.72650196542531,33.0040484597662
Uganda,Uganda,UG,,,Kitgum,,Lamwo,,Lokung,,Dibolyec,Africa/Kampala,UTC +3.0 ,3.71815155665358,32.7760836014712
Uganda,Uganda,UG,,,Kitgum,,Lamwo,,Lokung,,Lelapwot,Africa/Kampala,UTC +3.0 ,3.69936345414676,32.6774003928624
Uganda,Uganda,UG,,,Kitgum,,Lamwo,,Lokung,,Licwar,Africa/Kampala,UTC +3.0 ,3.67551438925285,32.5915025291548
Uganda,Uganda,UG,,,Kitgum,,Lamwo,,Lokung,,Olebe,Africa/Kampala,UTC +3.0 ,3.56432439636169,32.6971677704008
Uganda,Uganda,UG,,,Kitgum,,Lamwo,,Lokung,,Pakalabule,Africa/Kampala,UTC +3.0 ,3.59594651486088,32.7491500590039
Uganda,Uganda,UG,,,Kitgum,,Lamwo,,Lokung,,Pangira,Africa/Kampala,UTC +3.0 ,3.59159628777683,32.6387649408539
Uganda,Uganda,UG,,,Kitgum,,Lamwo,,Lokung,,Parapono,Africa/Kampala,UTC +3.0 ,3.66542829676555,32.7449095241819
Uganda,Uganda,UG,,,Kitgum,,Lamwo,,Lokung,,Pawor,Africa/Kampala,UTC +3.0 ,3.69214593564571,32.6348189870176
Uganda,Uganda,UG,,,Kitgum,,Lamwo,,Lokung,,Pobel,Africa/Kampala,UTC +3.0 ,3.57219246226875,32.7295475003118
Uganda,Uganda,UG,,,Kitgum,,Lamwo,,Madi-Opei,,Kal,Africa/Kampala,UTC +3.0 ,3.58162919217489,33.1392824532375
Uganda,Uganda,UG,,,Kitgum,,Lamwo,,Madi-Opei,,Lawiye,Africa/Kampala,UTC +3.0 ,3.64679702957969,33.2192446613022
Uganda,Uganda,UG,,,Kitgum,,Lamwo,,Madi-Opei,,Okol,Africa/Kampala,UTC +3.0 ,3.53913987254019,33.1035522655583
Uganda,Uganda,UG,,,Kitgum,,Lamwo,,Madi-Opei,,Pobura,Africa/Kampala,UTC +3.0 ,3.63554621284352,33.0427251905598
Uganda,Uganda,UG,,,Kitgum,,Lamwo,,Padibe East,,Alaa,Africa/Kampala,UTC +3.0 ,3.43358758758151,32.8746075799636
Uganda,Uganda,UG,,,Kitgum,,Lamwo,,Padibe East,,Katum,Africa/Kampala,UTC +3.0 ,3.56050790699961,32.8147237481672
Uganda,Uganda,UG,,,Kitgum,,Lamwo,,Padibe East,,Kuluye,Africa/Kampala,UTC +3.0 ,3.5009842674623,32.830692008686
Uganda,Uganda,UG,,,Kitgum,,Lamwo,,Padibe East,,Wangtit,Africa/Kampala,UTC +3.0 ,3.49422760714504,32.8657213942564
Uganda,Uganda,UG,,,Kitgum,,Lamwo,,Padibe West,,Abakadyak,Africa/Kampala,UTC +3.0 ,3.51524736564993,32.7634451630674
Uganda,Uganda,UG,,,Kitgum,,Lamwo,,Padibe West,,Lagwel,Africa/Kampala,UTC +3.0 ,3.42400587345947,32.8270840179076
Uganda,Uganda,UG,,,Kitgum,,Lamwo,,Padibe West,,Madi-Kiloc,Africa/Kampala,UTC +3.0 ,3.41651813808545,32.7563715051759
Uganda,Uganda,UG,,,Kitgum,,Lamwo,,Padibe West,,Ywaya,Africa/Kampala,UTC +3.0 ,3.47015799694786,32.7613857218885
Uganda,Uganda,UG,,,Kitgum,,Lamwo,,Palabek Gem,,Anaka,Africa/Kampala,UTC +3.0 ,3.30400401690143,32.5257381767191
Uganda,Uganda,UG,,,Kitgum,,Lamwo,,Palabek Gem,,Cubu,Africa/Kampala,UTC +3.0 ,3.23055434618927,32.6389909703591
Uganda,Uganda,UG,,,Kitgum,,Lamwo,,Palabek Gem,,Gem,Africa/Kampala,UTC +3.0 ,3.30484691284269,32.6017437741166
Uganda,Uganda,UG,,,Kitgum,,Lamwo,,Palabek Gem,,Moroto,Africa/Kampala,UTC +3.0 ,3.36020605997245,32.6827033396625
Uganda,Uganda,UG,,,Kitgum,,Lamwo,,Palabek Gem,,Patanga,Africa/Kampala,UTC +3.0 ,3.41654364265012,32.6401106099392
Uganda,Uganda,UG,,,Kitgum,,Lamwo,,Palabek Kal,,Ayuu Alali,Africa/Kampala,UTC +3.0 ,3.6369291874439,32.5258593882427
Uganda,Uganda,UG,,,Kitgum,,Lamwo,,Palabek Kal,,Kal,Africa/Kampala,UTC +3.0 ,3.49728769386205,32.5533248614688
Uganda,Uganda,UG,,,Kitgum,,Lamwo,,Palabek Kal,,Labigiryang,Africa/Kampala,UTC +3.0 ,3.41545425621377,32.5372068178656
Uganda,Uganda,UG,,,Kitgum,,Lamwo,,Palabek Kal,,Lamwo,Africa/Kampala,UTC +3.0 ,3.49292975639472,32.6516627139144
Uganda,Uganda,UG,,,Kitgum,,Lamwo,,Paloga,,Bungu,Africa/Kampala,UTC +3.0 ,3.52082624304552,32.9575479579274
Uganda,Uganda,UG,,,Kitgum,,Lamwo,,Paloga,,Lamwo Fr,Africa/Kampala,UTC +3.0 ,3.66259203512083,32.8910667509371
Uganda,Uganda,UG,,,Kitgum,,Lamwo,,Paloga,,Paluga,Africa/Kampala,UTC +3.0 ,3.59506695702178,32.8803028101891
Uganda,Uganda,UG,,,Kitgum,,Lamwo,,Paloga,,Pawaja,Africa/Kampala,UTC +3.0 ,3.64139508577268,32.9513572972411
Uganda,Uganda,UG,,,Kitgum,,Lamwo,,Parabek Ogili,,Apyeta,Africa/Kampala,UTC +3.0 ,3.38274592929717,32.3570106334434
Uganda,Uganda,UG,,,Kitgum,,Lamwo,,Parabek Ogili,,Lugwar,Africa/Kampala,UTC +3.0 ,3.39481724432413,32.477774151286
Uganda,Uganda,UG,,,Kitgum,,Lamwo,,Parabek Ogili,,Padwat,Africa/Kampala,UTC +3.0 ,3.51760201687327,32.3307187646833
Uganda,Uganda,UG,,,Kitgum,,Lamwo,,Parabek Ogili,,Paracele,Africa/Kampala,UTC +3.0 ,3.61364394971359,32.3957524152702
Uganda,Uganda,UG,,,Kotido,,Dodoth,,Kaabong,,Lobongia,Africa/Kampala,UTC +3.0 ,3.50916686512143,34.1676581272922
Uganda,Uganda,UG,,,Kotido,,Dodoth,,Kaabong,,Lokerui,Africa/Kampala,UTC +3.0 ,3.58593180851047,34.0621707886825
Uganda,Uganda,UG,,,Kotido,,Dodoth,,Kaabong,,Lokolia,Africa/Kampala,UTC +3.0 ,3.59099393428948,34.1808999072892
Uganda,Uganda,UG,,,Kotido,,Dodoth,,Kaabong,,Lomeris/Kabong,Africa/Kampala,UTC +3.0 ,3.54883855537342,34.0730004547632
Uganda,Uganda,UG,,,Kotido,,Dodoth,,Kaabong,,Losongolo,Africa/Kampala,UTC +3.0 ,3.5722648883962,34.1355163243085
Uganda,Uganda,UG,,,Kotido,,Dodoth,,Kaabong T.C.,,Biafra,Africa/Kampala,UTC +3.0 ,3.50789901156958,34.1355491966202
Uganda,Uganda,UG,,,Kotido,,Dodoth,,Kaabong T.C.,,Central,Africa/Kampala,UTC +3.0 ,3.5159313881664,34.1325336029587
Uganda,Uganda,UG,,,Kotido,,Dodoth,,Kaabong T.C.,,Kampswahili,Africa/Kampala,UTC +3.0 ,3.51521269865448,34.1453484013247
Uganda,Uganda,UG,,,Kotido,,Dodoth,,Kaabong T.C.,,Kapilan Bar,Africa/Kampala,UTC +3.0 ,3.52313218230631,34.1385309493383
Uganda,Uganda,UG,,,Kotido,,Dodoth,,Kaabong T.C.,,Kololo Kraals,Africa/Kampala,UTC +3.0 ,3.53443659226487,34.1394177476613
Uganda,Uganda,UG,,,Kotido,,Dodoth,,Kaabong T.C.,,Komuria,Africa/Kampala,UTC +3.0 ,3.53804893398304,34.1238358605006
Uganda,Uganda,UG,,,Kotido,,Dodoth,,Kaabong T.C.,,Loputuk,Africa/Kampala,UTC +3.0 ,3.52715172538236,34.1252590803391
Uganda,Uganda,UG,,,Kotido,,Dodoth,,Kalapata,,Kamion,Africa/Kampala,UTC +3.0 ,3.74860943386961,34.2265645035737
Uganda,Uganda,UG,,,Kotido,,Dodoth,,Kalapata,,Kapalata,Africa/Kampala,UTC +3.0 ,3.67859799247829,34.2397450031054
Uganda,Uganda,UG,,,Kotido,,Dodoth,,Kalapata,,Lokwakaramoe,Africa/Kampala,UTC +3.0 ,3.78489641427304,34.1621549956589
Uganda,Uganda,UG,,,Kotido,,Dodoth,,Kalapata,,Lotim,Africa/Kampala,UTC +3.0 ,3.66374663202437,34.1472729725956
Uganda,Uganda,UG,,,Kotido,,Dodoth,,Kalapata,,Moroto,Africa/Kampala,UTC +3.0 ,3.62141789418727,34.2494051377035
Uganda,Uganda,UG,,,Kotido,,Dodoth,,Kalapata,,Morukori,Africa/Kampala,UTC +3.0 ,3.62340535912789,34.1599204146985
Uganda,Uganda,UG,,,Kotido,,Dodoth,,Kapedo,,Kapedo,Africa/Kampala,UTC +3.0 ,3.67310674955331,33.9364273157427
Uganda,Uganda,UG,,,Kotido,,Dodoth,,Kapedo,,Kawalakol,Africa/Kampala,UTC +3.0 ,3.72795196620148,33.896565570615
Uganda,Uganda,UG,,,Kotido,,Dodoth,,Kapedo,,Kocholo,Africa/Kampala,UTC +3.0 ,3.46807199782835,33.9170761350794
Uganda,Uganda,UG,,,Kotido,,Dodoth,,Kapedo,,Lokial,Africa/Kampala,UTC +3.0 ,3.58553331570477,33.8700785313496
Uganda,Uganda,UG,,,Kotido,,Dodoth,,Kapedo,,Sangar,Africa/Kampala,UTC +3.0 ,3.54682364502673,33.9421457717332
Uganda,Uganda,UG,,,Kotido,,Dodoth,,Karenga,,Karenga,Africa/Kampala,UTC +3.0 ,3.58175364420015,33.7534889441996
Uganda,Uganda,UG,,,Kotido,,Dodoth,,Karenga,,Lobalangit,Africa/Kampala,UTC +3.0 ,3.47555043774068,33.7695277641426
Uganda,Uganda,UG,,,Kotido,,Dodoth,,Karenga,,Lokori,Africa/Kampala,UTC +3.0 ,3.86227425726615,33.7751334967652
Uganda,Uganda,UG,,,Kotido,,Dodoth,,Karenga,,Loyoro Napore,Africa/Kampala,UTC +3.0 ,3.62800993461409,33.7128677766658
Uganda,Uganda,UG,,,Kotido,,Dodoth,,Karenga,,Pire,Africa/Kampala,UTC +3.0 ,3.50664747236336,33.6546692558843
Uganda,Uganda,UG,,,Kotido,,Dodoth,,Kathile,,Kamacharikol,Africa/Kampala,UTC +3.0 ,3.64459382141755,34.1049562839118
Uganda,Uganda,UG,,,Kotido,,Dodoth,,Kathile,,Kathile,Africa/Kampala,UTC +3.0 ,3.78117410941075,34.0846240833316
Uganda,Uganda,UG,,,Kotido,,Dodoth,,Kathile,,Narengepak,Africa/Kampala,UTC +3.0 ,3.96811023168042,34.0223004916031
Uganda,Uganda,UG,,,Kotido,,Dodoth,,Kathile,,Nariamaoi,Africa/Kampala,UTC +3.0 ,3.6389561637723,34.0130712000977
Uganda,Uganda,UG,,,Kotido,,Dodoth,,Lolelia,,Kaimese,Africa/Kampala,UTC +3.0 ,3.41171895338897,33.9069907225629
Uganda,Uganda,UG,,,Kotido,,Dodoth,,Lolelia,,Lolelia,Africa/Kampala,UTC +3.0 ,3.36094468843082,33.9260048720592
Uganda,Uganda,UG,,,Kotido,,Dodoth,,Lolelia,,Loteteleit,Africa/Kampala,UTC +3.0 ,3.30114292852413,33.9611162061832
Uganda,Uganda,UG,,,Kotido,,Dodoth,,Loyoro,,Lodiko,Africa/Kampala,UTC +3.0 ,3.64357172982108,34.3303912860383
Uganda,Uganda,UG,,,Kotido,,Dodoth,,Loyoro,,Lokayana,Africa/Kampala,UTC +3.0 ,3.45433959962692,34.2289763553567
Uganda,Uganda,UG,,,Kotido,,Dodoth,,Loyoro,,Lomerima,Africa/Kampala,UTC +3.0 ,3.43713376945219,34.3490155612485
Uganda,Uganda,UG,,,Kotido,,Dodoth,,Loyoro,,Teuso. Lopedo,Africa/Kampala,UTC +3.0 ,3.57373796613723,34.3509169216977
Uganda,Uganda,UG,,,Kotido,,Dodoth,,Loyoro,,Toroi,Africa/Kampala,UTC +3.0 ,3.22491465276769,34.3190368335693
Uganda,Uganda,UG,,,Kotido,,Dodoth,,Sidok,,Kakamar,Africa/Kampala,UTC +3.0 ,3.48973907845893,34.0530005456168
Uganda,Uganda,UG,,,Kotido,,Dodoth,,Sidok,,Kathimeri,Africa/Kampala,UTC +3.0 ,3.42513687038288,34.1088406350571
Uganda,Uganda,UG,,,Kotido,,Dodoth,,Sidok,,Longaro,Africa/Kampala,UTC +3.0 ,3.31757914053971,34.0778258579214
Uganda,Uganda,UG,,,Kotido,,Jie,,Kacheri,,Ha,Africa/Kampala,UTC +3.0 ,3.1673873687053,33.7672060199975
Uganda,Uganda,UG,,,Kotido,,Jie,,Kacheri,,Kacheri,Africa/Kampala,UTC +3.0 ,3.22504508017326,33.9112273989113
Uganda,Uganda,UG,,,Kotido,,Jie,,Kacheri,,Lokiding,Africa/Kampala,UTC +3.0 ,3.148610006533,33.9794676477527
Uganda,Uganda,UG,,,Kotido,,Jie,,Kotido,,Kanawat,Africa/Kampala,UTC +3.0 ,2.96862929433592,34.0572238238089
Uganda,Uganda,UG,,,Kotido,,Jie,,Kotido,,Lokitelaebu,Africa/Kampala,UTC +3.0 ,2.91923756460519,33.943182698774
Uganda,Uganda,UG,,,Kotido,,Jie,,Kotido,,Losilang,Africa/Kampala,UTC +3.0 ,3.11365931055705,34.1606726345679
Uganda,Uganda,UG,,,Kotido,,Jie,,Kotido T.C.,,Kotido Central,Africa/Kampala,UTC +3.0 ,3.00919667828792,34.112643710871
Uganda,Uganda,UG,,,Kotido,,Jie,,Kotido T.C.,,Kotido East,Africa/Kampala,UTC +3.0 ,3.00013426295711,34.1203704967896
Uganda,Uganda,UG,,,Kotido,,Jie,,Kotido T.C.,,Kotido North,Africa/Kampala,UTC +3.0 ,3.02468884929562,34.122075609619
Uganda,Uganda,UG,,,Kotido,,Jie,,Kotido T.C.,,Kotido West,Africa/Kampala,UTC +3.0 ,2.9890789493537,34.1045592722718
Uganda,Uganda,UG,,,Kotido,,Jie,,Kotido T.C.,,Narikapet,Africa/Kampala,UTC +3.0 ,3.01593426290651,34.1083564928268
Uganda,Uganda,UG,,,Kotido,,Jie,,Nakaperimoru,,Lookorok,Africa/Kampala,UTC +3.0 ,3.03153841865737,34.1712836129138
Uganda,Uganda,UG,,,Kotido,,Jie,,Nakaperimoru,,Potongor /Kadocha,Africa/Kampala,UTC +3.0 ,2.94028141865282,34.2485199404836
Uganda,Uganda,UG,,,Kotido,,Jie,,Nakaperimoru,,Watakao,Africa/Kampala,UTC +3.0 ,3.04615636262238,34.2793724367062
Uganda,Uganda,UG,,,Kotido,,Jie,,Panyangara,,Kamoru,Africa/Kampala,UTC +3.0 ,2.77029126497231,33.9848874948391
Uganda,Uganda,UG,,,Kotido,,Jie,,Panyangara,,Loletio,Africa/Kampala,UTC +3.0 ,2.97694068510573,34.151775163476
Uganda,Uganda,UG,,,Kotido,,Jie,,Panyangara,,Lopotha,Africa/Kampala,UTC +3.0 ,2.83693258765938,34.1071659739494
Uganda,Uganda,UG,,,Kotido,,Jie,,Panyangara,,Rikitae,Africa/Kampala,UTC +3.0 ,2.83808254453154,34.2060000353883
Uganda,Uganda,UG,,,Kotido,,Jie,,Rengen,,Kotyang,Africa/Kampala,UTC +3.0 ,3.03311155017393,34.0720951183238
Uganda,Uganda,UG,,,Kotido,,Jie,,Rengen,,Lokadeli,Africa/Kampala,UTC +3.0 ,3.15510491552196,34.0994848445627
Uganda,Uganda,UG,,,Kotido,,Jie,,Rengen,,Lopuyo,Africa/Kampala,UTC +3.0 ,3.16569006835184,34.0362785620913
Uganda,Uganda,UG,,,Kotido,,Jie,,Rengen,,Nakwakwa,Africa/Kampala,UTC +3.0 ,3.04686686634799,33.9861124374327
Uganda,Uganda,UG,,,Kotido,,Jie,,Rengen,,Naponga,Africa/Kampala,UTC +3.0 ,3.05683867049149,34.0314106682867
Uganda,Uganda,UG,,,Kotido,,Labwor,,Abim,,Atunga,Africa/Kampala,UTC +3.0 ,2.77866088517585,33.6636601553696
Uganda,Uganda,UG,,,Kotido,,Labwor,,Abim,,Kalakala,Africa/Kampala,UTC +3.0 ,2.67117070872312,33.6544862653918
Uganda,Uganda,UG,,,Kotido,,Labwor,,Abim,,Kanu,Africa/Kampala,UTC +3.0 ,2.72892341228471,33.5966725064453
Uganda,Uganda,UG,,,Kotido,,Labwor,,Abim,,Kiru,Africa/Kampala,UTC +3.0 ,2.60448949672077,33.6567999935182
Uganda,Uganda,UG,,,Kotido,,Labwor,,Abim,,Wiawer,Africa/Kampala,UTC +3.0 ,2.71545371648432,33.6636878930627
Uganda,Uganda,UG,,,Kotido,,Labwor,,Alerek,,Koya,Africa/Kampala,UTC +3.0 ,2.73241969442577,33.7879045546082
Uganda,Uganda,UG,,,Kotido,,Labwor,,Alerek,,Loyoroit,Africa/Kampala,UTC +3.0 ,2.94409521497718,33.7023361722217
Uganda,Uganda,UG,,,Kotido,,Labwor,,Alerek,,Otumpili,Africa/Kampala,UTC +3.0 ,2.79193239320983,33.7792795027151
Uganda,Uganda,UG,,,Kotido,,Labwor,,Alerek,,Wilela,Africa/Kampala,UTC +3.0 ,2.66946857785687,33.7728836005835
Uganda,Uganda,UG,,,Kotido,,Labwor,,Lotukei,,Achangali,Africa/Kampala,UTC +3.0 ,2.55570851082624,33.581528464825
Uganda,Uganda,UG,,,Kotido,,Labwor,,Lotukei,,Awach,Africa/Kampala,UTC +3.0 ,2.64986486661731,33.5915246603303
Uganda,Uganda,UG,,,Kotido,,Labwor,,Lotukei,,Oporoth,Africa/Kampala,UTC +3.0 ,2.6111787634485,33.5619725133573
Uganda,Uganda,UG,,,Kotido,,Labwor,,Lotukei,,Orwamuge,Africa/Kampala,UTC +3.0 ,2.51720836946858,33.6385894283847
Uganda,Uganda,UG,,,Kotido,,Labwor,,Morulem,,Adea,Africa/Kampala,UTC +3.0 ,2.52049502652496,33.6875131967628
Uganda,Uganda,UG,,,Kotido,,Labwor,,Morulem,,Angolebwal,Africa/Kampala,UTC +3.0 ,2.59662911997311,33.8053307447081
Uganda,Uganda,UG,,,Kotido,,Labwor,,Morulem,,Aremo,Africa/Kampala,UTC +3.0 ,2.58943079606355,33.7631125983917
Uganda,Uganda,UG,,,Kotido,,Labwor,,Morulem,,Katabok,Africa/Kampala,UTC +3.0 ,2.57390139910428,33.723020765571
Uganda,Uganda,UG,,,Kotido,,Labwor,,Nyakwae,,Opopongo,Africa/Kampala,UTC +3.0 ,2.60673531054341,33.8952547280085
Uganda,Uganda,UG,,,Kotido,,Labwor,,Nyakwae,,Oreta,Africa/Kampala,UTC +3.0 ,2.52004120213448,33.9024459833312
Uganda,Uganda,UG,,,Kotido,,Labwor,,Nyakwae,,Pupukamuya,Africa/Kampala,UTC +3.0 ,2.54017830169129,33.8185098337261
Uganda,Uganda,UG,,,Kotido,,Labwor,,Nyakwae,,Rogom,Africa/Kampala,UTC +3.0 ,2.52911718392411,33.9745460624204
Uganda,Uganda,UG,,,Kumi,,Bukedea,,Bukedea,,Akero,Africa/Kampala,UTC +3.0 ,1.32072574290453,34.1163013522624
Uganda,Uganda,UG,,,Kumi,,Bukedea,,Bukedea,,Akuoro,Africa/Kampala,UTC +3.0 ,1.3461506266796,34.1078043108393
Uganda,Uganda,UG,,,Kumi,,Bukedea,,Bukedea,,Emokori,Africa/Kampala,UTC +3.0 ,1.3482038720808,34.0504356134185
Uganda,Uganda,UG,,,Kumi,,Bukedea,,Bukedea,,Kachabule,Africa/Kampala,UTC +3.0 ,1.35347693892437,34.0348883955244
Uganda,Uganda,UG,,,Kumi,,Bukedea,,Bukedea,,Kakere,Africa/Kampala,UTC +3.0 ,1.31934380718779,34.0382095213863
Uganda,Uganda,UG,,,Kumi,,Bukedea,,Bukedea,,Kaloko,Africa/Kampala,UTC +3.0 ,1.39678707726794,34.0555482880972
Uganda,Uganda,UG,,,Kumi,,Bukedea,,Bukedea,,Kamon,Africa/Kampala,UTC +3.0 ,1.32954060843205,34.0741497500241
Uganda,Uganda,UG,,,Kumi,,Bukedea,,Bukedea,,Kasoka,Africa/Kampala,UTC +3.0 ,1.36903213479603,34.0722365191286
Uganda,Uganda,UG,,,Kumi,,Bukedea,,Bukedea,,Kide,Africa/Kampala,UTC +3.0 ,1.35405838404401,34.0447941805428
Uganda,Uganda,UG,,,Kumi,,Bukedea,,Bukedea,,Kocheka,Africa/Kampala,UTC +3.0 ,1.27569630189701,34.0511525193409
Uganda,Uganda,UG,,,Kumi,,Bukedea,,Bukedea,,Kokolotum,Africa/Kampala,UTC +3.0 ,1.29756851734124,34.0226895774101
Uganda,Uganda,UG,,,Kumi,,Bukedea,,Bukedea,,Kokutu,Africa/Kampala,UTC +3.0 ,1.31379915573531,34.0927785250396
Uganda,Uganda,UG,,,Kumi,,Bukedea,,Bukedea,,Okunguro,Africa/Kampala,UTC +3.0 ,1.38674673777707,34.031410735444
Uganda,Uganda,UG,,,Kumi,,Bukedea,,Bukedea,,Suula,Africa/Kampala,UTC +3.0 ,1.28028763118529,34.0793371808565
Uganda,Uganda,UG,,,Kumi,,Bukedea,,Bukedea,,Too Ward,Africa/Kampala,UTC +3.0 ,1.34313346171402,34.0455536857845
Uganda,Uganda,UG,,,Kumi,,Bukedea,,Kachumbala,,Aligoi,Africa/Kampala,UTC +3.0 ,1.23295003003471,34.1570964741693
Uganda,Uganda,UG,,,Kumi,,Bukedea,,Kachumbala,,Amus,Africa/Kampala,UTC +3.0 ,1.17474033584617,34.1677790222297
Uganda,Uganda,UG,,,Kumi,,Bukedea,,Kachumbala,,Kabwalin,Africa/Kampala,UTC +3.0 ,1.19351718081291,34.1423927269289
Uganda,Uganda,UG,,,Kumi,,Bukedea,,Kachumbala,,Kachaboi,Africa/Kampala,UTC +3.0 ,1.25649986216948,34.0836226691961
Uganda,Uganda,UG,,,Kumi,,Bukedea,,Kachumbala,,Kachumbala,Africa/Kampala,UTC +3.0 ,1.24426825801819,34.1083626673798
Uganda,Uganda,UG,,,Kumi,,Bukedea,,Kachumbala,,Kachuru,Africa/Kampala,UTC +3.0 ,1.17676270045791,34.1387046829009
Uganda,Uganda,UG,,,Kumi,,Bukedea,,Kachumbala,,Kapaang,Africa/Kampala,UTC +3.0 ,1.28133423569389,34.1131210283159
Uganda,Uganda,UG,,,Kumi,,Bukedea,,Kachumbala,,Kapuyan,Africa/Kampala,UTC +3.0 ,1.20299294667303,34.1803063568259
Uganda,Uganda,UG,,,Kumi,,Bukedea,,Kachumbala,,Kawo,Africa/Kampala,UTC +3.0 ,1.24109226823044,34.0812390245061
Uganda,Uganda,UG,,,Kumi,,Bukedea,,Kachumbala,,Komuge,Africa/Kampala,UTC +3.0 ,1.21175997468736,34.0778579859042
Uganda,Uganda,UG,,,Kumi,,Bukedea,,Kachumbala,,Kongatuny,Africa/Kampala,UTC +3.0 ,1.25287484118834,34.1434860939079
Uganda,Uganda,UG,,,Kumi,,Bukedea,,Kachumbala,,Kongoidi,Africa/Kampala,UTC +3.0 ,1.20203180071899,34.1154551258421
Uganda,Uganda,UG,,,Kumi,,Bukedea,,Kachumbala,,Kongunga,Africa/Kampala,UTC +3.0 ,1.21925687897424,34.1370436402113
Uganda,Uganda,UG,,,Kumi,,Bukedea,,Kachumbala,,Kotia,Africa/Kampala,UTC +3.0 ,1.22418077781973,34.1819050678029
Uganda,Uganda,UG,,,Kumi,,Bukedea,,Kachumbala,,Koutulai,Africa/Kampala,UTC +3.0 ,1.21731005585604,34.0570336406819
Uganda,Uganda,UG,,,Kumi,,Bukedea,,Kachumbala,,Kwarikwar,Africa/Kampala,UTC +3.0 ,1.18701605334684,34.1773183168681
Uganda,Uganda,UG,,,Kumi,,Bukedea,,Kachumbala,,Nalugai,Africa/Kampala,UTC +3.0 ,1.20608274015817,34.1633780820781
Uganda,Uganda,UG,,,Kumi,,Bukedea,,Kachumbala,,Ongaara,Africa/Kampala,UTC +3.0 ,1.23869880906667,34.0585451147916
Uganda,Uganda,UG,,,Kumi,,Bukedea,,Kachumbala,,Otimonga,Africa/Kampala,UTC +3.0 ,1.20119068091254,34.0972753659807
Uganda,Uganda,UG,,,Kumi,,Bukedea,,Kidongole,,Chodong,Africa/Kampala,UTC +3.0 ,1.28550029093529,34.0040560827094
Uganda,Uganda,UG,,,Kumi,,Bukedea,,Kidongole,,Kajamaka,Africa/Kampala,UTC +3.0 ,1.23905871706231,33.9822312576698
Uganda,Uganda,UG,,,Kumi,,Bukedea,,Kidongole,,Kalupo,Africa/Kampala,UTC +3.0 ,1.24627760526893,33.9453341886613
Uganda,Uganda,UG,,,Kumi,,Bukedea,,Kidongole,,Kanyamutamu,Africa/Kampala,UTC +3.0 ,1.26875715643102,33.95131473179
Uganda,Uganda,UG,,,Kumi,,Bukedea,,Kidongole,,Katekwan,Africa/Kampala,UTC +3.0 ,1.22707929277315,34.0084416902759
Uganda,Uganda,UG,,,Kumi,,Bukedea,,Kidongole,,Kawo,Africa/Kampala,UTC +3.0 ,1.25244209553368,34.0170781120541
Uganda,Uganda,UG,,,Kumi,,Bukedea,,Kidongole,,Kidongole,Africa/Kampala,UTC +3.0 ,1.27213773052609,33.9809970286939
Uganda,Uganda,UG,,,Kumi,,Bukedea,,Kidongole,,Koena,Africa/Kampala,UTC +3.0 ,1.23124489174699,34.0316610779031
Uganda,Uganda,UG,,,Kumi,,Bukedea,,Kolir,,Abileap,Africa/Kampala,UTC +3.0 ,1.36010510989205,34.1426313437508
Uganda,Uganda,UG,,,Kumi,,Bukedea,,Kolir,,Aminit,Africa/Kampala,UTC +3.0 ,1.27722463075204,34.1999152652573
Uganda,Uganda,UG,,,Kumi,,Bukedea,,Kolir,,Apopong,Africa/Kampala,UTC +3.0 ,1.29068509879659,34.1644973821766
Uganda,Uganda,UG,,,Kumi,,Bukedea,,Kolir,,Kanyipa,Africa/Kampala,UTC +3.0 ,1.31177694284754,34.1366022776429
Uganda,Uganda,UG,,,Kumi,,Bukedea,,Kolir,,Kolir,Africa/Kampala,UTC +3.0 ,1.32280020995991,34.1655074666568
Uganda,Uganda,UG,,,Kumi,,Bukedea,,Kolir,,Komongomeri,Africa/Kampala,UTC +3.0 ,1.38724719943121,34.2181757347138
Uganda,Uganda,UG,,,Kumi,,Bukedea,,Kolir,,Miroi,Africa/Kampala,UTC +3.0 ,1.27914063144561,34.143893854422
Uganda,Uganda,UG,,,Kumi,,Bukedea,,Malera,,Kabarwa,Africa/Kampala,UTC +3.0 ,1.4394440433048,34.1588085284264
Uganda,Uganda,UG,,,Kumi,,Bukedea,,Malera,,Kachede,Africa/Kampala,UTC +3.0 ,1.39442534368204,34.095270937749
Uganda,Uganda,UG,,,Kumi,,Bukedea,,Malera,,Kachonga,Africa/Kampala,UTC +3.0 ,1.45398013948256,34.1055662176222
Uganda,Uganda,UG,,,Kumi,,Bukedea,,Malera,,Kakori,Africa/Kampala,UTC +3.0 ,1.42403297963897,34.1245013562597
Uganda,Uganda,UG,,,Kumi,,Bukedea,,Malera,,Kakutut,Africa/Kampala,UTC +3.0 ,1.47596059556987,34.1428606436695
Uganda,Uganda,UG,,,Kumi,,Bukedea,,Malera,,Kalou,Africa/Kampala,UTC +3.0 ,1.37279361961138,34.1080561220368
Uganda,Uganda,UG,,,Kumi,,Bukedea,,Malera,,Kangole,Africa/Kampala,UTC +3.0 ,1.53388455225808,34.1722926259942
Uganda,Uganda,UG,,,Kumi,,Bukedea,,Malera,,Kobaale,Africa/Kampala,UTC +3.0 ,1.45976157534019,34.1809151936392
Uganda,Uganda,UG,,,Kumi,,Bukedea,,Malera,,Kococ,Africa/Kampala,UTC +3.0 ,1.46659800674877,34.0436464502701
Uganda,Uganda,UG,,,Kumi,,Bukedea,,Malera,,Kodike,Africa/Kampala,UTC +3.0 ,1.40904428972675,34.1680520699563
Uganda,Uganda,UG,,,Kumi,,Bukedea,,Malera,,Koreng,Africa/Kampala,UTC +3.0 ,1.49604009793951,34.0896581225661
Uganda,Uganda,UG,,,Kumi,,Bukedea,,Malera,,Kotiokot,Africa/Kampala,UTC +3.0 ,1.39709849526345,34.1375322366468
Uganda,Uganda,UG,,,Kumi,,Bukedea,,Malera,,Malera,Africa/Kampala,UTC +3.0 ,1.434847919787,34.0730261643644
Uganda,Uganda,UG,,,Kumi,,Bukedea,,Malera,,Okouba,Africa/Kampala,UTC +3.0 ,1.42592219018991,34.03431147041
Uganda,Uganda,UG,,,Kumi,,Kumi,,Atutur,,Abubur,Africa/Kampala,UTC +3.0 ,1.45231035484329,33.9498463669638
Uganda,Uganda,UG,,,Kumi,,Kumi,,Atutur,,Akalabai,Africa/Kampala,UTC +3.0 ,1.40726998688359,33.9795868491885
Uganda,Uganda,UG,,,Kumi,,Kumi,,Atutur,,Akubui,Africa/Kampala,UTC +3.0 ,1.42549085514604,33.9048683390253
Uganda,Uganda,UG,,,Kumi,,Kumi,,Atutur,,Apapai,Africa/Kampala,UTC +3.0 ,1.42764329018589,34.0096431486318
Uganda,Uganda,UG,,,Kumi,,Kumi,,Atutur,,Aputon,Africa/Kampala,UTC +3.0 ,1.43405986799872,33.9196128083579
Uganda,Uganda,UG,,,Kumi,,Kumi,,Atutur,,Ariet,Africa/Kampala,UTC +3.0 ,1.45700302489251,33.9842303359483
Uganda,Uganda,UG,,,Kumi,,Kumi,,Atutur,,Aterai,Africa/Kampala,UTC +3.0 ,1.43555185524466,33.9338803047932
Uganda,Uganda,UG,,,Kumi,,Kumi,,Atutur,,Atutur,Africa/Kampala,UTC +3.0 ,1.42452809527672,33.9891961724438
Uganda,Uganda,UG,,,Kumi,,Kumi,,Atutur,,Kapokin,Africa/Kampala,UTC +3.0 ,1.37390174061714,34.0016685541812
Uganda,Uganda,UG,,,Kumi,,Kumi,,Atutur,,Kelim,Africa/Kampala,UTC +3.0 ,1.48069682543196,33.9670666276633
Uganda,Uganda,UG,,,Kumi,,Kumi,,Kanyum,,Ajuket,Africa/Kampala,UTC +3.0 ,1.38033972096997,33.9594464822326
Uganda,Uganda,UG,,,Kumi,,Kumi,,Kanyum,,Akisim,Africa/Kampala,UTC +3.0 ,1.3828509467388,33.8523742333293
Uganda,Uganda,UG,,,Kumi,,Kumi,,Kanyum,,Ariet,Africa/Kampala,UTC +3.0 ,1.39617386062246,33.8878260559223
Uganda,Uganda,UG,,,Kumi,,Kumi,,Kanyum,,Kacha,Africa/Kampala,UTC +3.0 ,1.35325734646627,33.9185098119769
Uganda,Uganda,UG,,,Kumi,,Kumi,,Kanyum,,Kajamaka,Africa/Kampala,UTC +3.0 ,1.41337211373172,33.9497288224259
Uganda,Uganda,UG,,,Kumi,,Kumi,,Kanyum,,Kamacha,Africa/Kampala,UTC +3.0 ,1.3370232818682,33.9581974193876
Uganda,Uganda,UG,,,Kumi,,Kumi,,Kanyum,,Kanyum,Africa/Kampala,UTC +3.0 ,1.37732050110403,33.9346451780411
Uganda,Uganda,UG,,,Kumi,,Kumi,,Kanyum,,Katilekori,Africa/Kampala,UTC +3.0 ,1.32761886018223,33.9965661830846
Uganda,Uganda,UG,,,Kumi,,Kumi,,Kanyum,,Kogili,Africa/Kampala,UTC +3.0 ,1.36219494410183,33.9095753052182
Uganda,Uganda,UG,,,Kumi,,Kumi,,Kanyum,,Ojie,Africa/Kampala,UTC +3.0 ,1.35076304051853,33.9859282708089
Uganda,Uganda,UG,,,Kumi,,Kumi,,Kanyum,,Okeito,Africa/Kampala,UTC +3.0 ,1.4035485585388,33.9189871816453
Uganda,Uganda,UG,,,Kumi,,Kumi,,Kanyum,,Olimai,Africa/Kampala,UTC +3.0 ,1.36630031081938,33.8945070877176
Uganda,Uganda,UG,,,Kumi,,Kumi,,Kanyum,,Olumot,Africa/Kampala,UTC +3.0 ,1.30999443926421,33.9712089254679
Uganda,Uganda,UG,,,Kumi,,Kumi,,Kanyum,,Omurang,Africa/Kampala,UTC +3.0 ,1.36375962094001,33.8682953958177
Uganda,Uganda,UG,,,Kumi,,Kumi,,Kumi,,Agolitom,Africa/Kampala,UTC +3.0 ,1.60441013217039,33.9374165784125
Uganda,Uganda,UG,,,Kumi,,Kumi,,Kumi,,Agule,Africa/Kampala,UTC +3.0 ,1.61814450298583,33.9106734503215
Uganda,Uganda,UG,,,Kumi,,Kumi,,Kumi,,Amejei,Africa/Kampala,UTC +3.0 ,1.52040118815206,33.8912533383512
Uganda,Uganda,UG,,,Kumi,,Kumi,,Kumi,,Asinge,Africa/Kampala,UTC +3.0 ,1.56276908917091,33.8922187109299
Uganda,Uganda,UG,,,Kumi,,Kumi,,Kumi,,Kabata,Africa/Kampala,UTC +3.0 ,1.50088710969805,33.9060055104765
Uganda,Uganda,UG,,,Kumi,,Kumi,,Kumi,,Kumi,Africa/Kampala,UTC +3.0 ,1.50337012114832,33.9512489889959
Uganda,Uganda,UG,,,Kumi,,Kumi,,Kumi,,Okouba,Africa/Kampala,UTC +3.0 ,1.53228635307135,33.9267095745444
Uganda,Uganda,UG,,,Kumi,,Kumi,,Kumi,,Olungia,Africa/Kampala,UTC +3.0 ,1.47102231000687,33.9203065118379
Uganda,Uganda,UG,,,Kumi,,Kumi,,Kumi,,Olupe,Africa/Kampala,UTC +3.0 ,1.53382206509488,33.8771767684339
Uganda,Uganda,UG,,,Kumi,,Kumi,,Kumi,,Omatenga,Africa/Kampala,UTC +3.0 ,1.56405670057592,33.925940430365
Uganda,Uganda,UG,,,Kumi,,Kumi,,Kumi,,Omolokonyo,Africa/Kampala,UTC +3.0 ,1.52494821644574,33.9504516363594
Uganda,Uganda,UG,,,Kumi,,Kumi,,Kumi,,Oogoria,Africa/Kampala,UTC +3.0 ,1.56854861803243,33.9068626483262
Uganda,Uganda,UG,,,Kumi,,Kumi,,Kumi,,Otipe,Africa/Kampala,UTC +3.0 ,1.45094266280069,33.9112415644508
Uganda,Uganda,UG,,,Kumi,,Kumi,,Kumi Tc,,Bazaar,Africa/Kampala,UTC +3.0 ,1.49448031416791,33.9238642925585
Uganda,Uganda,UG,,,Kumi,,Kumi,,Kumi Tc,,Boma,Africa/Kampala,UTC +3.0 ,1.49080012618223,33.9453918558473
Uganda,Uganda,UG,,,Kumi,,Kumi,,Kumi Tc,,Kanyum,Africa/Kampala,UTC +3.0 ,1.4837110893898,33.9235925051515
Uganda,Uganda,UG,,,Kumi,,Kumi,,Kumi Tc,,Tank,Africa/Kampala,UTC +3.0 ,1.48251336661118,33.9360195373578
Uganda,Uganda,UG,,,Kumi,,Kumi,,Mukongoro,,Agaria (Island),Africa/Kampala,UTC +3.0 ,1.35481798697392,33.7557122130606
Uganda,Uganda,UG,,,Kumi,,Kumi,,Mukongoro,,Akadot,Africa/Kampala,UTC +3.0 ,1.34515919830061,33.8169322737013
Uganda,Uganda,UG,,,Kumi,,Kumi,,Mukongoro,,Kabukol,Africa/Kampala,UTC +3.0 ,1.36455763772017,33.8295318424402
Uganda,Uganda,UG,,,Kumi,,Kumi,,Mukongoro,,Kachaboi,Africa/Kampala,UTC +3.0 ,1.35185324663941,33.7920418614544
Uganda,Uganda,UG,,,Kumi,,Kumi,,Mukongoro,,Kadami,Africa/Kampala,UTC +3.0 ,1.33368046849734,33.7942687593645
Uganda,Uganda,UG,,,Kumi,,Kumi,,Mukongoro,,Kaderin,Africa/Kampala,UTC +3.0 ,1.33314780210125,33.7596217274071
Uganda,Uganda,UG,,,Kumi,,Kumi,,Mukongoro,,Kajamaka,Africa/Kampala,UTC +3.0 ,1.32770069616156,33.8597097254416
Uganda,Uganda,UG,,,Kumi,,Kumi,,Mukongoro,,Kakures,Africa/Kampala,UTC +3.0 ,1.28308488430646,33.9060630943578
Uganda,Uganda,UG,,,Kumi,,Kumi,,Mukongoro,,Kodokoto,Africa/Kampala,UTC +3.0 ,1.29164766869667,33.9383800253674
Uganda,Uganda,UG,,,Kumi,,Kumi,,Mukongoro,,Mukongoro,Africa/Kampala,UTC +3.0 ,1.31584451854282,33.8857321394236
Uganda,Uganda,UG,,,Kumi,,Kumi,,Mukongoro,,Ogosoi,Africa/Kampala,UTC +3.0 ,1.32697836926091,33.83047628357
Uganda,Uganda,UG,,,Kumi,,Kumi,,Mukongoro,,Oladot,Africa/Kampala,UTC +3.0 ,1.28585315649874,33.8705870248363
Uganda,Uganda,UG,,,Kumi,,Kumi,,Mukongoro,,Oleico,Africa/Kampala,UTC +3.0 ,1.30264768873789,33.8485294395258
Uganda,Uganda,UG,,,Kumi,,Kumi,,Mukongoro,,Omerein,Africa/Kampala,UTC +3.0 ,1.32591546587247,33.9079638175022
Uganda,Uganda,UG,,,Kumi,,Kumi,,Mukongoro,,Onyakelo,Africa/Kampala,UTC +3.0 ,1.32382136301381,33.9325255117927
Uganda,Uganda,UG,,,Kumi,,Kumi,,Mukongoro,,Osopotoit,Africa/Kampala,UTC +3.0 ,1.35048705541099,33.851215077616
Uganda,Uganda,UG,,,Kumi,,Kumi,,Nyero,,Agurut,Africa/Kampala,UTC +3.0 ,1.4556408359263,33.8851800985412
Uganda,Uganda,UG,,,Kumi,,Kumi,,Nyero,,Aligoi,Africa/Kampala,UTC +3.0 ,1.3863349749453,33.8167507841303
Uganda,Uganda,UG,,,Kumi,,Kumi,,Nyero,,Ariet,Africa/Kampala,UTC +3.0 ,1.42924015424397,33.8740444512702
Uganda,Uganda,UG,,,Kumi,,Kumi,,Nyero,,Kalapata,Africa/Kampala,UTC +3.0 ,1.41704842519109,33.846335731297
Uganda,Uganda,UG,,,Kumi,,Kumi,,Nyero,,Kamenya,Africa/Kampala,UTC +3.0 ,1.40368706425226,33.8023091945075
Uganda,Uganda,UG,,,Kumi,,Kumi,,Nyero,,Kodike,Africa/Kampala,UTC +3.0 ,1.48962113324916,33.8537315409095
Uganda,Uganda,UG,,,Kumi,,Kumi,,Nyero,,Moruita,Africa/Kampala,UTC +3.0 ,1.4553751746539,33.84772198405
Uganda,Uganda,UG,,,Kumi,,Kumi,,Nyero,,Nyero,Africa/Kampala,UTC +3.0 ,1.48464777995363,33.8753945778701
Uganda,Uganda,UG,,,Kumi,,Kumi,,Nyero,,Odipai,Africa/Kampala,UTC +3.0 ,1.41105993242426,33.8249490367258
Uganda,Uganda,UG,,,Kumi,,Kumi,,Nyero,,Ogooma,Africa/Kampala,UTC +3.0 ,1.43830279989878,33.8194133417629
Uganda,Uganda,UG,,,Kumi,,Kumi,,Ongino,,Akide,Africa/Kampala,UTC +3.0 ,1.62260625466817,34.0487100532078
Uganda,Uganda,UG,,,Kumi,,Kumi,,Ongino,,Akum,Africa/Kampala,UTC +3.0 ,1.60121477812092,33.9878237529204
Uganda,Uganda,UG,,,Kumi,,Kumi,,Ongino,,Asingei,Africa/Kampala,UTC +3.0 ,1.61113805306424,34.188667559589
Uganda,Uganda,UG,,,Kumi,,Kumi,,Ongino,,Cheele,Africa/Kampala,UTC +3.0 ,1.557596934181,33.954495235781
Uganda,Uganda,UG,,,Kumi,,Kumi,,Ongino,,Kachaboi,Africa/Kampala,UTC +3.0 ,1.52753359529798,33.9872900929075
Uganda,Uganda,UG,,,Kumi,,Kumi,,Ongino,,Kachelakweny,Africa/Kampala,UTC +3.0 ,1.57833210001847,34.0681557615205
Uganda,Uganda,UG,,,Kumi,,Kumi,,Ongino,,Kanapa,Africa/Kampala,UTC +3.0 ,1.50752084532286,34.0287483197736
Uganda,Uganda,UG,,,Kumi,,Kumi,,Ongino,,Kapasak,Africa/Kampala,UTC +3.0 ,1.5489284307469,34.0285280134543
Uganda,Uganda,UG,,,Kumi,,Kumi,,Ongino,,Kapolin,Africa/Kampala,UTC +3.0 ,1.62227795930511,34.0119847900481
Uganda,Uganda,UG,,,Kumi,,Kumi,,Ongino,,Kodukul,Africa/Kampala,UTC +3.0 ,1.47049769028016,34.0066049775635
Uganda,Uganda,UG,,,Kumi,,Kumi,,Ongino,,Kongura,Africa/Kampala,UTC +3.0 ,1.48185312369144,34.0251931812035
Uganda,Uganda,UG,,,Kumi,,Kumi,,Ongino,,Morupeded,Africa/Kampala,UTC +3.0 ,1.50324126998119,33.9792831744551
Uganda,Uganda,UG,,,Kumi,,Kumi,,Ongino,,Obotia,Africa/Kampala,UTC +3.0 ,1.53751658766208,34.0710773259438
Uganda,Uganda,UG,,,Kumi,,Kumi,,Ongino,,Ongino,Africa/Kampala,UTC +3.0 ,1.5618153280248,34.0131051561896
Uganda,Uganda,UG,,,Kumi,,Kumi,,Ongino,,Oseera,Africa/Kampala,UTC +3.0 ,1.595927457701,33.9632224775658
Uganda,Uganda,UG,,,Kumi,,Kumi,,Ongino,,Tisai (Island),Africa/Kampala,UTC +3.0 ,1.61581703032602,34.1122596801015
Uganda,Uganda,UG,,,Kumi,,Ngora,,Kapir,,Abatai,Africa/Kampala,UTC +3.0 ,1.54178702162827,33.7327751420981
Uganda,Uganda,UG,,,Kumi,,Ngora,,Kapir,,Agirigiroi,Africa/Kampala,UTC +3.0 ,1.52605221284705,33.7746308443042
Uganda,Uganda,UG,,,Kumi,,Ngora,,Kapir,,Agule,Africa/Kampala,UTC +3.0 ,1.66327366023454,33.8164116588445
Uganda,Uganda,UG,,,Kumi,,Ngora,,Kapir,,Ajello,Africa/Kampala,UTC +3.0 ,1.58433837781782,33.7789342444076
Uganda,Uganda,UG,,,Kumi,,Ngora,,Kapir,,Ajesa,Africa/Kampala,UTC +3.0 ,1.61054819927135,33.7880739089945
Uganda,Uganda,UG,,,Kumi,,Ngora,,Kapir,,Ajuket,Africa/Kampala,UTC +3.0 ,1.5428828817627,33.7738441571494
Uganda,Uganda,UG,,,Kumi,,Ngora,,Kapir,,Akarukei,Africa/Kampala,UTC +3.0 ,1.63458573900104,33.7546330860062
Uganda,Uganda,UG,,,Kumi,,Ngora,,Kapir,,Akisim,Africa/Kampala,UTC +3.0 ,1.5678643934946,33.7928754844201
Uganda,Uganda,UG,,,Kumi,,Ngora,,Kapir,,Atapar,Africa/Kampala,UTC +3.0 ,1.59316458890402,33.7398961585481
Uganda,Uganda,UG,,,Kumi,,Ngora,,Kapir,,Kapir,Africa/Kampala,UTC +3.0 ,1.65293407051407,33.7766347172661
Uganda,Uganda,UG,,,Kumi,,Ngora,,Kapir,,Kokong,Africa/Kampala,UTC +3.0 ,1.56351788283327,33.7365999428246
Uganda,Uganda,UG,,,Kumi,,Ngora,,Kapir,,Koloin,Africa/Kampala,UTC +3.0 ,1.61009365416785,33.8125022660718
Uganda,Uganda,UG,,,Kumi,,Ngora,,Kapir,,Oluwa,Africa/Kampala,UTC +3.0 ,1.56659743682853,33.772257218689
Uganda,Uganda,UG,,,Kumi,,Ngora,,Kapir,,Omiito,Africa/Kampala,UTC +3.0 ,1.65325632628594,33.8361021451838
Uganda,Uganda,UG,,,Kumi,,Ngora,,Kapir,,Omuriana,Africa/Kampala,UTC +3.0 ,1.61515748628423,33.74446999296
Uganda,Uganda,UG,,,Kumi,,Ngora,,Kapir,,Orisai,Africa/Kampala,UTC +3.0 ,1.52205858304601,33.746149602049
Uganda,Uganda,UG,,,Kumi,,Ngora,,Kobwin,,Aciisa,Africa/Kampala,UTC +3.0 ,1.36496646263,33.7240160941552
Uganda,Uganda,UG,,,Kumi,,Ngora,,Kobwin,,Agule,Africa/Kampala,UTC +3.0 ,1.36310438452273,33.6991628320513
Uganda,Uganda,UG,,,Kumi,,Ngora,,Kobwin,,Akarukei,Africa/Kampala,UTC +3.0 ,1.39313025710865,33.7183456820671
Uganda,Uganda,UG,,,Kumi,,Ngora,,Kobwin,,Atoot,Africa/Kampala,UTC +3.0 ,1.37567719553806,33.784337387183
Uganda,Uganda,UG,,,Kumi,,Ngora,,Kobwin,,Kaderun,Africa/Kampala,UTC +3.0 ,1.42096574937533,33.7867176334656
Uganda,Uganda,UG,,,Kumi,,Ngora,,Kobwin,,Kadoki,Africa/Kampala,UTC +3.0 ,1.42618052991295,33.7646930100908
Uganda,Uganda,UG,,,Kumi,,Ngora,,Kobwin,,Kalengo,Africa/Kampala,UTC +3.0 ,1.39646803584464,33.6785563585321
Uganda,Uganda,UG,,,Kumi,,Ngora,,Kobwin,,Kobwin,Africa/Kampala,UTC +3.0 ,1.40011343324363,33.7392916309879
Uganda,Uganda,UG,,,Kumi,,Ngora,,Kobwin,,Kococwa,Africa/Kampala,UTC +3.0 ,1.3980434990572,33.769304306832
Uganda,Uganda,UG,,,Kumi,,Ngora,,Kobwin,,Kodike,Africa/Kampala,UTC +3.0 ,1.34417692550916,33.6630185842777
Uganda,Uganda,UG,,,Kumi,,Ngora,,Kobwin,,Okapel,Africa/Kampala,UTC +3.0 ,1.37936152985114,33.7443306406267
Uganda,Uganda,UG,,,Kumi,,Ngora,,Kobwin,,Omoo,Africa/Kampala,UTC +3.0 ,1.41508403362944,33.7459582502001
Uganda,Uganda,UG,,,Kumi,,Ngora,,Kobwin,,Opot,Africa/Kampala,UTC +3.0 ,1.40454216348688,33.686529269897
Uganda,Uganda,UG,,,Kumi,,Ngora,,Kobwin,,Oswara,Africa/Kampala,UTC +3.0 ,1.40101262284593,33.7000432198413
Uganda,Uganda,UG,,,Kumi,,Ngora,,Kobwin,,Pokor,Africa/Kampala,UTC +3.0 ,1.3606102356282,33.6135495371368
Uganda,Uganda,UG,,,Kumi,,Ngora,,Kobwin,,Tilling,Africa/Kampala,UTC +3.0 ,1.41806069736154,33.7156765183557
Uganda,Uganda,UG,,,Kumi,,Ngora,,Mukura,,Adul,Africa/Kampala,UTC +3.0 ,1.57624900181657,33.8711664156005
Uganda,Uganda,UG,,,Kumi,,Ngora,,Mukura,,Agogomit,Africa/Kampala,UTC +3.0 ,1.55265348819077,33.8640578361314
Uganda,Uganda,UG,,,Kumi,,Ngora,,Mukura,,Ajeluk,Africa/Kampala,UTC +3.0 ,1.55160425849748,33.8226540940739
Uganda,Uganda,UG,,,Kumi,,Ngora,,Mukura,,Akeit,Africa/Kampala,UTC +3.0 ,1.58031635840812,33.8335497911679
Uganda,Uganda,UG,,,Kumi,,Ngora,,Mukura,,Akubui,Africa/Kampala,UTC +3.0 ,1.52359391715543,33.82846893215
Uganda,Uganda,UG,,,Kumi,,Ngora,,Mukura,,Ariet,Africa/Kampala,UTC +3.0 ,1.64592819075691,33.8661072493631
Uganda,Uganda,UG,,,Kumi,,Ngora,,Mukura,,Kaler,Africa/Kampala,UTC +3.0 ,1.60331257699287,33.8869858224692
Uganda,Uganda,UG,,,Kumi,,Ngora,,Mukura,,Kamodokima,Africa/Kampala,UTC +3.0 ,1.61879897375306,33.8769322321052
Uganda,Uganda,UG,,,Kumi,,Ngora,,Mukura,,Kees,Africa/Kampala,UTC +3.0 ,1.52864687670952,33.7905282965713
Uganda,Uganda,UG,,,Kumi,,Ngora,,Mukura,,Kokodu,Africa/Kampala,UTC +3.0 ,1.5741981655657,33.8038375537593
Uganda,Uganda,UG,,,Kumi,,Ngora,,Mukura,,Kumel,Africa/Kampala,UTC +3.0 ,1.5306068299164,33.8016684462129
Uganda,Uganda,UG,,,Kumi,,Ngora,,Mukura,,Madoch,Africa/Kampala,UTC +3.0 ,1.53059768676721,33.8544955743194
Uganda,Uganda,UG,,,Kumi,,Ngora,,Mukura,,Morukakise,Africa/Kampala,UTC +3.0 ,1.61586766354335,33.8383508861323
Uganda,Uganda,UG,,,Kumi,,Ngora,,Mukura,,Mukura,Africa/Kampala,UTC +3.0 ,1.55947333064083,33.8456786414003
Uganda,Uganda,UG,,,Kumi,,Ngora,,Mukura,,Okunguro,Africa/Kampala,UTC +3.0 ,1.59413200949546,33.8511318225725
Uganda,Uganda,UG,,,Kumi,,Ngora,,Ngora,,Agu,Africa/Kampala,UTC +3.0 ,1.47139883948419,33.701646488824
Uganda,Uganda,UG,,,Kumi,,Ngora,,Ngora,,Angod,Africa/Kampala,UTC +3.0 ,1.47878213287671,33.7348359225352
Uganda,Uganda,UG,,,Kumi,,Ngora,,Ngora,,Kachinga,Africa/Kampala,UTC +3.0 ,1.4531550608334,33.7948605593049
Uganda,Uganda,UG,,,Kumi,,Ngora,,Ngora,,Kalengo,Africa/Kampala,UTC +3.0 ,1.49064751028228,33.8344828642101
Uganda,Uganda,UG,,,Kumi,,Ngora,,Ngora,,Kobuku,Africa/Kampala,UTC +3.0 ,1.47069529465939,33.8051962818615
Uganda,Uganda,UG,,,Kumi,,Ngora,,Ngora,,Kobwin,Africa/Kampala,UTC +3.0 ,1.45025656028143,33.7673229078828
Uganda,Uganda,UG,,,Kumi,,Ngora,,Ngora,,Komodo,Africa/Kampala,UTC +3.0 ,1.48856661043934,33.7855634771004
Uganda,Uganda,UG,,,Kumi,,Ngora,,Ngora,,Kopege,Africa/Kampala,UTC +3.0 ,1.50757334062033,33.71627415412
Uganda,Uganda,UG,,,Kumi,,Ngora,,Ngora,,Mpama,Africa/Kampala,UTC +3.0 ,1.50206510839546,33.8004479281187
Uganda,Uganda,UG,,,Kumi,,Ngora,,Ngora,,Ngora,Africa/Kampala,UTC +3.0 ,1.43704205131299,33.7188622449372
Uganda,Uganda,UG,,,Kumi,,Ngora,,Ngora,,Ngora High School,Africa/Kampala,UTC +3.0 ,1.47526962616456,33.7915522618171
Uganda,Uganda,UG,,,Kumi,,Ngora,,Ngora,,Ngora Township,Africa/Kampala,UTC +3.0 ,1.4585035123264,33.7725715488828
Uganda,Uganda,UG,,,Kumi,,Ngora,,Ngora,,Nyamongo,Africa/Kampala,UTC +3.0 ,1.43978501128268,33.7894885538194
Uganda,Uganda,UG,,,Kumi,,Ngora,,Ngora,,Odwarat,Africa/Kampala,UTC +3.0 ,1.49301652353367,33.7563605616298
Uganda,Uganda,UG,,,Kumi,,Ngora,,Ngora,,Okoboi,Africa/Kampala,UTC +3.0 ,1.47168005246719,33.7666164321498
Uganda,Uganda,UG,,,Kumi,,Ngora,,Ngora,,Omaditok,Africa/Kampala,UTC +3.0 ,1.45420785278006,33.7136091044167
Uganda,Uganda,UG,,,Kumi,,Ngora,,Ngora,,Oteteen,Africa/Kampala,UTC +3.0 ,1.50630037176933,33.7759940214438
Uganda,Uganda,UG,,,Kumi,,Ngora,,Ngora,,St.Aloysius Ptc Compl,Africa/Kampala,UTC +3.0 ,1.46962482394501,33.7700846534052
Uganda,Uganda,UG,,,Kumi,,Ngora,,Ngora,,Tididiek,Africa/Kampala,UTC +3.0 ,1.48605711430361,33.8153395717809
Uganda,Uganda,UG,,,Kyenjojo,,Kyaka,,Hapuyo,,Iringa,Africa/Kampala,UTC +3.0 ,0.604647849206154,31.1430041264305
Uganda,Uganda,UG,,,Kyenjojo,,Kyaka,,Hapuyo,,Kigambo,Africa/Kampala,UTC +3.0 ,0.671268448140243,30.9731059563397
Uganda,Uganda,UG,,,Kyenjojo,,Kyaka,,Hapuyo,,Kijuma,Africa/Kampala,UTC +3.0 ,0.584692824098969,31.0981042633026
Uganda,Uganda,UG,,,Kyenjojo,,Kyaka,,Hapuyo,,Kitaleesa,Africa/Kampala,UTC +3.0 ,0.620191139775,31.0509094699869
Uganda,Uganda,UG,,,Kyenjojo,,Kyaka,,Kakabara,,Kijaguzo,Africa/Kampala,UTC +3.0 ,0.601671969567936,30.9435492385776
Uganda,Uganda,UG,,,Kyenjojo,,Kyaka,,Kakabara,,Kyatega,Africa/Kampala,UTC +3.0 ,0.518870613104617,30.9874640005837
Uganda,Uganda,UG,,,Kyenjojo,,Kyaka,,Kakabara,,Mugongwe,Africa/Kampala,UTC +3.0 ,0.545487569516161,30.896597543912
Uganda,Uganda,UG,,,Kyenjojo,,Kyaka,,Kasule,,Karama,Africa/Kampala,UTC +3.0 ,0.589336366762686,31.2047562975005
Uganda,Uganda,UG,,,Kyenjojo,,Kyaka,,Kasule,,Kasule,Africa/Kampala,UTC +3.0 ,0.525754554175438,31.1625317761358
Uganda,Uganda,UG,,,Kyenjojo,,Kyaka,,Kasule,,Kibuuba,Africa/Kampala,UTC +3.0 ,0.537729636337782,31.2196692185752
Uganda,Uganda,UG,,,Kyenjojo,,Kyaka,,Kyegegwa,,Kabweza,Africa/Kampala,UTC +3.0 ,0.407601768890411,31.0993225828984
Uganda,Uganda,UG,,,Kyenjojo,,Kyaka,,Kyegegwa,,Kibuye,Africa/Kampala,UTC +3.0 ,0.492349830362813,31.1103368912874
Uganda,Uganda,UG,,,Kyenjojo,,Kyaka,,Kyegegwa,,Kihamba,Africa/Kampala,UTC +3.0 ,0.449805930585362,31.0331533713158
Uganda,Uganda,UG,,,Kyenjojo,,Kyaka,,Kyegegwa,,Nkaaka,Africa/Kampala,UTC +3.0 ,0.52715089053085,31.0514028147358
Uganda,Uganda,UG,,,Kyenjojo,,Kyaka,,Mpara,,Bugido,Africa/Kampala,UTC +3.0 ,0.294821582794447,30.8710364855784
Uganda,Uganda,UG,,,Kyenjojo,,Kyaka,,Mpara,,Karwenyi,Africa/Kampala,UTC +3.0 ,0.269514322429677,30.9357268717181
Uganda,Uganda,UG,,,Kyenjojo,,Kyaka,,Mpara,,Kijongobya,Africa/Kampala,UTC +3.0 ,0.284138247369049,31.0209337098909
Uganda,Uganda,UG,,,Kyenjojo,,Kyaka,,Mpara,,Kisambya,Africa/Kampala,UTC +3.0 ,0.377887947802252,31.0490299213093
Uganda,Uganda,UG,,,Kyenjojo,,Kyaka,,Mpara,,Rwahunga,Africa/Kampala,UTC +3.0 ,0.423237433969691,30.9225324664533
Uganda,Uganda,UG,,,Kyenjojo,,Mwenge,,Bufunjo,,Bigando,Africa/Kampala,UTC +3.0 ,0.813414839146144,30.7857269422903
Uganda,Uganda,UG,,,Kyenjojo,,Mwenge,,Bufunjo,,Kisangi,Africa/Kampala,UTC +3.0 ,0.703920736137761,30.7796764756776
Uganda,Uganda,UG,,,Kyenjojo,,Mwenge,,Bufunjo,,Kitega,Africa/Kampala,UTC +3.0 ,0.683012730992153,30.8732700121835
Uganda,Uganda,UG,,,Kyenjojo,,Mwenge,,Bufunjo,,Mbale,Africa/Kampala,UTC +3.0 ,0.773713399877944,30.8361735270977
Uganda,Uganda,UG,,,Kyenjojo,,Mwenge,,Bufunjo,,Nyabirongo,Africa/Kampala,UTC +3.0 ,0.758755296484585,30.7434202844183
Uganda,Uganda,UG,,,Kyenjojo,,Mwenge,,Bufunjo,,Nyamanga,Africa/Kampala,UTC +3.0 ,0.714124281319263,30.8240206162096
Uganda,Uganda,UG,,,Kyenjojo,,Mwenge,,Bugaki,,Hiima,Africa/Kampala,UTC +3.0 ,0.647668479234549,30.4321042229676
Uganda,Uganda,UG,,,Kyenjojo,,Mwenge,,Bugaki,,Kasenyi,Africa/Kampala,UTC +3.0 ,0.696823070482098,30.4500307482189
Uganda,Uganda,UG,,,Kyenjojo,,Mwenge,,Bugaki,,Kyabaranga,Africa/Kampala,UTC +3.0 ,0.735516502139259,30.454599955674
Uganda,Uganda,UG,,,Kyenjojo,,Mwenge,,Bugaki,,Mitoma,Africa/Kampala,UTC +3.0 ,0.668826270156745,30.4804432984864
Uganda,Uganda,UG,,,Kyenjojo,,Mwenge,,Bugaki,,Nyamabuga,Africa/Kampala,UTC +3.0 ,0.723330805065961,30.5126258204021
Uganda,Uganda,UG,,,Kyenjojo,,Mwenge,,Butiiti,,Butiiti,Africa/Kampala,UTC +3.0 ,0.646287264721957,30.5156411368202
Uganda,Uganda,UG,,,Kyenjojo,,Mwenge,,Butiiti,,Kabirizi,Africa/Kampala,UTC +3.0 ,0.607367277904409,30.4747343457282
Uganda,Uganda,UG,,,Kyenjojo,,Mwenge,,Butiiti,,Kaihura,Africa/Kampala,UTC +3.0 ,0.646677269469963,30.5829378995055
Uganda,Uganda,UG,,,Kyenjojo,,Mwenge,,Butiiti,,Mbale,Africa/Kampala,UTC +3.0 ,0.544959549373106,30.5264312435683
Uganda,Uganda,UG,,,Kyenjojo,,Mwenge,,Butiiti,,Mukunyu,Africa/Kampala,UTC +3.0 ,0.671089211020804,30.5530223971018
Uganda,Uganda,UG,,,Kyenjojo,,Mwenge,,Butiiti,,Nyakarongo,Africa/Kampala,UTC +3.0 ,0.600710378242922,30.5140875850803
Uganda,Uganda,UG,,,Kyenjojo,,Mwenge,,Katooke,,Kibaale Fr,Africa/Kampala,UTC +3.0 ,0.829284087335473,30.6517084546418
Uganda,Uganda,UG,,,Kyenjojo,,Mwenge,,Katooke,,Kinogero,Africa/Kampala,UTC +3.0 ,0.705655251183463,30.7190495156356
Uganda,Uganda,UG,,,Kyenjojo,,Mwenge,,Katooke,,Mwaro,Africa/Kampala,UTC +3.0 ,0.710615782073703,30.7632385358899
Uganda,Uganda,UG,,,Kyenjojo,,Mwenge,,Katooke,,Mwaro,Africa/Kampala,UTC +3.0 ,0.737538030195434,30.711324484269
Uganda,Uganda,UG,,,Kyenjojo,,Mwenge,,Katooke,,Mwaro,Africa/Kampala,UTC +3.0 ,0.750091406936827,30.6893962969514
Uganda,Uganda,UG,,,Kyenjojo,,Mwenge,,Katooke,,Myeri,Africa/Kampala,UTC +3.0 ,0.667056540340509,30.688107261107
Uganda,Uganda,UG,,,Kyenjojo,,Mwenge,,Katooke,,Nyakisi,Africa/Kampala,UTC +3.0 ,0.75579736982823,30.6573975251069
Uganda,Uganda,UG,,,Kyenjojo,,Mwenge,,Katooke,,Rubango,Africa/Kampala,UTC +3.0 ,0.797351415885344,30.6708332696074
Uganda,Uganda,UG,,,Kyenjojo,,Mwenge,,Katooke,,Rwamukoora,Africa/Kampala,UTC +3.0 ,0.70831281492214,30.6513410900076
Uganda,Uganda,UG,,,Kyenjojo,,Mwenge,,Kihuura,,Kanyinya,Africa/Kampala,UTC +3.0 ,0.446307587594602,30.8320595323006
Uganda,Uganda,UG,,,Kyenjojo,,Mwenge,,Kihuura,,Kigunda,Africa/Kampala,UTC +3.0 ,0.49712683353692,30.7561549644401
Uganda,Uganda,UG,,,Kyenjojo,,Mwenge,,Kihuura,,Kihuura,Africa/Kampala,UTC +3.0 ,0.610222338943738,30.73121385005
Uganda,Uganda,UG,,,Kyenjojo,,Mwenge,,Kihuura,,Kikoda,Africa/Kampala,UTC +3.0 ,0.518821590424215,30.6801968464391
Uganda,Uganda,UG,,,Kyenjojo,,Mwenge,,Kihuura,,Kisojo,Africa/Kampala,UTC +3.0 ,0.550525718795764,30.7138830120417
Uganda,Uganda,UG,,,Kyenjojo,,Mwenge,,Kihuura,,Kyankaramata,Africa/Kampala,UTC +3.0 ,0.606279626098388,30.8002956068356
Uganda,Uganda,UG,,,Kyenjojo,,Mwenge,,Kihuura,,Matiri,Africa/Kampala,UTC +3.0 ,0.555647037926164,30.7717765578098
Uganda,Uganda,UG,,,Kyenjojo,,Mwenge,,Kihuura,,Rwaitengya,Africa/Kampala,UTC +3.0 ,0.440087593449333,30.6555146956144
Uganda,Uganda,UG,,,Kyenjojo,,Mwenge,,Kihuura,,Rwibaale,Africa/Kampala,UTC +3.0 ,0.529222134538724,30.8339909792734
Uganda,Uganda,UG,,,Kyenjojo,,Mwenge,,Kyarusozi,,Barahiija,Africa/Kampala,UTC +3.0 ,0.725632406244514,30.5549640429082
Uganda,Uganda,UG,,,Kyenjojo,,Mwenge,,Kyarusozi,,Binunda,Africa/Kampala,UTC +3.0 ,0.762217252285124,30.5801429439605
Uganda,Uganda,UG,,,Kyenjojo,,Mwenge,,Kyarusozi,,Itwara Fr,Africa/Kampala,UTC +3.0 ,0.768858191014486,30.4747895147356
Uganda,Uganda,UG,,,Kyenjojo,,Mwenge,,Kyarusozi,,Kasaba,Africa/Kampala,UTC +3.0 ,0.859743452664147,30.6226182608192
Uganda,Uganda,UG,,,Kyenjojo,,Mwenge,,Kyarusozi,,Katambale,Africa/Kampala,UTC +3.0 ,0.837603747774926,30.5362860478669
Uganda,Uganda,UG,,,Kyenjojo,,Mwenge,,Kyarusozi,,Kigoyera,Africa/Kampala,UTC +3.0 ,0.889225382516113,30.5287526424984
Uganda,Uganda,UG,,,Kyenjojo,,Mwenge,,Kyarusozi,,Kyamugenyi,Africa/Kampala,UTC +3.0 ,0.793826961831778,30.6039614027433
Uganda,Uganda,UG,,,Kyenjojo,,Mwenge,,Kyarusozi,,Kyogera,Africa/Kampala,UTC +3.0 ,0.707591046660496,30.5922068421121
Uganda,Uganda,UG,,,Kyenjojo,,Mwenge,,Kyarusozi,,Mirambi,Africa/Kampala,UTC +3.0 ,0.818462158996515,30.5731441650203
Uganda,Uganda,UG,,,Kyenjojo,,Mwenge,,Kyenjojo Tc,,Kasiina,Africa/Kampala,UTC +3.0 ,0.621533749787543,30.6178117824258
Uganda,Uganda,UG,,,Kyenjojo,,Mwenge,,Kyenjojo Tc,,Kirongo,Africa/Kampala,UTC +3.0 ,0.631326832580172,30.6804186605441
Uganda,Uganda,UG,,,Kyenjojo,,Mwenge,,Kyenjojo Tc,,Kyamutasa Ward,Africa/Kampala,UTC +3.0 ,0.596888137400304,30.658834377538
Uganda,Uganda,UG,,,Kyenjojo,,Mwenge,,Nyankwanzi,,Haikoona,Africa/Kampala,UTC +3.0 ,0.825015396943121,30.7145600713733
Uganda,Uganda,UG,,,Kyenjojo,,Mwenge,,Nyankwanzi,,Kitaihuka,Africa/Kampala,UTC +3.0 ,0.79794811912151,30.7336840071772
Uganda,Uganda,UG,,,Kyenjojo,,Mwenge,,Nyankwanzi,,Kitaihuka,Africa/Kampala,UTC +3.0 ,0.812537883680961,30.7789788744231
Uganda,Uganda,UG,,,Kyenjojo,,Mwenge,,Nyankwanzi,,Kitaihuka,Africa/Kampala,UTC +3.0 ,0.840842245943114,30.7659149428157
Uganda,Uganda,UG,,,Kyenjojo,,Mwenge,,Nyankwanzi,,Kyamutunzi,Africa/Kampala,UTC +3.0 ,0.860956904790525,30.7041935250832
Uganda,Uganda,UG,,,Kyenjojo,,Mwenge,,Nyantungo,,Buraro,Africa/Kampala,UTC +3.0 ,0.540840594921855,30.6261582444702
Uganda,Uganda,UG,,,Kyenjojo,,Mwenge,,Nyantungo,,Kibira,Africa/Kampala,UTC +3.0 ,0.508678452068659,30.5660406134876
Uganda,Uganda,UG,,,Kyenjojo,,Mwenge,,Nyantungo,,Kigaraare,Africa/Kampala,UTC +3.0 ,0.479707836423553,30.6127544147223
Uganda,Uganda,UG,,,Kyenjojo,,Mwenge,,Nyantungo,,Kyamutasa,Africa/Kampala,UTC +3.0 ,0.56504720008381,30.6552592552949
Uganda,Uganda,UG,,,Kyenjojo,,Mwenge,,Nyantungo,,Nyaibanda,Africa/Kampala,UTC +3.0 ,0.418582962981817,30.579015620867
Uganda,Uganda,UG,,,Kyenjojo,,Mwenge,,Nyantungo,,Ruhoko,Africa/Kampala,UTC +3.0 ,0.587055230742992,30.5774115504895
Uganda,Uganda,UG,,,Lake Albert,,Lake Albert,,Lake Albert,,Lake Albert,Africa/Kampala,UTC +3.0 ,1.60109027400395,30.9739417033562
Uganda,Uganda,UG,,,Lake Victoria,,Lake Victoria,,Lake Victoria,,Lake Victoria,Africa/Kampala,UTC +3.0 ,-0.435064361966691,32.9613619330656
Uganda,Uganda,UG,,,Lira,,Dokolo,,Agwata,,Adok,Africa/Kampala,UTC +3.0 ,2.00005197413951,32.9068231274704
Uganda,Uganda,UG,,,Lira,,Dokolo,,Agwata,,Adwoki,Africa/Kampala,UTC +3.0 ,1.98341848475904,33.0486757889826
Uganda,Uganda,UG,,,Lira,,Dokolo,,Agwata,,Agwiciri,Africa/Kampala,UTC +3.0 ,2.01596266095547,33.0791086273123
Uganda,Uganda,UG,,,Lira,,Dokolo,,Agwata,,Amuda,Africa/Kampala,UTC +3.0 ,1.99753735066432,32.9935643472516
Uganda,Uganda,UG,,,Lira,,Dokolo,,Agwata,,Apye,Africa/Kampala,UTC +3.0 ,1.97896473376132,32.9405516149545
Uganda,Uganda,UG,,,Lira,,Dokolo,,Agwata,,Bardyang,Africa/Kampala,UTC +3.0 ,2.04774077886212,32.9353424796775
Uganda,Uganda,UG,,,Lira,,Dokolo,,Agwata,,Kachung,Africa/Kampala,UTC +3.0 ,1.92571551490175,32.9813301450548
Uganda,Uganda,UG,,,Lira,,Dokolo,,Bata,,Abalang,Africa/Kampala,UTC +3.0 ,2.0230202988755,33.2580264227071
Uganda,Uganda,UG,,,Lira,,Dokolo,,Bata,,Abyenek,Africa/Kampala,UTC +3.0 ,2.03698633229228,33.1794976532355
Uganda,Uganda,UG,,,Lira,,Dokolo,,Bata,,Aderolong,Africa/Kampala,UTC +3.0 ,2.01109652033188,33.2272987313565
Uganda,Uganda,UG,,,Lira,,Dokolo,,Bata,,Akwanga,Africa/Kampala,UTC +3.0 ,2.06185814141307,33.244636703539
Uganda,Uganda,UG,,,Lira,,Dokolo,,Bata,,Alapata,Africa/Kampala,UTC +3.0 ,2.08814161727599,33.1565194593678
Uganda,Uganda,UG,,,Lira,,Dokolo,,Bata,,Atabu,Africa/Kampala,UTC +3.0 ,2.05071637602498,33.1260404936411
Uganda,Uganda,UG,,,Lira,,Dokolo,,Bata,,Teyao,Africa/Kampala,UTC +3.0 ,2.06953636611861,33.1957695586329
Uganda,Uganda,UG,,,Lira,,Dokolo,,Dokolo,,Adagmon,Africa/Kampala,UTC +3.0 ,1.97940272937391,33.2043722275362
Uganda,Uganda,UG,,,Lira,,Dokolo,,Dokolo,,Alenga,Africa/Kampala,UTC +3.0 ,1.99586401433822,33.1573137351408
Uganda,Uganda,UG,,,Lira,,Dokolo,,Dokolo,,Alwitmac,Africa/Kampala,UTC +3.0 ,1.93710077449688,33.1965844889544
Uganda,Uganda,UG,,,Lira,,Dokolo,,Dokolo,,Amwoma,Africa/Kampala,UTC +3.0 ,2.0065350476768,33.1151718319914
Uganda,Uganda,UG,,,Lira,,Dokolo,,Dokolo,,Angwecibange,Africa/Kampala,UTC +3.0 ,1.91058096039923,33.1687778168835
Uganda,Uganda,UG,,,Lira,,Dokolo,,Dokolo,,Atur,Africa/Kampala,UTC +3.0 ,1.89803785561122,33.1333802570589
Uganda,Uganda,UG,,,Lira,,Dokolo,,Dokolo,,Awiri,Africa/Kampala,UTC +3.0 ,1.96131326260041,33.2449751603128
Uganda,Uganda,UG,,,Lira,,Dokolo,,Dokolo,,Iguli,Africa/Kampala,UTC +3.0 ,1.95268716152817,33.1177111554092
Uganda,Uganda,UG,,,Lira,,Dokolo,,Kangai,,Adeknino,Africa/Kampala,UTC +3.0 ,1.78077848977783,33.0134740379826
Uganda,Uganda,UG,,,Lira,,Dokolo,,Kangai,,Adwila,Africa/Kampala,UTC +3.0 ,1.88641414568257,33.1034268867411
Uganda,Uganda,UG,,,Lira,,Dokolo,,Kangai,,Akurolango,Africa/Kampala,UTC +3.0 ,1.79530298774988,33.069331330849
Uganda,Uganda,UG,,,Lira,,Dokolo,,Kangai,,Angwenya,Africa/Kampala,UTC +3.0 ,1.83135660682143,33.0876027483428
Uganda,Uganda,UG,,,Lira,,Dokolo,,Kangai,,Awelo,Africa/Kampala,UTC +3.0 ,1.7379543250236,33.0404597864565
Uganda,Uganda,UG,,,Lira,,Dokolo,,Kwera,,Ageni,Africa/Kampala,UTC +3.0 ,1.89474630288573,33.0227364438052
Uganda,Uganda,UG,,,Lira,,Dokolo,,Kwera,,Aneralibi,Africa/Kampala,UTC +3.0 ,1.89391543291119,33.0742871031421
Uganda,Uganda,UG,,,Lira,,Dokolo,,Kwera,,Anwangi,Africa/Kampala,UTC +3.0 ,1.85578068930058,33.0363851830783
Uganda,Uganda,UG,,,Lira,,Dokolo,,Kwera,,Apenyoweo,Africa/Kampala,UTC +3.0 ,1.92971519797273,33.0435242122993
Uganda,Uganda,UG,,,Lira,,Dokolo,,Kwera,,Apyen-Nyang,Africa/Kampala,UTC +3.0 ,1.84352599359012,32.9775710718397
Uganda,Uganda,UG,,,Lira,,Erute,,Adekokwok,,Adekokwok,Africa/Kampala,UTC +3.0 ,2.23562962124402,32.9535636712102
Uganda,Uganda,UG,,,Lira,,Erute,,Adekokwok,,Akia,Africa/Kampala,UTC +3.0 ,2.26235259964603,32.9427817274293
Uganda,Uganda,UG,,,Lira,,Erute,,Adekokwok,,Anyangapuc,Africa/Kampala,UTC +3.0 ,2.33081573630508,32.9344844081601
Uganda,Uganda,UG,,,Lira,,Erute,,Adekokwok,,Anyomerem,Africa/Kampala,UTC +3.0 ,2.31104803088648,32.898333675664
Uganda,Uganda,UG,,,Lira,,Erute,,Adekokwok,,Boke,Africa/Kampala,UTC +3.0 ,2.20495988070217,32.8902948683594
Uganda,Uganda,UG,,,Lira,,Erute,,Adekokwok,,Boroboro,Africa/Kampala,UTC +3.0 ,2.19852980078524,32.9280720306389
Uganda,Uganda,UG,,,Lira,,Erute,,Adekokwok,,Ongica,Africa/Kampala,UTC +3.0 ,2.30813950672408,32.9678097545824
Uganda,Uganda,UG,,,Lira,,Erute,,Amach,,Abongorwot,Africa/Kampala,UTC +3.0 ,2.14520641800922,33.0880843111699
Uganda,Uganda,UG,,,Lira,,Erute,,Amach,,Abwoc Olil,Africa/Kampala,UTC +3.0 ,2.10336931310899,32.9206048569023
Uganda,Uganda,UG,,,Lira,,Erute,,Amach,,Adyaka,Africa/Kampala,UTC +3.0 ,2.16490240658806,32.9850364761361
Uganda,Uganda,UG,,,Lira,,Erute,,Amach,,Alworo,Africa/Kampala,UTC +3.0 ,2.06764465632913,32.9997787318714
Uganda,Uganda,UG,,,Lira,,Erute,,Amach,,Ayach,Africa/Kampala,UTC +3.0 ,2.09649036572854,33.0253075546755
Uganda,Uganda,UG,,,Lira,,Erute,,Amach,,Banya,Africa/Kampala,UTC +3.0 ,2.1366089156503,32.9584232509643
Uganda,Uganda,UG,,,Lira,,Erute,,Amach,,Ocamonyang,Africa/Kampala,UTC +3.0 ,2.10452890926816,33.096249776959
Uganda,Uganda,UG,,,Lira,,Erute,,Amach,,Okile,Africa/Kampala,UTC +3.0 ,2.15127013657285,33.0366046212843
Uganda,Uganda,UG,,,Lira,,Erute,,Amach,,Onyakede,Africa/Kampala,UTC +3.0 ,2.05541963991936,33.0487077442394
Uganda,Uganda,UG,,,Lira,,Erute,,Amach,,Rao,Africa/Kampala,UTC +3.0 ,2.082998844143,32.9481451511875
Uganda,Uganda,UG,,,Lira,,Erute,,Aromo,,Acutkumu,Africa/Kampala,UTC +3.0 ,2.59449126408967,32.8790203801199
Uganda,Uganda,UG,,,Lira,,Erute,,Aromo,,Apua,Africa/Kampala,UTC +3.0 ,2.56148307981472,32.8179940809472
Uganda,Uganda,UG,,,Lira,,Erute,,Aromo,,Apuce,Africa/Kampala,UTC +3.0 ,2.57902459797203,32.9224445813522
Uganda,Uganda,UG,,,Lira,,Erute,,Aromo,,Arwot- Omito,Africa/Kampala,UTC +3.0 ,2.55333548436872,32.8777175428104
Uganda,Uganda,UG,,,Lira,,Erute,,Aromo,,Bar Pii,Africa/Kampala,UTC +3.0 ,2.60003301532372,32.828852141129
Uganda,Uganda,UG,,,Lira,,Erute,,Aromo,,Odoro,Africa/Kampala,UTC +3.0 ,2.57734255313525,32.8431500251398
Uganda,Uganda,UG,,,Lira,,Erute,,Aromo,,Otara,Africa/Kampala,UTC +3.0 ,2.63072866659428,32.8284126193321
Uganda,Uganda,UG,,,Lira,,Erute,,Aromo,,Walela,Africa/Kampala,UTC +3.0 ,2.54226840302378,32.8477390926899
Uganda,Uganda,UG,,,Lira,,Erute,,Barr,,Abunga,Africa/Kampala,UTC +3.0 ,2.30210589682702,33.0497599842949
Uganda,Uganda,UG,,,Lira,,Erute,,Barr,,Alebere,Africa/Kampala,UTC +3.0 ,2.20014570279651,33.0519911715239
Uganda,Uganda,UG,,,Lira,,Erute,,Barr,,Ayira,Africa/Kampala,UTC +3.0 ,2.25897476044722,33.0725499248822
Uganda,Uganda,UG,,,Lira,,Erute,,Barr,,Ober,Africa/Kampala,UTC +3.0 ,2.26213205409609,32.9961406358931
Uganda,Uganda,UG,,,Lira,,Erute,,Barr,,Olilo,Africa/Kampala,UTC +3.0 ,2.20453050066062,32.9855024484409
Uganda,Uganda,UG,,,Lira,,Erute,,Barr,,Onywako,Africa/Kampala,UTC +3.0 ,2.20523890419338,33.1153824749826
Uganda,Uganda,UG,,,Lira,,Erute,,Lira,,Amuca,Africa/Kampala,UTC +3.0 ,2.28845486816304,32.8326071426753
Uganda,Uganda,UG,,,Lira,,Erute,,Lira,,Anai,Africa/Kampala,UTC +3.0 ,2.22758238464495,32.856242189732
Uganda,Uganda,UG,,,Lira,,Erute,,Lira,,Bar Apwo,Africa/Kampala,UTC +3.0 ,2.24988395998497,32.8397817307455
Uganda,Uganda,UG,,,Lira,,Erute,,Lira,,Omito,Africa/Kampala,UTC +3.0 ,2.28984742437577,32.8752880781483
Uganda,Uganda,UG,,,Lira,,Erute,,Ogur,,Abala,Africa/Kampala,UTC +3.0 ,2.53335714999269,32.9618304548496
Uganda,Uganda,UG,,,Lira,,Erute,,Ogur,,Adwoa,Africa/Kampala,UTC +3.0 ,2.46367006280937,32.9823817934164
Uganda,Uganda,UG,,,Lira,,Erute,,Ogur,,Akangi,Africa/Kampala,UTC +3.0 ,2.37709167087038,32.969233423818
Uganda,Uganda,UG,,,Lira,,Erute,,Ogur,,Akano,Africa/Kampala,UTC +3.0 ,2.43728338221737,32.99289921875
Uganda,Uganda,UG,,,Lira,,Erute,,Ogur,,Angolocom,Africa/Kampala,UTC +3.0 ,2.5062364397226,32.8996549191857
Uganda,Uganda,UG,,,Lira,,Erute,,Ogur,,Apoka,Africa/Kampala,UTC +3.0 ,2.39926898939004,32.9305611215891
Uganda,Uganda,UG,,,Lira,,Erute,,Ogur,,Ogur,Africa/Kampala,UTC +3.0 ,2.45511639508953,32.9253258178749
Uganda,Uganda,UG,,,Lira,,Erute,,Ogur,,Orit,Africa/Kampala,UTC +3.0 ,2.49449982417606,32.9730926297866
Uganda,Uganda,UG,,,Lira,,Kyoga,,Aputi,,Abalodyanga,Africa/Kampala,UTC +3.0 ,1.7277515728887,32.8722398351625
Uganda,Uganda,UG,,,Lira,,Kyoga,,Aputi,,Adonyoimo,Africa/Kampala,UTC +3.0 ,1.78134035883756,32.9453191923031
Uganda,Uganda,UG,,,Lira,,Kyoga,,Aputi,,Agikdak,Africa/Kampala,UTC +3.0 ,1.67323077155681,32.9336866985196
Uganda,Uganda,UG,,,Lira,,Kyoga,,Aputi,,Akwon,Africa/Kampala,UTC +3.0 ,1.7787556350923,32.8784870809763
Uganda,Uganda,UG,,,Lira,,Kyoga,,Aputi,,Alobokwe,Africa/Kampala,UTC +3.0 ,1.67524708701321,32.9047293669399
Uganda,Uganda,UG,,,Lira,,Kyoga,,Aputi,,Amai,Africa/Kampala,UTC +3.0 ,1.76821371023815,32.9120864610383
Uganda,Uganda,UG,,,Lira,,Kyoga,,Aputi,,Anywali,Africa/Kampala,UTC +3.0 ,1.70853890362864,32.8956239639225
Uganda,Uganda,UG,,,Lira,,Kyoga,,Aputi,,Awonagiro,Africa/Kampala,UTC +3.0 ,1.6891761686884,32.9736646977446
Uganda,Uganda,UG,,,Lira,,Kyoga,,Aputi,,Otira,Africa/Kampala,UTC +3.0 ,1.72950163171549,32.9542790662969
Uganda,Uganda,UG,,,Lira,,Kyoga,,Awelo,,Abeja,Africa/Kampala,UTC +3.0 ,1.80680286342806,32.825954785915
Uganda,Uganda,UG,,,Lira,,Kyoga,,Awelo,,Abwong,Africa/Kampala,UTC +3.0 ,1.69897400046835,32.8306552264561
Uganda,Uganda,UG,,,Lira,,Kyoga,,Awelo,,Akol,Africa/Kampala,UTC +3.0 ,1.76749661635763,32.7873635696575
Uganda,Uganda,UG,,,Lira,,Kyoga,,Awelo,,Akongomit,Africa/Kampala,UTC +3.0 ,1.68744527777906,32.7948100450815
Uganda,Uganda,UG,,,Lira,,Kyoga,,Awelo,,Anamido,Africa/Kampala,UTC +3.0 ,1.68530857329449,32.7259386147462
Uganda,Uganda,UG,,,Lira,,Kyoga,,Awelo,,Anamwany,Africa/Kampala,UTC +3.0 ,1.71293943504701,32.7515739948046
Uganda,Uganda,UG,,,Lira,,Kyoga,,Awelo,,Arwotcek,Africa/Kampala,UTC +3.0 ,1.74978651232427,32.8351089150136
Uganda,Uganda,UG,,,Lira,,Kyoga,,Awelo,,Chakwara,Africa/Kampala,UTC +3.0 ,1.64683913897824,32.6534741980722
Uganda,Uganda,UG,,,Lira,,Kyoga,,Awelo,,Etam,Africa/Kampala,UTC +3.0 ,1.6599811677201,32.6985526136064
Uganda,Uganda,UG,,,Lira,,Kyoga,,Muntu,,Abaler,Africa/Kampala,UTC +3.0 ,1.63790960951452,32.8774314208442
Uganda,Uganda,UG,,,Lira,,Kyoga,,Muntu,,Alemere,Africa/Kampala,UTC +3.0 ,1.6283901644071,32.8096193478456
Uganda,Uganda,UG,,,Lira,,Kyoga,,Muntu,,Alyecmeda,Africa/Kampala,UTC +3.0 ,1.59799021669822,32.7516200647372
Uganda,Uganda,UG,,,Lira,,Kyoga,,Muntu,,Amolatar,Africa/Kampala,UTC +3.0 ,1.64149969753329,32.8524523171173
Uganda,Uganda,UG,,,Lira,,Kyoga,,Muntu,,Muntu,Africa/Kampala,UTC +3.0 ,1.56848930071355,32.8996712442312
Uganda,Uganda,UG,,,Lira,,Kyoga,,Muntu,,Nakatiti,Africa/Kampala,UTC +3.0 ,1.55741169184464,32.9437374572084
Uganda,Uganda,UG,,,Lira,,Kyoga,,Muntu,,Nalubwoyo,Africa/Kampala,UTC +3.0 ,1.54418391435075,32.8299898428828
Uganda,Uganda,UG,,,Lira,,Kyoga,,Namasale,,Acii,Africa/Kampala,UTC +3.0 ,1.57654747793459,32.5614996020517
Uganda,Uganda,UG,,,Lira,,Kyoga,,Namasale,,Awikori,Africa/Kampala,UTC +3.0 ,1.59458462429335,32.6647251634961
Uganda,Uganda,UG,,,Lira,,Kyoga,,Namasale,,Bangaladesh,Africa/Kampala,UTC +3.0 ,1.49097709281,32.7170062361429
Uganda,Uganda,UG,,,Lira,,Kyoga,,Namasale,,Izigwe,Africa/Kampala,UTC +3.0 ,1.4920687468321,32.6424243189593
Uganda,Uganda,UG,,,Lira,,Kyoga,,Namasale,,Kayago,Africa/Kampala,UTC +3.0 ,1.48538074330703,32.6052430502335
Uganda,Uganda,UG,,,Lira,,Kyoga,,Namasale,,Kikondo,Africa/Kampala,UTC +3.0 ,1.50487858200376,32.6722436257417
Uganda,Uganda,UG,,,Lira,,Kyoga,,Namasale,,Nabweyo,Africa/Kampala,UTC +3.0 ,1.52435062112458,32.7456068151918
Uganda,Uganda,UG,,,Lira,,Kyoga,,Namasale,,Olyaka,Africa/Kampala,UTC +3.0 ,1.57962104026324,32.7072282035553
Uganda,Uganda,UG,,,Lira,,Kyoga,,Namasale,,Otuboi Sudds,Africa/Kampala,UTC +3.0 ,1.632223184297,32.4329297878938
Uganda,Uganda,UG,,,Lira,,Kyoga,,Namasale,,Wabinua,Africa/Kampala,UTC +3.0 ,1.52847436925878,32.5890243870879
Uganda,Uganda,UG,,,Lira,,Lira,,Adyel,,Junior Quaters,Africa/Kampala,UTC +3.0 ,2.25877898249563,32.8958133896841
Uganda,Uganda,UG,,,Lira,,Lira,,Adyel,,Kirombe,Africa/Kampala,UTC +3.0 ,2.26344588535669,32.8957509084629
Uganda,Uganda,UG,,,Lira,,Lira,,Adyel,,Lango Central,Africa/Kampala,UTC +3.0 ,2.26422759917786,32.9016066365596
Uganda,Uganda,UG,,,Lira,,Lira,,Adyel,,Omito,Africa/Kampala,UTC +3.0 ,2.27199757294015,32.8873744021745
Uganda,Uganda,UG,,,Lira,,Lira,,Adyel,,Starch Factory,Africa/Kampala,UTC +3.0 ,2.27049119523959,32.9089900724516
Uganda,Uganda,UG,,,Lira,,Lira,,Adyel,,Teso 'A',Africa/Kampala,UTC +3.0 ,2.26110072113634,32.9044117546185
Uganda,Uganda,UG,,,Lira,,Lira,,Adyel,,Teso 'C',Africa/Kampala,UTC +3.0 ,2.26263709582585,32.8885429567049
Uganda,Uganda,UG,,,Lira,,Lira,,Central,,Bazzar,Africa/Kampala,UTC +3.0 ,2.24490307300124,32.8963708633995
Uganda,Uganda,UG,,,Lira,,Lira,,Central,,Ireda-West,Africa/Kampala,UTC +3.0 ,2.22886223444866,32.8960571695711
Uganda,Uganda,UG,,,Lira,,Lira,,Central,,Ireda East,Africa/Kampala,UTC +3.0 ,2.2341121394752,32.9169024120785
Uganda,Uganda,UG,,,Lira,,Lira,,Central,,Senior Quarters,Africa/Kampala,UTC +3.0 ,2.24564193311277,32.9055721830561
Uganda,Uganda,UG,,,Lira,,Lira,,Central,,Te - Obia,Africa/Kampala,UTC +3.0 ,2.23790472864521,32.8951224502043
Uganda,Uganda,UG,,,Lira,,Lira,,Ojwina,,Alito Camp,Africa/Kampala,UTC +3.0 ,2.25574354169131,32.8922864269928
Uganda,Uganda,UG,,,Lira,,Lira,,Ojwina,,Bar Ogole,Africa/Kampala,UTC +3.0 ,2.25029328145819,32.8905496538544
Uganda,Uganda,UG,,,Lira,,Lira,,Ojwina,,Ipito Aweno,Africa/Kampala,UTC +3.0 ,2.24468847667423,32.8906846539273
Uganda,Uganda,UG,,,Lira,,Lira,,Ojwina,,Kakoge,Africa/Kampala,UTC +3.0 ,2.23768475674486,32.8827296365164
Uganda,Uganda,UG,,,Lira,,Lira,,Ojwina,,Ojwina Ward (Ober),Africa/Kampala,UTC +3.0 ,2.25483766416158,32.8762184862894
Uganda,Uganda,UG,,,Lira,,Lira,,Railway,,Ayago,Africa/Kampala,UTC +3.0 ,2.26231087012999,32.9210548847114
Uganda,Uganda,UG,,,Lira,,Lira,,Railway,,Bar Onger,Africa/Kampala,UTC +3.0 ,2.26013012094026,32.9109808872481
Uganda,Uganda,UG,,,Lira,,Lira,,Railway,,Railway Quarters,Africa/Kampala,UTC +3.0 ,2.25203010569082,32.9118083947358
Uganda,Uganda,UG,,,Lira,,Lira,,Railway,,Te Mogo,Africa/Kampala,UTC +3.0 ,2.25428844191816,32.9184449709782
Uganda,Uganda,UG,,,Lira,,Moroto,,Abako,,Acede,Africa/Kampala,UTC +3.0 ,2.1825129588685,33.1865707241971
Uganda,Uganda,UG,,,Lira,,Moroto,,Abako,,Alanyi,Africa/Kampala,UTC +3.0 ,2.12891769194892,33.2471013406683
Uganda,Uganda,UG,,,Lira,,Moroto,,Abako,,Amononeno,Africa/Kampala,UTC +3.0 ,2.08132617878722,33.2838402241926
Uganda,Uganda,UG,,,Lira,,Moroto,,Abako,,Awapiny,Africa/Kampala,UTC +3.0 ,2.20004256727081,33.2700858892675
Uganda,Uganda,UG,,,Lira,,Moroto,,Abako,,Ojul,Africa/Kampala,UTC +3.0 ,2.12516137532396,33.1997589220668
Uganda,Uganda,UG,,,Lira,,Moroto,,Abako,,Olyet,Africa/Kampala,UTC +3.0 ,2.20937578775067,33.2289013998833
Uganda,Uganda,UG,,,Lira,,Moroto,,Abako,,Owalo,Africa/Kampala,UTC +3.0 ,2.14475602484421,33.1503451439863
Uganda,Uganda,UG,,,Lira,,Moroto,,Aloi,,Akura,Africa/Kampala,UTC +3.0 ,2.34374553763543,33.1170826607104
Uganda,Uganda,UG,,,Lira,,Moroto,,Aloi,,Akwangkel,Africa/Kampala,UTC +3.0 ,2.32261641515804,33.2284336837748
Uganda,Uganda,UG,,,Lira,,Moroto,,Aloi,,Alal,Africa/Kampala,UTC +3.0 ,2.24327757281995,33.181744214517
Uganda,Uganda,UG,,,Lira,,Moroto,,Aloi,,Alebtong,Africa/Kampala,UTC +3.0 ,2.2772193643163,33.2465574335103
Uganda,Uganda,UG,,,Lira,,Moroto,,Aloi,,Anara,Africa/Kampala,UTC +3.0 ,2.38454015837473,33.2001096976876
Uganda,Uganda,UG,,,Lira,,Moroto,,Aloi,,Anyanga,Africa/Kampala,UTC +3.0 ,2.33942970306057,33.1718675240879
Uganda,Uganda,UG,,,Lira,,Moroto,,Aloi,,Awiepek,Africa/Kampala,UTC +3.0 ,2.23565442677145,33.1476530914811
Uganda,Uganda,UG,,,Lira,,Moroto,,Aloi,,Otweo-Toke,Africa/Kampala,UTC +3.0 ,2.28810802914087,33.1340894194627
Uganda,Uganda,UG,,,Lira,,Moroto,,Amugo,,Abongoatin,Africa/Kampala,UTC +3.0 ,2.15403068156109,33.3802538817196
Uganda,Uganda,UG,,,Lira,,Moroto,,Amugo,,Abunga,Africa/Kampala,UTC +3.0 ,2.13812590171237,33.3441180139894
Uganda,Uganda,UG,,,Lira,,Moroto,,Amugo,,Ajonyi,Africa/Kampala,UTC +3.0 ,2.0717475504553,33.3372128463306
Uganda,Uganda,UG,,,Lira,,Moroto,,Amugo,,Omee,Africa/Kampala,UTC +3.0 ,2.13706269352592,33.3004480082186
Uganda,Uganda,UG,,,Lira,,Moroto,,Apalla,,Abangoimany,Africa/Kampala,UTC +3.0 ,2.48014073339691,33.0471267719817
Uganda,Uganda,UG,,,Lira,,Moroto,,Apalla,,Aberidwogo-Omera,Africa/Kampala,UTC +3.0 ,2.44593170558044,33.0868205585426
Uganda,Uganda,UG,,,Lira,,Moroto,,Apalla,,Abia,Africa/Kampala,UTC +3.0 ,2.45071029606458,33.1173246404439
Uganda,Uganda,UG,,,Lira,,Moroto,,Apalla,,Abiting,Africa/Kampala,UTC +3.0 ,2.36667763416246,33.0581331515863
Uganda,Uganda,UG,,,Lira,,Moroto,,Apalla,,Amonomito,Africa/Kampala,UTC +3.0 ,2.41754307356781,33.0257508962787
Uganda,Uganda,UG,,,Lira,,Moroto,,Apalla,,Atinkok,Africa/Kampala,UTC +3.0 ,2.43760982189043,33.0638266778174
Uganda,Uganda,UG,,,Lira,,Moroto,,Apalla,,Obim,Africa/Kampala,UTC +3.0 ,2.35499875417349,33.0020410965796
Uganda,Uganda,UG,,,Lira,,Moroto,,Apalla,,Okwangole,Africa/Kampala,UTC +3.0 ,2.37783644529503,33.0257145111408
Uganda,Uganda,UG,,,Lira,,Moroto,,Apalla,,Oteno,Africa/Kampala,UTC +3.0 ,2.39267526622577,33.1109942632861
Uganda,Uganda,UG,,,Lira,,Moroto,,Apalla,,Tekulu,Africa/Kampala,UTC +3.0 ,2.424210996535,33.1575466470677
Uganda,Uganda,UG,,,Lira,,Moroto,,Omoro,,Abukamola,Africa/Kampala,UTC +3.0 ,2.21445817805675,33.3359187517662
Uganda,Uganda,UG,,,Lira,,Moroto,,Omoro,,Alolololo,Africa/Kampala,UTC +3.0 ,2.32487956535104,33.4612108640838
Uganda,Uganda,UG,,,Lira,,Moroto,,Omoro,,Angetta,Africa/Kampala,UTC +3.0 ,2.18949682569115,33.4286628445962
Uganda,Uganda,UG,,,Lira,,Moroto,,Omoro,,Ocokober,Africa/Kampala,UTC +3.0 ,2.27009871239437,33.4705549891904
Uganda,Uganda,UG,,,Lira,,Moroto,,Omoro,,Oculokori,Africa/Kampala,UTC +3.0 ,2.28000782548172,33.3723462674746
Uganda,Uganda,UG,,,Lira,,Moroto,,Omoro,,Omarari,Africa/Kampala,UTC +3.0 ,2.29521973368322,33.314726624275
Uganda,Uganda,UG,,,Lira,,Otuke,,Adwari,,Agweng,Africa/Kampala,UTC +3.0 ,2.41365423254175,33.2392422069006
Uganda,Uganda,UG,,,Lira,,Otuke,,Adwari,,Alango,Africa/Kampala,UTC +3.0 ,2.46065289112191,33.191891993772
Uganda,Uganda,UG,,,Lira,,Otuke,,Adwari,,Okee,Africa/Kampala,UTC +3.0 ,2.55331804805873,33.234550065742
Uganda,Uganda,UG,,,Lira,,Otuke,,Adwari,,Okere,Africa/Kampala,UTC +3.0 ,2.57252768109749,33.2868831155738
Uganda,Uganda,UG,,,Lira,,Otuke,,Adwari,,Olarokwon,Africa/Kampala,UTC +3.0 ,2.50609335293495,33.2847320014851
Uganda,Uganda,UG,,,Lira,,Otuke,,Adwari,,Omito,Africa/Kampala,UTC +3.0 ,2.45186410425889,33.2848631308349
Uganda,Uganda,UG,,,Lira,,Otuke,,Okwang,,Amoyai,Africa/Kampala,UTC +3.0 ,2.53178806399249,33.0466224898054
Uganda,Uganda,UG,,,Lira,,Otuke,,Okwang,,Arwotngo,Africa/Kampala,UTC +3.0 ,2.54067911040485,33.1919703056764
Uganda,Uganda,UG,,,Lira,,Otuke,,Okwang,,Barocok,Africa/Kampala,UTC +3.0 ,2.51042323660003,33.0885788194332
Uganda,Uganda,UG,,,Lira,,Otuke,,Okwang,,Olworngu,Africa/Kampala,UTC +3.0 ,2.57801930291771,33.1456434156251
Uganda,Uganda,UG,,,Lira,,Otuke,,Okwang,,Opejal,Africa/Kampala,UTC +3.0 ,2.53782021289443,33.118414453847
Uganda,Uganda,UG,,,Lira,,Otuke,,Olilim,,Amunga,Africa/Kampala,UTC +3.0 ,2.43513374374649,33.5464445549771
Uganda,Uganda,UG,,,Lira,,Otuke,,Olilim,,Anepkide,Africa/Kampala,UTC +3.0 ,2.47860908355895,33.4392181147131
Uganda,Uganda,UG,,,Lira,,Otuke,,Olilim,,Angetta,Africa/Kampala,UTC +3.0 ,2.45149547827461,33.4953908237194
Uganda,Uganda,UG,,,Lira,,Otuke,,Olilim,,Atira,Africa/Kampala,UTC +3.0 ,2.37552440045002,33.6121736677407
Uganda,Uganda,UG,,,Lira,,Otuke,,Olilim,,Gotojwang,Africa/Kampala,UTC +3.0 ,2.544390120864,33.5088905472719
Uganda,Uganda,UG,,,Lira,,Otuke,,Olilim,,Ogwete,Africa/Kampala,UTC +3.0 ,2.42646721940572,33.5971692337333
Uganda,Uganda,UG,,,Lira,,Otuke,,Orum,,Alangi,Africa/Kampala,UTC +3.0 ,2.37498354123537,33.3421963684541
Uganda,Uganda,UG,,,Lira,,Otuke,,Orum,,Anepmoroto,Africa/Kampala,UTC +3.0 ,2.39252530359275,33.2987809054165
Uganda,Uganda,UG,,,Lira,,Otuke,,Orum,,Anyalima,Africa/Kampala,UTC +3.0 ,2.58064542983954,33.4585251153749
Uganda,Uganda,UG,,,Lira,,Otuke,,Orum,,Atang-Gwata,Africa/Kampala,UTC +3.0 ,2.51657004503358,33.4142852269761
Uganda,Uganda,UG,,,Lira,,Otuke,,Orum,,Ating,Africa/Kampala,UTC +3.0 ,2.39347510548437,33.3963161131584
Uganda,Uganda,UG,,,Lira,,Otuke,,Orum,,Oluro,Africa/Kampala,UTC +3.0 ,2.54375222327815,33.3572169263486
Uganda,Uganda,UG,,,Luwero,,Bamunanika,,Bamunanika,,Kibanyi,Africa/Kampala,UTC +3.0 ,0.723457556529671,32.6450812467449
Uganda,Uganda,UG,,,Luwero,,Bamunanika,,Bamunanika,,Kibirizi,Africa/Kampala,UTC +3.0 ,0.645128557345375,32.6116382602058
Uganda,Uganda,UG,,,Luwero,,Bamunanika,,Bamunanika,,Kiteme,Africa/Kampala,UTC +3.0 ,0.719382819996469,32.6074300366737
Uganda,Uganda,UG,,,Luwero,,Bamunanika,,Bamunanika,,Kyampisi (Bamunanika),Africa/Kampala,UTC +3.0 ,0.681803436322913,32.6162465109238
Uganda,Uganda,UG,,,Luwero,,Bamunanika,,Bamunanika,,Mpologoma,Africa/Kampala,UTC +3.0 ,0.675189642229671,32.5840006513618
Uganda,Uganda,UG,,,Luwero,,Bamunanika,,Bamunanika,,Sekamuli,Africa/Kampala,UTC +3.0 ,0.773921383110512,32.6218752326298
Uganda,Uganda,UG,,,Luwero,,Bamunanika,,Kalagala,,Busiika,Africa/Kampala,UTC +3.0 ,0.587362985844485,32.6666543803956
Uganda,Uganda,UG,,,Luwero,,Bamunanika,,Kalagala,,Busoke,Africa/Kampala,UTC +3.0 ,0.598363739634745,32.7037039497094
Uganda,Uganda,UG,,,Luwero,,Bamunanika,,Kalagala,,Ddegeya,Africa/Kampala,UTC +3.0 ,0.593419240157936,32.5928480895925
Uganda,Uganda,UG,,,Luwero,,Bamunanika,,Kalagala,,Kalanamu,Africa/Kampala,UTC +3.0 ,0.598974259236963,32.6199187714179
Uganda,Uganda,UG,,,Luwero,,Bamunanika,,Kalagala,,Kamira,Africa/Kampala,UTC +3.0 ,0.573253834096084,32.6536730233838
Uganda,Uganda,UG,,,Luwero,,Bamunanika,,Kalagala,,Kayindu,Africa/Kampala,UTC +3.0 ,0.634499887949126,32.5735060769054
Uganda,Uganda,UG,,,Luwero,,Bamunanika,,Kalagala,,Lunyolya,Africa/Kampala,UTC +3.0 ,0.634721140450466,32.6480501932971
Uganda,Uganda,UG,,,Luwero,,Bamunanika,,Kalagala,,Vvumba,Africa/Kampala,UTC +3.0 ,0.618277988831649,32.6714060591481
Uganda,Uganda,UG,,,Luwero,,Bamunanika,,Kamira,,Kabunyata,Africa/Kampala,UTC +3.0 ,1.0308006146893,32.7286095375906
Uganda,Uganda,UG,,,Luwero,,Bamunanika,,Kamira,,Kaswa,Africa/Kampala,UTC +3.0 ,0.941951712168475,32.6989265932498
Uganda,Uganda,UG,,,Luwero,,Bamunanika,,Kamira,,Katagwe,Africa/Kampala,UTC +3.0 ,0.967399925046283,32.7506410970714
Uganda,Uganda,UG,,,Luwero,,Bamunanika,,Kamira,,Kitenderi,Africa/Kampala,UTC +3.0 ,1.08147145861844,32.6429000176655
Uganda,Uganda,UG,,,Luwero,,Bamunanika,,Kamira,,Mabuye,Africa/Kampala,UTC +3.0 ,0.95043514832162,32.627612617339
Uganda,Uganda,UG,,,Luwero,,Bamunanika,,Kamira,,Mazzi,Africa/Kampala,UTC +3.0 ,1.02243649900422,32.639591787844
Uganda,Uganda,UG,,,Luwero,,Bamunanika,,Kamira,,Nambeere,Africa/Kampala,UTC +3.0 ,1.01198562690988,32.599546075662
Uganda,Uganda,UG,,,Luwero,,Bamunanika,,Kikyusa,,Kibengo,Africa/Kampala,UTC +3.0 ,0.872228450055385,32.7524783614782
Uganda,Uganda,UG,,,Luwero,,Bamunanika,,Kikyusa,,Kibengo,Africa/Kampala,UTC +3.0 ,0.944029622047814,32.7848207580773
Uganda,Uganda,UG,,,Luwero,,Bamunanika,,Kikyusa,,Kireku,Africa/Kampala,UTC +3.0 ,0.901158537159828,32.6051540171219
Uganda,Uganda,UG,,,Luwero,,Bamunanika,,Kikyusa,,Kiziba,Africa/Kampala,UTC +3.0 ,0.8515953740187,32.6566274278508
Uganda,Uganda,UG,,,Luwero,,Bamunanika,,Kikyusa,,Kyampogola,Africa/Kampala,UTC +3.0 ,0.827382092393167,32.6886228857714
Uganda,Uganda,UG,,,Luwero,,Bamunanika,,Kikyusa,,Wabusana,Africa/Kampala,UTC +3.0 ,0.907133337226592,32.6755490709483
Uganda,Uganda,UG,,,Luwero,,Bamunanika,,Kikyusa,,Wankanya,Africa/Kampala,UTC +3.0 ,0.81682324233746,32.6180964844662
Uganda,Uganda,UG,,,Luwero,,Bamunanika,,Zirobwe,,Bubuubi,Africa/Kampala,UTC +3.0 ,0.781096526481936,32.6828251900576
Uganda,Uganda,UG,,,Luwero,,Bamunanika,,Zirobwe,,Bukimu,Africa/Kampala,UTC +3.0 ,0.678914309561256,32.6860857151373
Uganda,Uganda,UG,,,Luwero,,Bamunanika,,Zirobwe,,Kabulanaka,Africa/Kampala,UTC +3.0 ,0.652892271230003,32.7011614431814
Uganda,Uganda,UG,,,Luwero,,Bamunanika,,Zirobwe,,Kakakala,Africa/Kampala,UTC +3.0 ,0.703136982021664,32.7294173415538
Uganda,Uganda,UG,,,Luwero,,Bamunanika,,Zirobwe,,Kyetume,Africa/Kampala,UTC +3.0 ,0.729666442112537,32.6808691659087
Uganda,Uganda,UG,,,Luwero,,Bamunanika,,Zirobwe,,Nakigoza,Africa/Kampala,UTC +3.0 ,0.766741930812919,32.7333804129964
Uganda,Uganda,UG,,,Luwero,,Bamunanika,,Zirobwe,,Nambi,Africa/Kampala,UTC +3.0 ,0.67909092875901,32.6538204702649
Uganda,Uganda,UG,,,Luwero,,Bamunanika,,Zirobwe,,Ngalonkalu,Africa/Kampala,UTC +3.0 ,0.649466817391463,32.7307396027323
Uganda,Uganda,UG,,,Luwero,,Katikamu,,Bombo Tc,,Bombo Central,Africa/Kampala,UTC +3.0 ,0.579979770336895,32.5449132615452
Uganda,Uganda,UG,,,Luwero,,Katikamu,,Bombo Tc,,Lomule,Africa/Kampala,UTC +3.0 ,0.584424287417359,32.5291389955183
Uganda,Uganda,UG,,,Luwero,,Katikamu,,Bombo Tc,,Mpakawero,Africa/Kampala,UTC +3.0 ,0.587567023837862,32.5413473863259
Uganda,Uganda,UG,,,Luwero,,Katikamu,,Bombo Tc,,Namaliga,Africa/Kampala,UTC +3.0 ,0.585074230168215,32.5509692294216
Uganda,Uganda,UG,,,Luwero,,Katikamu,,Bombo Tc,,Nkokonjeru,Africa/Kampala,UTC +3.0 ,0.574971264284494,32.5366115055311
Uganda,Uganda,UG,,,Luwero,,Katikamu,,Bombo Tc,,Special Area,Africa/Kampala,UTC +3.0 ,0.585878691197708,32.5379208732858
Uganda,Uganda,UG,,,Luwero,,Katikamu,,Butuntumula,,Bamugolodde,Africa/Kampala,UTC +3.0 ,0.89358373786757,32.5251229055465
Uganda,Uganda,UG,,,Luwero,,Katikamu,,Butuntumula,,Bukambagga,Africa/Kampala,UTC +3.0 ,0.879849339392874,32.5597153002202
Uganda,Uganda,UG,,,Luwero,,Katikamu,,Butuntumula,,Kakabala,Africa/Kampala,UTC +3.0 ,0.979443724040346,32.4750138485867
Uganda,Uganda,UG,,,Luwero,,Katikamu,,Butuntumula,,Kakinzi,Africa/Kampala,UTC +3.0 ,0.922255871149865,32.4468822036026
Uganda,Uganda,UG,,,Luwero,,Katikamu,,Butuntumula,,Kalwanga,Africa/Kampala,UTC +3.0 ,1.02617649404405,32.3919031725137
Uganda,Uganda,UG,,,Luwero,,Katikamu,,Butuntumula,,Kyawangabi,Africa/Kampala,UTC +3.0 ,0.959049341197571,32.5575731867997
Uganda,Uganda,UG,,,Luwero,,Katikamu,,Butuntumula,,Ngogolo,Africa/Kampala,UTC +3.0 ,0.914984257267149,32.4906849106855
Uganda,Uganda,UG,,,Luwero,,Katikamu,,Katikamu,,Bukeeka,Africa/Kampala,UTC +3.0 ,0.747527622979301,32.5595234872851
Uganda,Uganda,UG,,,Luwero,,Katikamu,,Katikamu,,Buyuki,Africa/Kampala,UTC +3.0 ,0.744096155438093,32.5877864942956
Uganda,Uganda,UG,,,Luwero,,Katikamu,,Katikamu,,Buyuki,Africa/Kampala,UTC +3.0 ,0.776926660240353,32.5749455841433
Uganda,Uganda,UG,,,Luwero,,Katikamu,,Katikamu,,Kikoma,Africa/Kampala,UTC +3.0 ,0.692755933030738,32.5215616848569
Uganda,Uganda,UG,,,Luwero,,Katikamu,,Katikamu,,Kyalugondo,Africa/Kampala,UTC +3.0 ,0.76139066465771,32.4921690712562
Uganda,Uganda,UG,,,Luwero,,Katikamu,,Katikamu,,Migadde,Africa/Kampala,UTC +3.0 ,0.774005671897782,32.5295016094586
Uganda,Uganda,UG,,,Luwero,,Katikamu,,Katikamu,,Musaale-Busula,Africa/Kampala,UTC +3.0 ,0.680950198981795,32.5466267741946
Uganda,Uganda,UG,,,Luwero,,Katikamu,,Katikamu,,Tweyanze,Africa/Kampala,UTC +3.0 ,0.722764283364651,32.5643010159509
Uganda,Uganda,UG,,,Luwero,,Katikamu,,Luwero,,Bwaziba,Africa/Kampala,UTC +3.0 ,0.818216867095965,32.5767258899434
Uganda,Uganda,UG,,,Luwero,,Katikamu,,Luwero,,Bweyeyo,Africa/Kampala,UTC +3.0 ,0.828907131818744,32.4622998584441
Uganda,Uganda,UG,,,Luwero,,Katikamu,,Luwero,,Kabakedi,Africa/Kampala,UTC +3.0 ,0.844235097491771,32.5443273182713
Uganda,Uganda,UG,,,Luwero,,Katikamu,,Luwero,,Kaguugo,Africa/Kampala,UTC +3.0 ,0.815231160490281,32.5271729604249
Uganda,Uganda,UG,,,Luwero,,Katikamu,,Luwero,,Kaguugo,Africa/Kampala,UTC +3.0 ,0.829367981618486,32.4900632756431
Uganda,Uganda,UG,,,Luwero,,Katikamu,,Luwero,,Kasaala,Africa/Kampala,UTC +3.0 ,0.876762312500256,32.4752109941885
Uganda,Uganda,UG,,,Luwero,,Katikamu,,Luwero,,Katugo,Africa/Kampala,UTC +3.0 ,0.864836141432822,32.5909084518679
Uganda,Uganda,UG,,,Luwero,,Katikamu,,Luwero,,Kigombe,Africa/Kampala,UTC +3.0 ,0.803971773374996,32.4864762141374
Uganda,Uganda,UG,,,Luwero,,Katikamu,,Luwero,,Kikube,Africa/Kampala,UTC +3.0 ,0.911647374865147,32.4142409539021
Uganda,Uganda,UG,,,Luwero,,Katikamu,,Luwero,,Nakikoota,Africa/Kampala,UTC +3.0 ,0.861672963054692,32.4432203747965
Uganda,Uganda,UG,,,Luwero,,Katikamu,,Luwero Tc,,Kasana-Kavule,Africa/Kampala,UTC +3.0 ,0.83430848912174,32.4959109156978
Uganda,Uganda,UG,,,Luwero,,Katikamu,,Luwero Tc,,Kiwogozi,Africa/Kampala,UTC +3.0 ,0.842272299794057,32.506482239184
Uganda,Uganda,UG,,,Luwero,,Katikamu,,Luwero Tc,,Luwero Central,Africa/Kampala,UTC +3.0 ,0.847612347084176,32.489221621946
Uganda,Uganda,UG,,,Luwero,,Katikamu,,Luwero Tc,,Luwero East,Africa/Kampala,UTC +3.0 ,0.860511751511346,32.4892513747884
Uganda,Uganda,UG,,,Luwero,,Katikamu,,Luwero Tc,,Luwero West,Africa/Kampala,UTC +3.0 ,0.848214002125799,32.480229650579
Uganda,Uganda,UG,,,Luwero,,Katikamu,,Luwero Tc,,P.W.D.,Africa/Kampala,UTC +3.0 ,0.815855809995288,32.503320418949
Uganda,Uganda,UG,,,Luwero,,Katikamu,,Makulubita,,Kagogo,Africa/Kampala,UTC +3.0 ,0.660542948834361,32.4563058825687
Uganda,Uganda,UG,,,Luwero,,Katikamu,,Makulubita,,Kalasa,Africa/Kampala,UTC +3.0 ,0.588062593222623,32.4125231957707
Uganda,Uganda,UG,,,Luwero,,Katikamu,,Makulubita,,Kangave,Africa/Kampala,UTC +3.0 ,0.577245261262521,32.342010102661
Uganda,Uganda,UG,,,Luwero,,Katikamu,,Makulubita,,Kanyanda,Africa/Kampala,UTC +3.0 ,0.600314187584269,32.3799834166932
Uganda,Uganda,UG,,,Luwero,,Katikamu,,Makulubita,,Kasozi,Africa/Kampala,UTC +3.0 ,0.64191350066833,32.4058225344385
Uganda,Uganda,UG,,,Luwero,,Katikamu,,Makulubita,,Makulubita,Africa/Kampala,UTC +3.0 ,0.615641339190062,32.4388475581383
Uganda,Uganda,UG,,,Luwero,,Katikamu,,Makulubita,,Mawale,Africa/Kampala,UTC +3.0 ,0.614655380273887,32.3546484333344
Uganda,Uganda,UG,,,Luwero,,Katikamu,,Makulubita,,Nsanvu,Africa/Kampala,UTC +3.0 ,0.583152760578866,32.4526365951352
Uganda,Uganda,UG,,,Luwero,,Katikamu,,Makulubita,,Waluleeta,Africa/Kampala,UTC +3.0 ,0.662780937077739,32.4819257095894
Uganda,Uganda,UG,,,Luwero,,Katikamu,,Nyimbwa,,Bajjo,Africa/Kampala,UTC +3.0 ,0.577711952982374,32.5536812999179
Uganda,Uganda,UG,,,Luwero,,Katikamu,,Nyimbwa,,Buvuma,Africa/Kampala,UTC +3.0 ,0.618173169379184,32.545483153441
Uganda,Uganda,UG,,,Luwero,,Katikamu,,Nyimbwa,,Kalule,Africa/Kampala,UTC +3.0 ,0.649817888379227,32.539014819153
Uganda,Uganda,UG,,,Luwero,,Katikamu,,Nyimbwa,,Kiyanda,Africa/Kampala,UTC +3.0 ,0.630945437373037,32.4967405290262
Uganda,Uganda,UG,,,Luwero,,Katikamu,,Nyimbwa,,Nakatonya,Africa/Kampala,UTC +3.0 ,0.607273336394822,32.531945441349
Uganda,Uganda,UG,,,Luwero,,Katikamu,,Nyimbwa,,Ssambwe,Africa/Kampala,UTC +3.0 ,0.588991395278558,32.4934644136464
Uganda,Uganda,UG,,,Luwero,,Katikamu,,Wobulenzi Tc,,Bukalasa,Africa/Kampala,UTC +3.0 ,0.713157905659419,32.5138485173691
Uganda,Uganda,UG,,,Luwero,,Katikamu,,Wobulenzi Tc,,Katikamu,Africa/Kampala,UTC +3.0 ,0.7341349164244,32.5045073407979
Uganda,Uganda,UG,,,Luwero,,Katikamu,,Wobulenzi Tc,,Wobulenzi Central,Africa/Kampala,UTC +3.0 ,0.713610944552372,32.5148673831815
Uganda,Uganda,UG,,,Luwero,,Katikamu,,Wobulenzi Tc,,Wobulenzi East,Africa/Kampala,UTC +3.0 ,0.722438749436354,32.5342749751093
Uganda,Uganda,UG,,,Luwero,,Katikamu,,Wobulenzi Tc,,Wobulenzi West,Africa/Kampala,UTC +3.0 ,0.720867753934783,32.5242838914028
Uganda,Uganda,UG,,,Luwero,,Nakaseke,,Kapeeka,,Kalagala,Africa/Kampala,UTC +3.0 ,0.724340946253004,32.2204088671395
Uganda,Uganda,UG,,,Luwero,,Nakaseke,,Kapeeka,,Kapeeka,Africa/Kampala,UTC +3.0 ,0.672580386331914,32.2575821641414
Uganda,Uganda,UG,,,Luwero,,Nakaseke,,Kapeeka,,Kisimula,Africa/Kampala,UTC +3.0 ,0.668139978282237,32.2010664654717
Uganda,Uganda,UG,,,Luwero,,Nakaseke,,Kapeeka,,Kitto,Africa/Kampala,UTC +3.0 ,0.785320496604732,32.3037201617064
Uganda,Uganda,UG,,,Luwero,,Nakaseke,,Kapeeka,,Kivumu,Africa/Kampala,UTC +3.0 ,0.787217105149151,32.2399489158075
Uganda,Uganda,UG,,,Luwero,,Nakaseke,,Kapeeka,,Naluvule,Africa/Kampala,UTC +3.0 ,0.72166067576194,32.2708289271226
Uganda,Uganda,UG,,,Luwero,,Nakaseke,,Kapeeka,,Namusaale,Africa/Kampala,UTC +3.0 ,0.710471625892356,32.3041872283696
Uganda,Uganda,UG,,,Luwero,,Nakaseke,,Kasangombe,,Bukuuku,Africa/Kampala,UTC +3.0 ,0.729962847407517,32.4484870243599
Uganda,Uganda,UG,,,Luwero,,Nakaseke,,Kasangombe,,Bulyake,Africa/Kampala,UTC +3.0 ,0.71103834603367,32.4762870312099
Uganda,Uganda,UG,,,Luwero,,Nakaseke,,Kasangombe,,Mpwedde,Africa/Kampala,UTC +3.0 ,0.686606484960245,32.4303134892209
Uganda,Uganda,UG,,,Luwero,,Nakaseke,,Kasangombe,,Nakaseta,Africa/Kampala,UTC +3.0 ,0.787658766474641,32.4367997114893
Uganda,Uganda,UG,,,Luwero,,Nakaseke,,Kasangombe,,Sakabusolo,Africa/Kampala,UTC +3.0 ,0.752154735655964,32.4312557870664
Uganda,Uganda,UG,,,Luwero,,Nakaseke,,Kikamulo,,Kamuli (Musale),Africa/Kampala,UTC +3.0 ,0.795187274503335,32.3888258796639
Uganda,Uganda,UG,,,Luwero,,Nakaseke,,Kikamulo,,Kapeke,Africa/Kampala,UTC +3.0 ,0.88533704842612,32.3719729342895
Uganda,Uganda,UG,,,Luwero,,Nakaseke,,Kikamulo,,Kasana,Africa/Kampala,UTC +3.0 ,0.841451223877191,32.3461962536705
Uganda,Uganda,UG,,,Luwero,,Nakaseke,,Kikamulo,,Kibose,Africa/Kampala,UTC +3.0 ,0.796331348032098,32.3543287004829
Uganda,Uganda,UG,,,Luwero,,Nakaseke,,Kikamulo,,Luteete,Africa/Kampala,UTC +3.0 ,0.819048916094558,32.4081948273073
Uganda,Uganda,UG,,,Luwero,,Nakaseke,,Kikamulo,,Magoma,Africa/Kampala,UTC +3.0 ,0.849090485045383,32.3939868782975
Uganda,Uganda,UG,,,Luwero,,Nakaseke,,Kikamulo,,Wakayamba,Africa/Kampala,UTC +3.0 ,0.8768863620349,32.3163071421239
Uganda,Uganda,UG,,,Luwero,,Nakaseke,,Nakaseke,,Bulwadda,Africa/Kampala,UTC +3.0 ,0.691566966122701,32.39567474717
Uganda,Uganda,UG,,,Luwero,,Nakaseke,,Nakaseke,,Kiggegge,Africa/Kampala,UTC +3.0 ,0.76303658309777,32.3816209569548
Uganda,Uganda,UG,,,Luwero,,Nakaseke,,Nakaseke,,Kyamutakasa,Africa/Kampala,UTC +3.0 ,0.702222081560727,32.3432724173027
Uganda,Uganda,UG,,,Luwero,,Nakaseke,,Nakaseke,,Mifunya,Africa/Kampala,UTC +3.0 ,0.745616790246194,32.3511592550611
Uganda,Uganda,UG,,,Luwero,,Nakaseke,,Nakaseke,,Nakaseke,Africa/Kampala,UTC +3.0 ,0.726125160104064,32.400850459847
Uganda,Uganda,UG,,,Luwero,,Nakaseke,,Ngoma,,Bidduku,Africa/Kampala,UTC +3.0 ,1.4116781680239,31.9813192702151
Uganda,Uganda,UG,,,Luwero,,Nakaseke,,Ngoma,,Bulyamusenyu,Africa/Kampala,UTC +3.0 ,1.35921057300987,31.9128304421178
Uganda,Uganda,UG,,,Luwero,,Nakaseke,,Ngoma,,Buwana,Africa/Kampala,UTC +3.0 ,1.2145296183196,32.2026073859257
Uganda,Uganda,UG,,,Luwero,,Nakaseke,,Ngoma,,Katuugo,Africa/Kampala,UTC +3.0 ,1.04317684312906,32.0868794230447
Uganda,Uganda,UG,,,Luwero,,Nakaseke,,Ngoma,,Kigweri,Africa/Kampala,UTC +3.0 ,1.09773776501655,32.0497930612715
Uganda,Uganda,UG,,,Luwero,,Nakaseke,,Ngoma,,Kiteyongera,Africa/Kampala,UTC +3.0 ,0.958032180196494,32.0552038704323
Uganda,Uganda,UG,,,Luwero,,Nakaseke,,Ngoma,,Kyalusebeka,Africa/Kampala,UTC +3.0 ,1.29291519286899,32.0670177745275
Uganda,Uganda,UG,,,Luwero,,Nakaseke,,Ngoma,,Ngoma,Africa/Kampala,UTC +3.0 ,1.20807857634873,31.9435291554473
Uganda,Uganda,UG,,,Luwero,,Nakaseke,,Semuto,,Kikandwa,Africa/Kampala,UTC +3.0 ,0.634367646186059,32.2731760743928
Uganda,Uganda,UG,,,Luwero,,Nakaseke,,Semuto,,Kikyusa,Africa/Kampala,UTC +3.0 ,0.584006266268288,32.2931012785698
Uganda,Uganda,UG,,,Luwero,,Nakaseke,,Semuto,,Kirema,Africa/Kampala,UTC +3.0 ,0.632845843717254,32.2342694060359
Uganda,Uganda,UG,,,Luwero,,Nakaseke,,Semuto,,Kisega,Africa/Kampala,UTC +3.0 ,0.558877008009612,32.3033882436382
Uganda,Uganda,UG,,,Luwero,,Nakaseke,,Semuto,,Migingye,Africa/Kampala,UTC +3.0 ,0.664975727027523,32.3579804991285
Uganda,Uganda,UG,,,Luwero,,Nakaseke,,Semuto,,Segalye,Africa/Kampala,UTC +3.0 ,0.599716481656551,32.2605837349364
Uganda,Uganda,UG,,,Luwero,,Nakaseke,,Semuto,,Semuto,Africa/Kampala,UTC +3.0 ,0.635332332591944,32.3194086135724
Uganda,Uganda,UG,,,Luwero,,Nakaseke,,Wakyato,,Kalagala,Africa/Kampala,UTC +3.0 ,1.0504347378669,32.3053667843489
Uganda,Uganda,UG,,,Luwero,,Nakaseke,,Wakyato,,Kirinda,Africa/Kampala,UTC +3.0 ,0.991554003838611,32.1688203143617
Uganda,Uganda,UG,,,Luwero,,Nakaseke,,Wakyato,,Kisoga,Africa/Kampala,UTC +3.0 ,0.829346048471559,32.3147173881389
Uganda,Uganda,UG,,,Luwero,,Nakaseke,,Wakyato,,Mijumwa,Africa/Kampala,UTC +3.0 ,0.906968631209022,32.2090847032914
Uganda,Uganda,UG,,,Luwero,,Nakaseke,,Wakyato,,Nakonge,Africa/Kampala,UTC +3.0 ,0.855569825726421,32.2507166344076
Uganda,Uganda,UG,,,Masaka,,Bukomansimbi,,Bigasa,,Bukango,Africa/Kampala,UTC +3.0 ,0.005655603487487,31.6094663828613
Uganda,Uganda,UG,,,Masaka,,Bukomansimbi,,Bigasa,,Butalaga,Africa/Kampala,UTC +3.0 ,-0.080843591126288,31.6778278869168
Uganda,Uganda,UG,,,Masaka,,Bukomansimbi,,Bigasa,,Kigangazzi,Africa/Kampala,UTC +3.0 ,-0.015781035904419,31.6589224339756
Uganda,Uganda,UG,,,Masaka,,Bukomansimbi,,Bigasa,,Mbirizi,Africa/Kampala,UTC +3.0 ,-0.090461752623775,31.634064664809
Uganda,Uganda,UG,,,Masaka,,Bukomansimbi,,Butenga,,Kabigi,Africa/Kampala,UTC +3.0 ,-0.147153683384413,31.6600688963679
Uganda,Uganda,UG,,,Masaka,,Bukomansimbi,,Butenga,,Kassebwera,Africa/Kampala,UTC +3.0 ,-0.187715040971669,31.5887214489903
Uganda,Uganda,UG,,,Masaka,,Bukomansimbi,,Butenga,,Kawoko,Africa/Kampala,UTC +3.0 ,-0.196482849162251,31.6851104193421
Uganda,Uganda,UG,,,Masaka,,Bukomansimbi,,Butenga,,Kisagazi,Africa/Kampala,UTC +3.0 ,-0.159147925749577,31.6220306931424
Uganda,Uganda,UG,,,Masaka,,Bukomansimbi,,Butenga,,Kisiita,Africa/Kampala,UTC +3.0 ,-0.249971598237947,31.6977781094896
Uganda,Uganda,UG,,,Masaka,,Bukomansimbi,,Butenga,,Kyankoole,Africa/Kampala,UTC +3.0 ,-0.2100784434786,31.644547308001
Uganda,Uganda,UG,,,Masaka,,Bukomansimbi,,Kibingo,,Butayunja,Africa/Kampala,UTC +3.0 ,-0.227475941330468,31.5862467167744
Uganda,Uganda,UG,,,Masaka,,Bukomansimbi,,Kibingo,,Kiryassaaka,Africa/Kampala,UTC +3.0 ,-0.263765548977006,31.6481150277495
Uganda,Uganda,UG,,,Masaka,,Bukomansimbi,,Kibingo,,Kisojjo,Africa/Kampala,UTC +3.0 ,-0.275662053872876,31.6809608576259
Uganda,Uganda,UG,,,Masaka,,Bukomansimbi,,Kibingo,,Maleku,Africa/Kampala,UTC +3.0 ,-0.243993958964506,31.6174657185099
Uganda,Uganda,UG,,,Masaka,,Bukomansimbi,,Kibingo,,Mirambi,Africa/Kampala,UTC +3.0 ,-0.286067529853704,31.6244213554414
Uganda,Uganda,UG,,,Masaka,,Bukomansimbi,,Kitanda,,Gayaza,Africa/Kampala,UTC +3.0 ,-0.06629145108803,31.5733256594026
Uganda,Uganda,UG,,,Masaka,,Bukomansimbi,,Kitanda,,Luwoko,Africa/Kampala,UTC +3.0 ,-0.115784513554946,31.6022374496862
Uganda,Uganda,UG,,,Masaka,,Bukomansimbi,,Kitanda,,Makukuulu,Africa/Kampala,UTC +3.0 ,-0.023467650109819,31.5714329250347
Uganda,Uganda,UG,,,Masaka,,Bukomansimbi,,Kitanda,,Mitigyera,Africa/Kampala,UTC +3.0 ,-0.109599772595931,31.5662574143577
Uganda,Uganda,UG,,,Masaka,,Bukomansimbi,,Kitanda,,Ndeeba,Africa/Kampala,UTC +3.0 ,-0.156420401419903,31.5688280461439
Uganda,Uganda,UG,,,Masaka,,Bukoto,,Bukakata,,Bukibonga,Africa/Kampala,UTC +3.0 ,-0.331563922106904,31.961259091563
Uganda,Uganda,UG,,,Masaka,,Bukoto,,Bukakata,,Bukibonga,Africa/Kampala,UTC +3.0 ,-0.319630344190323,32.0500452818265
Uganda,Uganda,UG,,,Masaka,,Bukoto,,Bukakata,,Bukibonga,Africa/Kampala,UTC +3.0 ,-0.258834586802731,32.0082119856242
Uganda,Uganda,UG,,,Masaka,,Bukoto,,Bukakata,,Bukibonga,Africa/Kampala,UTC +3.0 ,-0.258566592510152,32.0115744410016
Uganda,Uganda,UG,,,Masaka,,Bukoto,,Bukakata,,Makonzi,Africa/Kampala,UTC +3.0 ,-0.278662343071155,31.9133440323828
Uganda,Uganda,UG,,,Masaka,,Bukoto,,Bukakata,,Makonzi,Africa/Kampala,UTC +3.0 ,-0.250197815430935,31.9106791766201
Uganda,Uganda,UG,,,Masaka,,Bukoto,,Bukakata,,Makonzi,Africa/Kampala,UTC +3.0 ,-0.24855082656721,31.9155379345821
Uganda,Uganda,UG,,,Masaka,,Bukoto,,Bukakata,,Makonzi,Africa/Kampala,UTC +3.0 ,-0.234729137406049,31.9086638929841
Uganda,Uganda,UG,,,Masaka,,Bukoto,,Bukakata,,Makonzi,Africa/Kampala,UTC +3.0 ,-0.265424505515115,31.9256986273203
Uganda,Uganda,UG,,,Masaka,,Bukoto,,Bukakata,,Makonzi,Africa/Kampala,UTC +3.0 ,-0.261681339344883,31.9325554468979
Uganda,Uganda,UG,,,Masaka,,Bukoto,,Bukakata,,Makonzi,Africa/Kampala,UTC +3.0 ,-0.253956685349356,31.9318759833661
Uganda,Uganda,UG,,,Masaka,,Bukoto,,Bukakata,,Makonzi,Africa/Kampala,UTC +3.0 ,-0.24670797193635,31.9618715843091
Uganda,Uganda,UG,,,Masaka,,Bukoto,,Bukakata,,Makonzi,Africa/Kampala,UTC +3.0 ,-0.237041250918169,31.9265231826461
Uganda,Uganda,UG,,,Masaka,,Bukoto,,Bukakata,,Makonzi,Africa/Kampala,UTC +3.0 ,-0.21492360257643,31.9285497857069
Uganda,Uganda,UG,,,Masaka,,Bukoto,,Bukakata,,Makonzi,Africa/Kampala,UTC +3.0 ,-0.220196226835749,31.9256419942004
Uganda,Uganda,UG,,,Masaka,,Bukoto,,Bukakata,,Makonzi,Africa/Kampala,UTC +3.0 ,-0.212534190864557,31.9183938993221
Uganda,Uganda,UG,,,Masaka,,Bukoto,,Bukakata,,Ssunga,Africa/Kampala,UTC +3.0 ,-0.298687603761298,31.8861351273009
Uganda,Uganda,UG,,,Masaka,,Bukoto,,Buwunga,,Bulando,Africa/Kampala,UTC +3.0 ,-0.355004902392006,31.7799361194551
Uganda,Uganda,UG,,,Masaka,,Bukoto,,Buwunga,,Buwunga,Africa/Kampala,UTC +3.0 ,-0.388474561236584,31.7764456610495
Uganda,Uganda,UG,,,Masaka,,Bukoto,,Buwunga,,Buwunga,Africa/Kampala,UTC +3.0 ,0.543028476343297,33.6882045292985
Uganda,Uganda,UG,,,Masaka,,Bukoto,,Buwunga,,Ggulama,Africa/Kampala,UTC +3.0 ,-0.413078445747238,31.7130073145187
Uganda,Uganda,UG,,,Masaka,,Bukoto,,Buwunga,,Kamwozi,Africa/Kampala,UTC +3.0 ,-0.425249853690069,31.7464228389226
Uganda,Uganda,UG,,,Masaka,,Bukoto,,Buwunga,,Kanywa,Africa/Kampala,UTC +3.0 ,-0.441774429176738,31.828694775623
Uganda,Uganda,UG,,,Masaka,,Bukoto,,Buwunga,,Kasaka,Africa/Kampala,UTC +3.0 ,-0.393125492168386,31.8677735034017
Uganda,Uganda,UG,,,Masaka,,Bukoto,,Buwunga,,Kitengesa,Africa/Kampala,UTC +3.0 ,-0.38327143641302,31.7418257946655
Uganda,Uganda,UG,,,Masaka,,Bukoto,,Buwunga,,Mazinga,Africa/Kampala,UTC +3.0 ,-0.364861824125372,31.8126975486501
Uganda,Uganda,UG,,,Masaka,,Bukoto,,Kabonera,,Bisanje,Africa/Kampala,UTC +3.0 ,-0.39660927462691,31.6905881795528
Uganda,Uganda,UG,,,Masaka,,Bukoto,,Kabonera,,Butale,Africa/Kampala,UTC +3.0 ,-0.393587247607915,31.6562403932481
Uganda,Uganda,UG,,,Masaka,,Bukoto,,Kabonera,,Kakunyu,Africa/Kampala,UTC +3.0 ,-0.387920257881144,31.6102865243741
Uganda,Uganda,UG,,,Masaka,,Bukoto,,Kabonera,,Kirimya,Africa/Kampala,UTC +3.0 ,-0.366855156679089,31.7138027151659
Uganda,Uganda,UG,,,Masaka,,Bukoto,,Kabonera,,Kitanga,Africa/Kampala,UTC +3.0 ,-0.420794888295737,31.6147620649681
Uganda,Uganda,UG,,,Masaka,,Bukoto,,Kabonera,,Kiziba,Africa/Kampala,UTC +3.0 ,-0.437522176151515,31.6783774185823
Uganda,Uganda,UG,,,Masaka,,Bukoto,,Kabonera,,Kyamuyimbwa,Africa/Kampala,UTC +3.0 ,-0.423061953865441,31.6588134928078
Uganda,Uganda,UG,,,Masaka,,Bukoto,,Kisekka,,Busubi,Africa/Kampala,UTC +3.0 ,-0.38071950061932,31.558126007769
Uganda,Uganda,UG,,,Masaka,,Bukoto,,Kisekka,,Kankamba,Africa/Kampala,UTC +3.0 ,-0.429540503619758,31.5191928114179
Uganda,Uganda,UG,,,Masaka,,Bukoto,,Kisekka,,Kikenene,Africa/Kampala,UTC +3.0 ,-0.425378932993561,31.5686996019191
Uganda,Uganda,UG,,,Masaka,,Bukoto,,Kisekka,,Kinoni,Africa/Kampala,UTC +3.0 ,-0.351283033731303,31.5535183881937
Uganda,Uganda,UG,,,Masaka,,Bukoto,,Kisekka,,Kiwangala,Africa/Kampala,UTC +3.0 ,-0.47270812372732,31.5116968097969
Uganda,Uganda,UG,,,Masaka,,Bukoto,,Kisekka,,Nakalembe,Africa/Kampala,UTC +3.0 ,-0.340569319069895,31.5594336691868
Uganda,Uganda,UG,,,Masaka,,Bukoto,,Kisekka,,Nakateete,Africa/Kampala,UTC +3.0 ,-0.384345314840524,31.5213192992263
Uganda,Uganda,UG,,,Masaka,,Bukoto,,Kisekka,,Ngereko,Africa/Kampala,UTC +3.0 ,-0.461984944431069,31.5489285182547
Uganda,Uganda,UG,,,Masaka,,Bukoto,,Kkingo,,Kagganda,Africa/Kampala,UTC +3.0 ,-0.346262568534471,31.6055510923444
Uganda,Uganda,UG,,,Masaka,,Bukoto,,Kkingo,,Kasaana,Africa/Kampala,UTC +3.0 ,-0.308217781538048,31.6294158781157
Uganda,Uganda,UG,,,Masaka,,Bukoto,,Kkingo,,Kisansala,Africa/Kampala,UTC +3.0 ,-0.365931373016819,31.6404112600256
Uganda,Uganda,UG,,,Masaka,,Bukoto,,Kkingo,,Kiteredde/Kkingo,Africa/Kampala,UTC +3.0 ,-0.323088664046991,31.6854002593163
Uganda,Uganda,UG,,,Masaka,,Bukoto,,Kkingo,,Nkoni,Africa/Kampala,UTC +3.0 ,-0.33540909710769,31.6442078645023
Uganda,Uganda,UG,,,Masaka,,Bukoto,,Kkingo,,Ssenya,Africa/Kampala,UTC +3.0 ,-0.360406538391851,31.6811878540237
Uganda,Uganda,UG,,,Masaka,,Bukoto,,Kyanamukaaka,,Bbuliro,Africa/Kampala,UTC +3.0 ,-0.62939920535057,31.7676404476467
Uganda,Uganda,UG,,,Masaka,,Bukoto,,Kyanamukaaka,,Bugere,Africa/Kampala,UTC +3.0 ,-0.579241505606023,31.6942865980834
Uganda,Uganda,UG,,,Masaka,,Bukoto,,Kyanamukaaka,,Buyaga,Africa/Kampala,UTC +3.0 ,-0.50240661092375,31.8083414488594
Uganda,Uganda,UG,,,Masaka,,Bukoto,,Kyanamukaaka,,Buyinja,Africa/Kampala,UTC +3.0 ,-0.460432877892083,31.70565201739
Uganda,Uganda,UG,,,Masaka,,Bukoto,,Kyanamukaaka,,Kamuzinda,Africa/Kampala,UTC +3.0 ,-0.482704965986787,31.6774477761601
Uganda,Uganda,UG,,,Masaka,,Bukoto,,Kyanamukaaka,,Kitunga,Africa/Kampala,UTC +3.0 ,-0.658490612071199,31.7276584722945
Uganda,Uganda,UG,,,Masaka,,Bukoto,,Kyanamukaaka,,Kyantale,Africa/Kampala,UTC +3.0 ,-0.506494318069478,31.7204325078535
Uganda,Uganda,UG,,,Masaka,,Bukoto,,Kyanamukaaka,,Kyesiiga,Africa/Kampala,UTC +3.0 ,-0.579932868514059,31.7271256567966
Uganda,Uganda,UG,,,Masaka,,Bukoto,,Kyanamukaaka,,Zzimwe,Africa/Kampala,UTC +3.0 ,-0.522887263170286,31.7688943885249
Uganda,Uganda,UG,,,Masaka,,Bukoto,,Kyazanga,,Bijaaba,Africa/Kampala,UTC +3.0 ,-0.436722749287279,31.3252975005554
Uganda,Uganda,UG,,,Masaka,,Bukoto,,Kyazanga,,Kakoma,Africa/Kampala,UTC +3.0 ,-0.472221216501634,31.3497727721382
Uganda,Uganda,UG,,,Masaka,,Bukoto,,Kyazanga,,Katuulo,Africa/Kampala,UTC +3.0 ,-0.452736282088378,31.2842738014386
Uganda,Uganda,UG,,,Masaka,,Bukoto,,Kyazanga,,Kitooro,Africa/Kampala,UTC +3.0 ,-0.383539882263387,31.3194973985342
Uganda,Uganda,UG,,,Masaka,,Bukoto,,Kyazanga,,Lyakibirizi,Africa/Kampala,UTC +3.0 ,-0.356819556189683,31.3463095107931
Uganda,Uganda,UG,,,Masaka,,Bukoto,,Lwengo,,Kalisizo,Africa/Kampala,UTC +3.0 ,-0.372827922663956,31.4031543914832
Uganda,Uganda,UG,,,Masaka,,Bukoto,,Lwengo,,Kito,Africa/Kampala,UTC +3.0 ,-0.463573588599196,31.4394073857363
Uganda,Uganda,UG,,,Masaka,,Bukoto,,Lwengo,,Kyawagonya,Africa/Kampala,UTC +3.0 ,-0.420983026246906,31.3962026704949
Uganda,Uganda,UG,,,Masaka,,Bukoto,,Lwengo,,Lwengo,Africa/Kampala,UTC +3.0 ,-0.39770632105755,31.4699571317789
Uganda,Uganda,UG,,,Masaka,,Bukoto,,Lwengo,,Mbirizi,Africa/Kampala,UTC +3.0 ,-0.395255059726389,31.4466887918914
Uganda,Uganda,UG,,,Masaka,,Bukoto,,Lwengo,,Musubiro,Africa/Kampala,UTC +3.0 ,-0.339484635956439,31.4330964765247
Uganda,Uganda,UG,,,Masaka,,Bukoto,,Lwengo,,Nakyenyi,Africa/Kampala,UTC +3.0 ,-0.422634811223982,31.4805621613095
Uganda,Uganda,UG,,,Masaka,,Bukoto,,Lwengo,,Nkunyu,Africa/Kampala,UTC +3.0 ,-0.338736579737031,31.4895129963422
Uganda,Uganda,UG,,,Masaka,,Bukoto,,Malongo,,Kalagala,Africa/Kampala,UTC +3.0 ,-0.416488923558778,31.2251816554101
Uganda,Uganda,UG,,,Masaka,,Bukoto,,Malongo,,Katovu,Africa/Kampala,UTC +3.0 ,-0.354299612402308,31.2359189160901
Uganda,Uganda,UG,,,Masaka,,Bukoto,,Malongo,,Kigeye,Africa/Kampala,UTC +3.0 ,-0.347097311469183,31.2979096170025
Uganda,Uganda,UG,,,Masaka,,Bukoto,,Malongo,,Malongo,Africa/Kampala,UTC +3.0 ,-0.395733177386489,31.2802866230964
Uganda,Uganda,UG,,,Masaka,,Bukoto,,Mukungwe,,Bugabira,Africa/Kampala,UTC +3.0 ,-0.280908078244516,31.7247845887423
Uganda,Uganda,UG,,,Masaka,,Bukoto,,Mukungwe,,Bulayi,Africa/Kampala,UTC +3.0 ,-0.327023123720985,31.8003709088223
Uganda,Uganda,UG,,,Masaka,,Bukoto,,Mukungwe,,Kalagala,Africa/Kampala,UTC +3.0 ,-0.297519490754681,31.766252662208
Uganda,Uganda,UG,,,Masaka,,Bukoto,,Mukungwe,,Katwadde,Africa/Kampala,UTC +3.0 ,-0.318398277420361,31.8420976182323
Uganda,Uganda,UG,,,Masaka,,Bukoto,,Mukungwe,,Matanga,Africa/Kampala,UTC +3.0 ,-0.252867906326055,31.8079980152299
Uganda,Uganda,UG,,,Masaka,,Bukoto,,Mukungwe,,Samalia,Africa/Kampala,UTC +3.0 ,-0.284111010218566,31.80614377954
Uganda,Uganda,UG,,,Masaka,,Bukoto,,Ndagwe,,Makondo,Africa/Kampala,UTC +3.0 ,-0.511003302881463,31.4772762351389
Uganda,Uganda,UG,,,Masaka,,Bukoto,,Ndagwe,,Mpumudde,Africa/Kampala,UTC +3.0 ,-0.499880889466401,31.3783268538185
Uganda,Uganda,UG,,,Masaka,,Bukoto,,Ndagwe,,Nanywa,Africa/Kampala,UTC +3.0 ,-0.497737009833357,31.4174344164293
Uganda,Uganda,UG,,,Masaka,,Bukoto,,Ndagwe,,Ndagwe,Africa/Kampala,UTC +3.0 ,-0.550139451932429,31.4178303745388
Uganda,Uganda,UG,,,Masaka,,Kalungu,,Bukulula,,Bajja,Africa/Kampala,UTC +3.0 ,-0.160880924417701,31.8419600038479
Uganda,Uganda,UG,,,Masaka,,Kalungu,,Bukulula,,Bugonzi,Africa/Kampala,UTC +3.0 ,-0.22734294422934,31.8616274957687
Uganda,Uganda,UG,,,Masaka,,Kalungu,,Bukulula,,Kasaali,Africa/Kampala,UTC +3.0 ,-0.226167800596013,31.8162853808687
Uganda,Uganda,UG,,,Masaka,,Kalungu,,Bukulula,,Kiti,Africa/Kampala,UTC +3.0 ,-0.070895173854198,31.8773734518327
Uganda,Uganda,UG,,,Masaka,,Kalungu,,Bukulula,,Kyambala,Africa/Kampala,UTC +3.0 ,-0.154859621297391,31.8177566905879
Uganda,Uganda,UG,,,Masaka,,Kalungu,,Bukulula,,Lusango,Africa/Kampala,UTC +3.0 ,-0.133336931023447,31.8185532782059
Uganda,Uganda,UG,,,Masaka,,Kalungu,,Bukulula,,Lusasa,Africa/Kampala,UTC +3.0 ,-0.107265966961672,31.8351440122376
Uganda,Uganda,UG,,,Masaka,,Kalungu,,Bukulula,,Mabuye,Africa/Kampala,UTC +3.0 ,-0.192094310532243,31.8131948916019
Uganda,Uganda,UG,,,Masaka,,Kalungu,,Bukulula,,Mukoko,Africa/Kampala,UTC +3.0 ,-0.197095869673124,31.9157647298866
Uganda,Uganda,UG,,,Masaka,,Kalungu,,Bukulula,,Mukoko,Africa/Kampala,UTC +3.0 ,-0.19631367145392,31.9199342212076
Uganda,Uganda,UG,,,Masaka,,Kalungu,,Bukulula,,Mukoko,Africa/Kampala,UTC +3.0 ,-0.188812812387225,31.9204937015575
Uganda,Uganda,UG,,,Masaka,,Kalungu,,Bukulula,,Mukoko,Africa/Kampala,UTC +3.0 ,-0.183779851931556,31.9222482476607
Uganda,Uganda,UG,,,Masaka,,Kalungu,,Bukulula,,Mukoko,Africa/Kampala,UTC +3.0 ,-0.185292652172042,31.8765459919281
Uganda,Uganda,UG,,,Masaka,,Kalungu,,Bukulula,,Mukoko,Africa/Kampala,UTC +3.0 ,-0.174086497497136,31.9209325431495
Uganda,Uganda,UG,,,Masaka,,Kalungu,,Bukulula,,Mukoko,Africa/Kampala,UTC +3.0 ,-0.163513566266311,31.9232755830676
Uganda,Uganda,UG,,,Masaka,,Kalungu,,Bukulula,,Mukoko,Africa/Kampala,UTC +3.0 ,-0.144557083748103,31.9231033434926
Uganda,Uganda,UG,,,Masaka,,Kalungu,,Bukulula,,Mukoko,Africa/Kampala,UTC +3.0 ,-0.182993324291357,31.9320599988964
Uganda,Uganda,UG,,,Masaka,,Kalungu,,Bukulula,,Mukoko,Africa/Kampala,UTC +3.0 ,-0.166302098908242,31.9315463695268
Uganda,Uganda,UG,,,Masaka,,Kalungu,,Bukulula,,Mukoko,Africa/Kampala,UTC +3.0 ,-0.162090529912593,31.9356072185862
Uganda,Uganda,UG,,,Masaka,,Kalungu,,Bukulula,,Mukoko,Africa/Kampala,UTC +3.0 ,-0.154958788786303,31.9252470598083
Uganda,Uganda,UG,,,Masaka,,Kalungu,,Bukulula,,Mukoko,Africa/Kampala,UTC +3.0 ,-0.152997010954612,31.9411229320034
Uganda,Uganda,UG,,,Masaka,,Kalungu,,Bukulula,,Mukoko,Africa/Kampala,UTC +3.0 ,-0.146119614050583,31.9276242599334
Uganda,Uganda,UG,,,Masaka,,Kalungu,,Bukulula,,Mukoko,Africa/Kampala,UTC +3.0 ,-0.142594579121254,31.93321928463
Uganda,Uganda,UG,,,Masaka,,Kalungu,,Bukulula,,Mukoko,Africa/Kampala,UTC +3.0 ,-0.139683725188237,31.9443043342065
Uganda,Uganda,UG,,,Masaka,,Kalungu,,Kalungu,,Bulawula,Africa/Kampala,UTC +3.0 ,-0.172678584134771,31.786918471053
Uganda,Uganda,UG,,,Masaka,,Kalungu,,Kalungu,,Bwasandeku,Africa/Kampala,UTC +3.0 ,-0.140645897029628,31.7124636007804
Uganda,Uganda,UG,,,Masaka,,Kalungu,,Kalungu,,Kaliiro,Africa/Kampala,UTC +3.0 ,-0.204925375688425,31.7283591021534
Uganda,Uganda,UG,,,Masaka,,Kalungu,,Kalungu,,Kalungu,Africa/Kampala,UTC +3.0 ,-0.155350493223349,31.7552399869928
Uganda,Uganda,UG,,,Masaka,,Kalungu,,Kalungu,,Kasanje,Africa/Kampala,UTC +3.0 ,-0.257684588301703,31.7475135306368
Uganda,Uganda,UG,,,Masaka,,Kalungu,,Kalungu,,Kibisi,Africa/Kampala,UTC +3.0 ,-0.249490471359356,31.7752940167487
Uganda,Uganda,UG,,,Masaka,,Kalungu,,Kalungu,,Kitamba,Africa/Kampala,UTC +3.0 ,-0.20283594184149,31.7710868596872
Uganda,Uganda,UG,,,Masaka,,Kalungu,,Kalungu,,Nabutongwa,Africa/Kampala,UTC +3.0 ,-0.180932607200644,31.7329196171949
Uganda,Uganda,UG,,,Masaka,,Kalungu,,Kalungu,,Ntale,Africa/Kampala,UTC +3.0 ,-0.121653791070108,31.7662441710551
Uganda,Uganda,UG,,,Masaka,,Kalungu,,Kalungu,,Villa-Maria,Africa/Kampala,UTC +3.0 ,-0.22878150165967,31.7503026283393
Uganda,Uganda,UG,,,Masaka,,Kalungu,,Kyamuliibwa,,Bakijjulula,Africa/Kampala,UTC +3.0 ,-0.109988607970658,31.7953273489878
Uganda,Uganda,UG,,,Masaka,,Kalungu,,Kyamuliibwa,,Busoga,Africa/Kampala,UTC +3.0 ,-0.073378288402938,31.7294691415992
Uganda,Uganda,UG,,,Masaka,,Kalungu,,Kyamuliibwa,,Kabaale,Africa/Kampala,UTC +3.0 ,-0.087781623852601,31.8115782237207
Uganda,Uganda,UG,,,Masaka,,Kalungu,,Kyamuliibwa,,Kigasa,Africa/Kampala,UTC +3.0 ,-0.059003748976094,31.7853087857412
Uganda,Uganda,UG,,,Masaka,,Kalungu,,Kyamuliibwa,,Kitosi,Africa/Kampala,UTC +3.0 ,-0.099299330339864,31.7243997188417
Uganda,Uganda,UG,,,Masaka,,Kalungu,,Kyamuliibwa,,Kyamulibwa,Africa/Kampala,UTC +3.0 ,-0.061661074504157,31.7532476289142
Uganda,Uganda,UG,,,Masaka,,Kalungu,,Lukaya Tc,,Bajja Ward,Africa/Kampala,UTC +3.0 ,-0.16064231570856,31.8610230167229
Uganda,Uganda,UG,,,Masaka,,Kalungu,,Lukaya Tc,,Central Ward,Africa/Kampala,UTC +3.0 ,-0.126772383597338,31.8705579223571
Uganda,Uganda,UG,,,Masaka,,Kalungu,,Lukaya Tc,,Kaliro Ward,Africa/Kampala,UTC +3.0 ,-0.155645596889987,31.8727880446821
Uganda,Uganda,UG,,,Masaka,,Kalungu,,Lukaya Tc,,Magezi-Kizungu,Africa/Kampala,UTC +3.0 ,-0.138740433746851,31.9369912731624
Uganda,Uganda,UG,,,Masaka,,Kalungu,,Lukaya Tc,,Magezi-Kizungu,Africa/Kampala,UTC +3.0 ,-0.138177972129866,31.944112856169
Uganda,Uganda,UG,,,Masaka,,Kalungu,,Lukaya Tc,,Magezi-Kizungu,Africa/Kampala,UTC +3.0 ,-0.125925400101021,31.9100725364616
Uganda,Uganda,UG,,,Masaka,,Kalungu,,Lwabenge,,Bugomola,Africa/Kampala,UTC +3.0 ,0.043950314387447,31.7130830356454
Uganda,Uganda,UG,,,Masaka,,Kalungu,,Lwabenge,,Bwesa,Africa/Kampala,UTC +3.0 ,0.013132407922001,31.7814519322514
Uganda,Uganda,UG,,,Masaka,,Kalungu,,Lwabenge,,Kibisi,Africa/Kampala,UTC +3.0 ,-0.011632532886682,31.7087443272107
Uganda,Uganda,UG,,,Masaka,,Kalungu,,Lwabenge,,Kiragga,Africa/Kampala,UTC +3.0 ,-0.020313603863496,31.8360266290528
Uganda,Uganda,UG,,,Masaka,,Masaka,,Katwe/Butego,,Butego,Africa/Kampala,UTC +3.0 ,-0.309260678699412,31.7383895090677
Uganda,Uganda,UG,,,Masaka,,Masaka,,Katwe/Butego,,Katwe,Africa/Kampala,UTC +3.0 ,-0.351822106150664,31.7410935331199
Uganda,Uganda,UG,,,Masaka,,Masaka,,Kimanya/Kyabaku,,Kimanya,Africa/Kampala,UTC +3.0 ,-0.332404758643227,31.7259488448733
Uganda,Uganda,UG,,,Masaka,,Masaka,,Kimanya/Kyabaku,,Kyabakuza,Africa/Kampala,UTC +3.0 ,-0.334955064188316,31.7088151641499
Uganda,Uganda,UG,,,Masaka,,Masaka,,Nyendo/Senyange,,Nyendo,Africa/Kampala,UTC +3.0 ,-0.31807066376017,31.7591821742042
Uganda,Uganda,UG,,,Masaka,,Masaka,,Nyendo/Senyange,,Ssenyange,Africa/Kampala,UTC +3.0 ,-0.34384729084055,31.7533624236477
Uganda,Uganda,UG,,,Masaka,,Masaka,,Nyendo/Senyange,,Ssenyange,Africa/Kampala,UTC +3.0 ,-0.330429428150225,31.7613800320595
Uganda,Uganda,UG,,,Masindi,,Bujenje,,Budongo,,Budongo Fr,Africa/Kampala,UTC +3.0 ,1.81977517074207,31.6041235799993
Uganda,Uganda,UG,,,Masindi,,Bujenje,,Budongo,,Kabango,Africa/Kampala,UTC +3.0 ,1.66150769765703,31.5688292484097
Uganda,Uganda,UG,,,Masindi,,Bujenje,,Budongo,,Kasenene,Africa/Kampala,UTC +3.0 ,1.65160451161189,31.4091822871264
Uganda,Uganda,UG,,,Masindi,,Bujenje,,Budongo,,Kasongoire,Africa/Kampala,UTC +3.0 ,1.58687084788211,31.5419429569558
Uganda,Uganda,UG,,,Masindi,,Bujenje,,Budongo,,Kinyara,Africa/Kampala,UTC +3.0 ,1.62505555240631,31.5896047735765
Uganda,Uganda,UG,,,Masindi,,Bujenje,,Budongo,,Nyabyeya,Africa/Kampala,UTC +3.0 ,1.67710272074085,31.5170949550093
Uganda,Uganda,UG,,,Masindi,,Bujenje,,Budongo,,Nyantonzi,Africa/Kampala,UTC +3.0 ,1.62812386491042,31.4834261977526
Uganda,Uganda,UG,,,Masindi,,Bujenje,,Bwijanga,,Bikonzi,Africa/Kampala,UTC +3.0 ,1.56969677420135,31.6583876509993
Uganda,Uganda,UG,,,Masindi,,Bujenje,,Bwijanga,,Kahembe,Africa/Kampala,UTC +3.0 ,1.52576747048321,31.5577890176158
Uganda,Uganda,UG,,,Masindi,,Bujenje,,Bwijanga,,Kitamba,Africa/Kampala,UTC +3.0 ,1.49040700280615,31.6259771248645
Uganda,Uganda,UG,,,Masindi,,Bujenje,,Bwijanga,,Ntooma,Africa/Kampala,UTC +3.0 ,1.40969580190104,31.6419751735731
Uganda,Uganda,UG,,,Masindi,,Bujenje,,Bwijanga,,Rukondwa,Africa/Kampala,UTC +3.0 ,1.61735824561557,31.6712839271413
Uganda,Uganda,UG,,,Masindi,,Bujenje (?),,Biiso,,Biiso,Africa/Kampala,UTC +3.0 ,1.78124633825199,31.4282160622287
Uganda,Uganda,UG,,,Masindi,,Bujenje (?),,Biiso,,Budongo Fr,Africa/Kampala,UTC +3.0 ,1.8036213195134,31.5211464233264
Uganda,Uganda,UG,,,Masindi,,Bujenje (?),,Biiso,,Butiaba,Africa/Kampala,UTC +3.0 ,1.81917051671316,31.3439532932339
Uganda,Uganda,UG,,,Masindi,,Bujenje (?),,Biiso,,Butiaba,Africa/Kampala,UTC +3.0 ,1.82101947059287,31.3350086598922
Uganda,Uganda,UG,,,Masindi,,Bujenje (?),,Biiso,,Butiaba,Africa/Kampala,UTC +3.0 ,1.86674464034356,31.4320974356095
Uganda,Uganda,UG,,,Masindi,,Bujenje (?),,Biiso,,Kihungya,Africa/Kampala,UTC +3.0 ,1.71794048398552,31.4225833897179
Uganda,Uganda,UG,,,Masindi,,Bujenje (?),,Buliisa,,Kigwera,Africa/Kampala,UTC +3.0 ,2.19240523096616,31.4070154148613
Uganda,Uganda,UG,,,Masindi,,Bujenje (?),,Buliisa,,Kisiabi,Africa/Kampala,UTC +3.0 ,2.02730747866476,31.4843332736274
Uganda,Uganda,UG,,,Masindi,,Bujenje (?),,Buliisa,,Ngwedo,Africa/Kampala,UTC +3.0 ,2.1925111034187,31.4887047834992
Uganda,Uganda,UG,,,Masindi,,Buruli,,Karujubu,,Kibwona,Africa/Kampala,UTC +3.0 ,1.67774327063667,31.6328801355733
Uganda,Uganda,UG,,,Masindi,,Buruli,,Karujubu,,Kihuba,Africa/Kampala,UTC +3.0 ,1.73515149544999,31.6982359805972
Uganda,Uganda,UG,,,Masindi,,Buruli,,Karujubu,,Kisita,Africa/Kampala,UTC +3.0 ,1.70341118204695,31.6681284982188
Uganda,Uganda,UG,,,Masindi,,Buruli,,Kimengo,,Kijunjubwa,Africa/Kampala,UTC +3.0 ,1.45482186795247,31.7772203757935
Uganda,Uganda,UG,,,Masindi,,Buruli,,Kimengo,,Kimengo,Africa/Kampala,UTC +3.0 ,1.56250410861413,31.9538804855008
Uganda,Uganda,UG,,,Masindi,,Buruli,,Masindi Tc,,Civic Centre,Africa/Kampala,UTC +3.0 ,1.69225114442117,31.7198495719711
Uganda,Uganda,UG,,,Masindi,,Buruli,,Masindi Tc,,Southern,Africa/Kampala,UTC +3.0 ,1.67241802556636,31.7232108251591
Uganda,Uganda,UG,,,Masindi,,Buruli,,Masindi Tc,,Western,Africa/Kampala,UTC +3.0 ,1.68958610884331,31.7002093294062
Uganda,Uganda,UG,,,Masindi,,Buruli,,Miirya,,Bigando,Africa/Kampala,UTC +3.0 ,1.62336099630198,31.8295818115179
Uganda,Uganda,UG,,,Masindi,,Buruli,,Miirya,,Isimba,Africa/Kampala,UTC +3.0 ,1.75046403863085,31.7983775422853
Uganda,Uganda,UG,,,Masindi,,Buruli,,Miirya,,Kiguulya,Africa/Kampala,UTC +3.0 ,1.7154205433207,31.8338849608916
Uganda,Uganda,UG,,,Masindi,,Buruli,,Nyangahya,,Kikwanana,Africa/Kampala,UTC +3.0 ,1.64465835951921,31.7397409671892
Uganda,Uganda,UG,,,Masindi,,Buruli,,Nyangahya,,Kiryanga,Africa/Kampala,UTC +3.0 ,1.64292933884266,31.6888801606757
Uganda,Uganda,UG,,,Masindi,,Buruli,,Pakanyi,,Karuma Gr,Africa/Kampala,UTC +3.0 ,1.93450206613593,31.7431561954297
Uganda,Uganda,UG,,,Masindi,,Buruli,,Pakanyi,,Kyakamese,Africa/Kampala,UTC +3.0 ,1.84358145646469,31.8078207781834
Uganda,Uganda,UG,,,Masindi,,Buruli,,Pakanyi,,Kyatiri,Africa/Kampala,UTC +3.0 ,1.80564121252595,31.8774497485309
Uganda,Uganda,UG,,,Masindi,,Buruli,,Pakanyi,,Labongo,Africa/Kampala,UTC +3.0 ,1.79737654803728,31.712352407101
Uganda,Uganda,UG,,,Masindi,,Kibanda,,Kigumba,,Kigumba I,Africa/Kampala,UTC +3.0 ,1.889120883002,31.9527850887142
Uganda,Uganda,UG,,,Masindi,,Kibanda,,Kigumba,,Kiigya,Africa/Kampala,UTC +3.0 ,1.78035094292142,32.0136775512211
Uganda,Uganda,UG,,,Masindi,,Kibanda,,Kigumba,,Mboira,Africa/Kampala,UTC +3.0 ,1.83870227037996,31.924831709781
Uganda,Uganda,UG,,,Masindi,,Kibanda,,Kiryandongo,,Karuma Gr,Africa/Kampala,UTC +3.0 ,2.15127657659619,31.8459983824226
Uganda,Uganda,UG,,,Masindi,,Kibanda,,Kiryandongo,,Kichwabugingo,Africa/Kampala,UTC +3.0 ,1.9896850112873,32.1442201023693
Uganda,Uganda,UG,,,Masindi,,Kibanda,,Kiryandongo,,Kikube,Africa/Kampala,UTC +3.0 ,1.87196733233736,32.0444766963368
Uganda,Uganda,UG,,,Masindi,,Kibanda,,Kiryandongo,,Kitwara,Africa/Kampala,UTC +3.0 ,1.85596408610499,32.2046486537287
Uganda,Uganda,UG,,,Masindi,,Kibanda,,Kiryandongo,,Kyankende,Africa/Kampala,UTC +3.0 ,1.95116902134218,32.0592300474608
Uganda,Uganda,UG,,,Masindi,,Kibanda,,Masindi Port,,Kaduku,Africa/Kampala,UTC +3.0 ,1.69426479762069,31.974987501793
Uganda,Uganda,UG,,,Masindi,,Kibanda,,Masindi Port,,Kaduku,Africa/Kampala,UTC +3.0 ,1.76028724099187,31.9194023229799
Uganda,Uganda,UG,,,Masindi,,Kibanda,,Masindi Port,,Kaduku Fr,Africa/Kampala,UTC +3.0 ,1.74952047658369,31.9328135900683
Uganda,Uganda,UG,,,Masindi,,Kibanda,,Masindi Port,,Waibango,Africa/Kampala,UTC +3.0 ,1.69201358124432,32.058197715212
Uganda,Uganda,UG,,,Masindi,,Kibanda,,Mutunda,,Diima,Africa/Kampala,UTC +3.0 ,2.18966254096789,32.2612883243825
Uganda,Uganda,UG,,,Masindi,,Kibanda,,Mutunda,,Kakwokwo,Africa/Kampala,UTC +3.0 ,2.00594993262362,32.271769805903
Uganda,Uganda,UG,,,Masindi,,Kibanda,,Mutunda,,Murchison Falls Np,Africa/Kampala,UTC +3.0 ,2.16133848656719,32.1980133860352
Uganda,Uganda,UG,,,Masindi,,Kibanda,,Mutunda,,Nyamahasa,Africa/Kampala,UTC +3.0 ,2.1066761434919,32.2567850896071
Uganda,Uganda,UG,,,Mayuge,,Bunya,,Baitambogwe,,Busuyi,Africa/Kampala,UTC +3.0 ,0.454638209650872,33.3319610396516
Uganda,Uganda,UG,,,Mayuge,,Bunya,,Baitambogwe,,Bute,Africa/Kampala,UTC +3.0 ,0.582078398229249,33.3765381451214
Uganda,Uganda,UG,,,Mayuge,,Bunya,,Baitambogwe,,Iguluibi,Africa/Kampala,UTC +3.0 ,0.479441592531921,33.3489658928607
Uganda,Uganda,UG,,,Mayuge,,Bunya,,Baitambogwe,,Katonte,Africa/Kampala,UTC +3.0 ,0.512967241160386,33.379498637981
Uganda,Uganda,UG,,,Mayuge,,Bunya,,Baitambogwe,,Lugolole,Africa/Kampala,UTC +3.0 ,0.535719752474282,33.4142958367523
Uganda,Uganda,UG,,,Mayuge,,Bunya,,Baitambogwe,,Mulingirire,Africa/Kampala,UTC +3.0 ,0.54380040604723,33.3854747097634
Uganda,Uganda,UG,,,Mayuge,,Bunya,,Baitambogwe,,Musoli,Africa/Kampala,UTC +3.0 ,0.446509943466017,33.3058199095294
Uganda,Uganda,UG,,,Mayuge,,Bunya,,Baitambogwe,,Wabulungu,Africa/Kampala,UTC +3.0 ,0.516856323705516,33.3516114824579
Uganda,Uganda,UG,,,Mayuge,,Bunya,,Baitambogwe,,Wandago,Africa/Kampala,UTC +3.0 ,0.492295627325347,33.3294489039242
Uganda,Uganda,UG,,,Mayuge,,Bunya,,Buwaya,,Beyere,Africa/Kampala,UTC +3.0 ,0.439638607031818,33.5421328528098
Uganda,Uganda,UG,,,Mayuge,,Bunya,,Buwaya,,Buwaiswa,Africa/Kampala,UTC +3.0 ,0.524794924109018,33.5112640723259
Uganda,Uganda,UG,,,Mayuge,,Bunya,,Buwaya,,Isikiro,Africa/Kampala,UTC +3.0 ,0.515018844652835,33.4849130644216
Uganda,Uganda,UG,,,Mayuge,,Bunya,,Buwaya,,Kabaingire,Africa/Kampala,UTC +3.0 ,0.530640971701791,33.533838928918
Uganda,Uganda,UG,,,Mayuge,,Bunya,,Buwaya,,Maina,Africa/Kampala,UTC +3.0 ,0.4577277597834,33.5063776853754
Uganda,Uganda,UG,,,Mayuge,,Bunya,,Buwaya,,Muggi,Africa/Kampala,UTC +3.0 ,0.466710157647666,33.5409080023289
Uganda,Uganda,UG,,,Mayuge,,Bunya,,Buwaya,,Nangambo,Africa/Kampala,UTC +3.0 ,0.48715345465532,33.4724893180341
Uganda,Uganda,UG,,,Mayuge,,Bunya,,Buwaya,,Nsango,Africa/Kampala,UTC +3.0 ,0.485780272177495,33.505740380075
Uganda,Uganda,UG,,,Mayuge,,Bunya,,Buwaya,,Wairama,Africa/Kampala,UTC +3.0 ,0.448370923682115,33.5639303004527
Uganda,Uganda,UG,,,Mayuge,,Bunya,,Buwaya,,Wamulongo,Africa/Kampala,UTC +3.0 ,0.492947588442028,33.53116021833
Uganda,Uganda,UG,,,Mayuge,,Bunya,,Imanyiro,,Bufulubi,Africa/Kampala,UTC +3.0 ,0.481607241814268,33.4243400488756
Uganda,Uganda,UG,,,Mayuge,,Bunya,,Imanyiro,,Bukaleba,Africa/Kampala,UTC +3.0 ,0.385245719148519,33.3695729356818
Uganda,Uganda,UG,,,Mayuge,,Bunya,,Imanyiro,,Bukaleba,Africa/Kampala,UTC +3.0 ,0.391671811354553,33.3557948905457
Uganda,Uganda,UG,,,Mayuge,,Bunya,,Imanyiro,,Buyemba,Africa/Kampala,UTC +3.0 ,0.354369394776683,33.4584600745273
Uganda,Uganda,UG,,,Mayuge,,Bunya,,Imanyiro,,Buyemba,Africa/Kampala,UTC +3.0 ,0.356493701575713,33.4534684652685
Uganda,Uganda,UG,,,Mayuge,,Bunya,,Imanyiro,,Buyemba,Africa/Kampala,UTC +3.0 ,0.401896905129482,33.4579190392037
Uganda,Uganda,UG,,,Mayuge,,Bunya,,Imanyiro,,Lwanika,Africa/Kampala,UTC +3.0 ,0.326291546581162,33.4007060235885
Uganda,Uganda,UG,,,Mayuge,,Bunya,,Imanyiro,,Lwanika,Africa/Kampala,UTC +3.0 ,0.342269879569864,33.4329361871318
Uganda,Uganda,UG,,,Mayuge,,Bunya,,Imanyiro,,Lwanika,Africa/Kampala,UTC +3.0 ,0.354603339334995,33.4503988941517
Uganda,Uganda,UG,,,Mayuge,,Bunya,,Imanyiro,,Lwanika,Africa/Kampala,UTC +3.0 ,0.373695153841808,33.4165459749545
Uganda,Uganda,UG,,,Mayuge,,Bunya,,Imanyiro,,Magada,Africa/Kampala,UTC +3.0 ,0.542267770738956,33.4556064383119
Uganda,Uganda,UG,,,Mayuge,,Bunya,,Imanyiro,,Mauta,Africa/Kampala,UTC +3.0 ,0.428159168105367,33.4337251886479
Uganda,Uganda,UG,,,Mayuge,,Bunya,,Imanyiro,,Mayuge,Africa/Kampala,UTC +3.0 ,0.42381132888525,33.4851979385801
Uganda,Uganda,UG,,,Mayuge,,Bunya,,Imanyiro,,Mbaale,Africa/Kampala,UTC +3.0 ,0.505248361305928,33.4515808523119
Uganda,Uganda,UG,,,Mayuge,,Bunya,,Imanyiro,,Mbirabira,Africa/Kampala,UTC +3.0 ,0.43768685897187,33.4004061692017
Uganda,Uganda,UG,,,Mayuge,,Bunya,,Imanyiro,,Nkombe,Africa/Kampala,UTC +3.0 ,0.454338045607852,33.4162592757238
Uganda,Uganda,UG,,,Mayuge,,Bunya,,Imanyiro,,Nkombe,Africa/Kampala,UTC +3.0 ,0.473008684803522,33.4032629427783
Uganda,Uganda,UG,,,Mayuge,,Bunya,,Imanyiro,,Nkombe,Africa/Kampala,UTC +3.0 ,0.473298999338025,33.4030036673343
Uganda,Uganda,UG,,,Mayuge,,Bunya,,Imanyiro,,Nkombe,Africa/Kampala,UTC +3.0 ,0.474075061221162,33.4024022468103
Uganda,Uganda,UG,,,Mayuge,,Bunya,,Imanyiro,,Nkombe,Africa/Kampala,UTC +3.0 ,0.474370666333414,33.4021386663335
Uganda,Uganda,UG,,,Mayuge,,Bunya,,Imanyiro,,Nkombe,Africa/Kampala,UTC +3.0 ,0.474670388644449,33.4018743178486
Uganda,Uganda,UG,,,Mayuge,,Bunya,,Imanyiro,,Nkombe,Africa/Kampala,UTC +3.0 ,0.475894515470284,33.3958151828925
Uganda,Uganda,UG,,,Mayuge,,Bunya,,Kigandalo,,Bugondo,Africa/Kampala,UTC +3.0 ,0.382190013255083,33.5966547738869
Uganda,Uganda,UG,,,Mayuge,,Bunya,,Kigandalo,,Bugumya,Africa/Kampala,UTC +3.0 ,0.308659546476353,33.6147907573479
Uganda,Uganda,UG,,,Mayuge,,Bunya,,Kigandalo,,Bugumya,Africa/Kampala,UTC +3.0 ,0.312284035548349,33.6123661120704
Uganda,Uganda,UG,,,Mayuge,,Bunya,,Kigandalo,,Bugumya,Africa/Kampala,UTC +3.0 ,0.316241904150735,33.6107475906708
Uganda,Uganda,UG,,,Mayuge,,Bunya,,Kigandalo,,Bugumya,Africa/Kampala,UTC +3.0 ,0.334732044087424,33.6354399777759
Uganda,Uganda,UG,,,Mayuge,,Bunya,,Kigandalo,,Bukaboli,Africa/Kampala,UTC +3.0 ,0.360109991014099,33.6540786458113
Uganda,Uganda,UG,,,Mayuge,,Bunya,,Kigandalo,,Buyugu,Africa/Kampala,UTC +3.0 ,0.358523681722134,33.6878360003382
Uganda,Uganda,UG,,,Mayuge,,Bunya,,Kigandalo,,Isenda,Africa/Kampala,UTC +3.0 ,0.441956852566589,33.6173522695177
Uganda,Uganda,UG,,,Mayuge,,Bunya,,Kigandalo,,Kigandalo,Africa/Kampala,UTC +3.0 ,0.408286018431237,33.6140607015601
Uganda,Uganda,UG,,,Mayuge,,Bunya,,Kigandalo,,Kigulu,Africa/Kampala,UTC +3.0 ,0.410532861638377,33.6403129337897
Uganda,Uganda,UG,,,Mayuge,,Bunya,,Kigandalo,,Kioga,Africa/Kampala,UTC +3.0 ,0.415082359369309,33.5887626478592
Uganda,Uganda,UG,,,Mayuge,,Bunya,,Kigandalo,,Mairinya,Africa/Kampala,UTC +3.0 ,0.394473425988126,33.6767942442649
Uganda,Uganda,UG,,,Mayuge,,Bunya,,Kigandalo,,Maleka,Africa/Kampala,UTC +3.0 ,0.412368391657191,33.5651850376791
Uganda,Uganda,UG,,,Mayuge,,Bunya,,Kigandalo,,Matovu,Africa/Kampala,UTC +3.0 ,0.367781192584118,33.6198907678091
Uganda,Uganda,UG,,,Mayuge,,Bunya,,Kityerera,,Bubinge,Africa/Kampala,UTC +3.0 ,0.338983924976481,33.5767465849011
Uganda,Uganda,UG,,,Mayuge,,Bunya,,Kityerera,,Bukalenzi,Africa/Kampala,UTC +3.0 ,0.308882428443909,33.5317038087233
Uganda,Uganda,UG,,,Mayuge,,Bunya,,Kityerera,,Bukunja,Africa/Kampala,UTC +3.0 ,0.384898661212612,33.5590843938451
Uganda,Uganda,UG,,,Mayuge,,Bunya,,Kityerera,,Butangala,Africa/Kampala,UTC +3.0 ,0.416019160748148,33.5354046985139
Uganda,Uganda,UG,,,Mayuge,,Bunya,,Kityerera,,Kaluuba,Africa/Kampala,UTC +3.0 ,0.404335026137254,33.5165267888444
Uganda,Uganda,UG,,,Mayuge,,Bunya,,Kityerera,,Kitovu,Africa/Kampala,UTC +3.0 ,0.323783359267395,33.4576935149111
Uganda,Uganda,UG,,,Mayuge,,Bunya,,Kityerera,,Kitovu,Africa/Kampala,UTC +3.0 ,0.340816611602616,33.4727329150277
Uganda,Uganda,UG,,,Mayuge,,Bunya,,Kityerera,,Kityerera,Africa/Kampala,UTC +3.0 ,0.348327764431007,33.5302659191309
Uganda,Uganda,UG,,,Mayuge,,Bunya,,Kityerera,,Maumu,Africa/Kampala,UTC +3.0 ,0.373109714704009,33.5118847542283
Uganda,Uganda,UG,,,Mayuge,,Bunya,,Kityerera,,Ndaiga,Africa/Kampala,UTC +3.0 ,0.326645327492377,33.4965150803417
Uganda,Uganda,UG,,,Mayuge,,Bunya,,Kityerera,,Wambete,Africa/Kampala,UTC +3.0 ,0.387931038008799,33.4891694876795
Uganda,Uganda,UG,,,Mayuge,,Bunya,,Kityerera,,Wandegeya,Africa/Kampala,UTC +3.0 ,0.363026789273967,33.5671827707047
Uganda,Uganda,UG,,,Mayuge,,Bunya,,Malongo,,Bukatabira,Africa/Kampala,UTC +3.0 ,0.174234434351774,33.4871074812477
Uganda,Uganda,UG,,,Mayuge,,Bunya,,Malongo,,Bukatabira,Africa/Kampala,UTC +3.0 ,0.242740842304431,33.4894057080488
Uganda,Uganda,UG,,,Mayuge,,Bunya,,Malongo,,Bumba,Africa/Kampala,UTC +3.0 ,0.023749659340677,33.6281442839261
Uganda,Uganda,UG,,,Mayuge,,Bunya,,Malongo,,Bwondha (Busoga South Fr),Africa/Kampala,UTC +3.0 ,0.247456066555277,33.5671424355027
Uganda,Uganda,UG,,,Mayuge,,Bunya,,Malongo,,Jaguzi,Africa/Kampala,UTC +3.0 ,0.109319833275835,33.6005673621176
Uganda,Uganda,UG,,,Mayuge,,Bunya,,Malongo,,Jaguzi,Africa/Kampala,UTC +3.0 ,0.139677093934423,33.6037050233769
Uganda,Uganda,UG,,,Mayuge,,Bunya,,Malongo,,Jaguzi,Africa/Kampala,UTC +3.0 ,0.108775067459859,33.5745725982376
Uganda,Uganda,UG,,,Mayuge,,Bunya,,Malongo,,Jaguzi,Africa/Kampala,UTC +3.0 ,0.136454721899543,33.571954506378
Uganda,Uganda,UG,,,Mayuge,,Bunya,,Malongo,,Jaguzi,Africa/Kampala,UTC +3.0 ,0.14494056749125,33.5316524781826
Uganda,Uganda,UG,,,Mayuge,,Bunya,,Malongo,,Malongo/Buluuta,Africa/Kampala,UTC +3.0 ,0.044501250841493,33.475142404416
Uganda,Uganda,UG,,,Mayuge,,Bunya,,Malongo,,Malongo/Buluuta,Africa/Kampala,UTC +3.0 ,0.051643426160452,33.4729541752783
Uganda,Uganda,UG,,,Mayuge,,Bunya,,Malongo,,Malongo/Buluuta,Africa/Kampala,UTC +3.0 ,0.072083545269129,33.4723961192281
Uganda,Uganda,UG,,,Mayuge,,Bunya,,Malongo,,Malongo/Buluuta,Africa/Kampala,UTC +3.0 ,0.101746208742382,33.4740147854827
Uganda,Uganda,UG,,,Mayuge,,Bunya,,Malongo,,Malongo/Buluuta,Africa/Kampala,UTC +3.0 ,0.071978426103663,33.4995598959112
Uganda,Uganda,UG,,,Mayuge,,Bunya,,Malongo,,Malongo/Buluuta,Africa/Kampala,UTC +3.0 ,0.082910628743968,33.4919118672061
Uganda,Uganda,UG,,,Mayuge,,Bunya,,Malongo,,Malongo/Buluuta,Africa/Kampala,UTC +3.0 ,0.103201353481313,33.4991967517592
Uganda,Uganda,UG,,,Mayuge,,Bunya,,Malongo,,Namadhi,Africa/Kampala,UTC +3.0 ,0.26287865729011,33.4675405726512
Uganda,Uganda,UG,,,Mayuge,,Bunya,,Malongo,,Namadhi,Africa/Kampala,UTC +3.0 ,0.272277667666742,33.4473303323335
Uganda,Uganda,UG,,,Mayuge,,Bunya,,Malongo,,Namadhi,Africa/Kampala,UTC +3.0 ,0.278976203005102,33.4655112946113
Uganda,Uganda,UG,,,Mayuge,,Bunya,,Malongo,,Namadhi,Africa/Kampala,UTC +3.0 ,0.283065286910774,33.4790807992157
Uganda,Uganda,UG,,,Mayuge,,Bunya,,Malongo,,Namadhi,Africa/Kampala,UTC +3.0 ,0.286456753718813,33.4710441959424
Uganda,Uganda,UG,,,Mayuge,,Bunya,,Malongo,,Namoni,Africa/Kampala,UTC +3.0 ,0.270587878762663,33.431657354036
Uganda,Uganda,UG,,,Mayuge,,Bunya,,Malongo,,Namoni,Africa/Kampala,UTC +3.0 ,0.28576359671892,33.426206209587
Uganda,Uganda,UG,,,Mayuge,,Bunya,,Malongo,,Namoni,Africa/Kampala,UTC +3.0 ,0.287382447688063,33.4158617468668
Uganda,Uganda,UG,,,Mayuge,,Bunya,,Malongo,,Namoni,Africa/Kampala,UTC +3.0 ,0.271756619132823,33.4454704284152
Uganda,Uganda,UG,,,Mayuge,,Bunya,,Malongo,,Namoni,Africa/Kampala,UTC +3.0 ,0.27960588970497,33.4471983408264
Uganda,Uganda,UG,,,Mayuge,,Bunya,,Malongo,,Sagitu,Africa/Kampala,UTC +3.0 ,-0.045041044538052,33.6177829968695
Uganda,Uganda,UG,,,Mayuge,,Bunya,,Malongo,,Sagitu,Africa/Kampala,UTC +3.0 ,-0.03069366671923,33.6313261454315
Uganda,Uganda,UG,,,Mayuge,,Bunya,,Malongo,,Sagitu,Africa/Kampala,UTC +3.0 ,-0.011528773157721,33.658870743597
Uganda,Uganda,UG,,,Mayuge,,Bunya,,Malongo,,Serinyabi,Africa/Kampala,UTC +3.0 ,0.05067354494543,33.6073178388706
Uganda,Uganda,UG,,,Mayuge,,Bunya,,Mayuge Tc,,Ikulwe,Africa/Kampala,UTC +3.0 ,0.445887800273688,33.4918336112472
Uganda,Uganda,UG,,,Mayuge,,Bunya,,Mayuge Tc,,Kasugu,Africa/Kampala,UTC +3.0 ,0.467188002843775,33.4757896371682
Uganda,Uganda,UG,,,Mayuge,,Bunya,,Mayuge Tc,,Kavule,Africa/Kampala,UTC +3.0 ,0.443564001421809,33.473846138677
Uganda,Uganda,UG,,,Mayuge,,Bunya,,Mayuge Tc,,Kyebando,Africa/Kampala,UTC +3.0 ,0.462558210061376,33.4602939150549
Uganda,Uganda,UG,,,Mbale,,Bubulo,,Bubutu,,Bumulika,Africa/Kampala,UTC +3.0 ,0.793751140992025,34.3356413147469
Uganda,Uganda,UG,,,Mbale,,Bubulo,,Bubutu,,Bumusomi,Africa/Kampala,UTC +3.0 ,0.803223119322187,34.3111949396963
Uganda,Uganda,UG,,,Mbale,,Bubulo,,Bubutu,,Bumuyonga,Africa/Kampala,UTC +3.0 ,0.83594357042765,34.3469764557148
Uganda,Uganda,UG,,,Mbale,,Bubulo,,Bubutu,,Busimaolya,Africa/Kampala,UTC +3.0 ,0.870825720229636,34.3482849458879
Uganda,Uganda,UG,,,Mbale,,Bubulo,,Bugobero,,Bugobero,Africa/Kampala,UTC +3.0 ,0.901657132749248,34.2703979941222
Uganda,Uganda,UG,,,Mbale,,Bubulo,,Bugobero,,Bumasokho,Africa/Kampala,UTC +3.0 ,0.83856882368162,34.243026417082
Uganda,Uganda,UG,,,Mbale,,Bubulo,,Bugobero,,Bunangabo,Africa/Kampala,UTC +3.0 ,0.92515138682122,34.2881772032953
Uganda,Uganda,UG,,,Mbale,,Bubulo,,Bugobero,,Bunefule,Africa/Kampala,UTC +3.0 ,0.870391374167916,34.255787902839
Uganda,Uganda,UG,,,Mbale,,Bubulo,,Bumbo,,Bukokho,Africa/Kampala,UTC +3.0 ,0.874495120571133,34.4112373670015
Uganda,Uganda,UG,,,Mbale,,Bubulo,,Bumbo,,Bunanyama,Africa/Kampala,UTC +3.0 ,0.880001404918442,34.3853290611322
Uganda,Uganda,UG,,,Mbale,,Bubulo,,Bumbo,,Buteteya,Africa/Kampala,UTC +3.0 ,0.884242644642525,34.3753223963723
Uganda,Uganda,UG,,,Mbale,,Bubulo,,Bumbo,,Buwundu,Africa/Kampala,UTC +3.0 ,0.877754485086036,34.3959969667927
Uganda,Uganda,UG,,,Mbale,,Bubulo,,Bumbo,,Mt. Elgon Np,Africa/Kampala,UTC +3.0 ,0.878193849060667,34.4373387695387
Uganda,Uganda,UG,,,Mbale,,Bubulo,,Bumbo,,Soono,Africa/Kampala,UTC +3.0 ,0.875977777321035,34.4249385642048
Uganda,Uganda,UG,,,Mbale,,Bubulo,,Bumwoni,,Bukhoma,Africa/Kampala,UTC +3.0 ,0.796110173506611,34.3684458933078
Uganda,Uganda,UG,,,Mbale,,Bubulo,,Bumwoni,,Bukiabi,Africa/Kampala,UTC +3.0 ,0.850391300779697,34.384512039564
Uganda,Uganda,UG,,,Mbale,,Bubulo,,Bumwoni,,Butemulani,Africa/Kampala,UTC +3.0 ,0.823298533481224,34.3691970170226
Uganda,Uganda,UG,,,Mbale,,Bubulo,,Bumwoni,,Makhonge,Africa/Kampala,UTC +3.0 ,0.827483737062975,34.4015823571294
Uganda,Uganda,UG,,,Mbale,,Bubulo,,Bupoto,,Bukhaweka,Africa/Kampala,UTC +3.0 ,0.923499651342807,34.3174383475858
Uganda,Uganda,UG,,,Mbale,,Bubulo,,Bupoto,,Buwasunguyi,Africa/Kampala,UTC +3.0 ,0.903891862460991,34.3313687363262
Uganda,Uganda,UG,,,Mbale,,Bubulo,,Bupoto,,Buyaka,Africa/Kampala,UTC +3.0 ,0.906786063966333,34.3639919668344
Uganda,Uganda,UG,,,Mbale,,Bubulo,,Bupoto,,Mt. Elgon Np,Africa/Kampala,UTC +3.0 ,0.912907313291905,34.4260415834707
Uganda,Uganda,UG,,,Mbale,,Bubulo,,Butiru,,Bukhofu,Africa/Kampala,UTC +3.0 ,0.875789027384932,34.2830215478108
Uganda,Uganda,UG,,,Mbale,,Bubulo,,Butiru,,Bumagambo,Africa/Kampala,UTC +3.0 ,0.853741840952295,34.2951613932769
Uganda,Uganda,UG,,,Mbale,,Bubulo,,Butiru,,Bumatanda,Africa/Kampala,UTC +3.0 ,0.813016453604461,34.2503610432568
Uganda,Uganda,UG,,,Mbale,,Bubulo,,Butiru,,Bunabwana,Africa/Kampala,UTC +3.0 ,0.80394277635254,34.2845825687748
Uganda,Uganda,UG,,,Mbale,,Bubulo,,Butiru,,Bunyinza,Africa/Kampala,UTC +3.0 ,0.881867073128386,34.3085539240714
Uganda,Uganda,UG,,,Mbale,,Bubulo,,Buwabwala,,Bukhabusi,Africa/Kampala,UTC +3.0 ,0.948988385114853,34.3289632019234
Uganda,Uganda,UG,,,Mbale,,Bubulo,,Buwabwala,,Bumumali,Africa/Kampala,UTC +3.0 ,0.954174631024044,34.3583140500756
Uganda,Uganda,UG,,,Mbale,,Bubulo,,Buwabwala,,Bunambale,Africa/Kampala,UTC +3.0 ,0.964626079073737,34.3712165359317
Uganda,Uganda,UG,,,Mbale,,Bubulo,,Buwabwala,,Bunamulunyi,Africa/Kampala,UTC +3.0 ,0.942892542570602,34.3860574361823
Uganda,Uganda,UG,,,Mbale,,Bubulo,,Buwabwala,,Busambatsa,Africa/Kampala,UTC +3.0 ,0.932140564440329,34.359836091878
Uganda,Uganda,UG,,,Mbale,,Bubulo,,Buwabwala,,Mt. Elgon Np,Africa/Kampala,UTC +3.0 ,0.974439520308598,34.4415321647069
Uganda,Uganda,UG,,,Mbale,,Bubulo,,Buwagogo,,Bubulo,Africa/Kampala,UTC +3.0 ,0.952176903678786,34.2673116688961
Uganda,Uganda,UG,,,Mbale,,Bubulo,,Buwagogo,,Bubwaya,Africa/Kampala,UTC +3.0 ,0.948868774684073,34.2949295708964
Uganda,Uganda,UG,,,Mbale,,Bubulo,,Buwagogo,,Bukeewa,Africa/Kampala,UTC +3.0 ,0.967490202348331,34.3309164636981
Uganda,Uganda,UG,,,Mbale,,Bubulo,,Buwagogo,,Buwagogo,Africa/Kampala,UTC +3.0 ,0.973010969624217,34.3123960343945
Uganda,Uganda,UG,,,Mbale,,Bubulo,,Kaato,,Bukimanai,Africa/Kampala,UTC +3.0 ,0.992264045175217,34.3468498393933
Uganda,Uganda,UG,,,Mbale,,Bubulo,,Kaato,,Butoto,Africa/Kampala,UTC +3.0 ,0.971500850292658,34.3470277709704
Uganda,Uganda,UG,,,Mbale,,Bubulo,,Kaato,,Buwangani,Africa/Kampala,UTC +3.0 ,0.994627987669987,34.3223896533657
Uganda,Uganda,UG,,,Mbale,,Bubulo,,Kaato,,Buweswa,Africa/Kampala,UTC +3.0 ,0.985613926930656,34.3333500185623
Uganda,Uganda,UG,,,Mbale,,Bubulo,,Sibanga,,Bulako,Africa/Kampala,UTC +3.0 ,0.913262362964496,34.2337063624817
Uganda,Uganda,UG,,,Mbale,,Bubulo,,Sibanga,,Bumatoola,Africa/Kampala,UTC +3.0 ,0.850806305819479,34.2076429626656
Uganda,Uganda,UG,,,Mbale,,Bubulo,,Sibanga,,Butta,Africa/Kampala,UTC +3.0 ,0.913579850714127,34.2514077314797
Uganda,Uganda,UG,,,Mbale,,Bubulo,,Sibanga,,Kimaluli,Africa/Kampala,UTC +3.0 ,0.843775993409473,34.2237027296346
Uganda,Uganda,UG,,,Mbale,,Bungokho,,Bufumbo,,Bubyangu,Africa/Kampala,UTC +3.0 ,1.08939117651307,34.27866335951
Uganda,Uganda,UG,,,Mbale,,Bungokho,,Bufumbo,,Bumadanda,Africa/Kampala,UTC +3.0 ,1.07147113565802,34.2800743699538
Uganda,Uganda,UG,,,Mbale,,Bungokho,,Bufumbo,,Jewa,Africa/Kampala,UTC +3.0 ,1.09883031304558,34.2625165097169
Uganda,Uganda,UG,,,Mbale,,Bungokho,,Bufumbo,,Kama,Africa/Kampala,UTC +3.0 ,1.11497003451076,34.2479330952971
Uganda,Uganda,UG,,,Mbale,,Bungokho,,Bufumbo,,Kirayi,Africa/Kampala,UTC +3.0 ,1.09634420110336,34.3033476840173
Uganda,Uganda,UG,,,Mbale,,Bungokho,,Bufumbo,,Mt. Elgon Np,Africa/Kampala,UTC +3.0 ,1.08020730110748,34.3122711814463
Uganda,Uganda,UG,,,Mbale,,Bungokho,,Bukonde,,Bulweta,Africa/Kampala,UTC +3.0 ,1.09722773175884,34.2297883213268
Uganda,Uganda,UG,,,Mbale,,Bungokho,,Bukonde,,Bumuluya,Africa/Kampala,UTC +3.0 ,1.10713844726826,34.23705369569
Uganda,Uganda,UG,,,Mbale,,Bungokho,,Bukonde,,Lwasso,Africa/Kampala,UTC +3.0 ,1.08411286032363,34.2219270659962
Uganda,Uganda,UG,,,Mbale,,Bungokho,,Bukyiende,,Bumutsopa,Africa/Kampala,UTC +3.0 ,0.925813601879779,34.2205295561935
Uganda,Uganda,UG,,,Mbale,,Bungokho,,Bukyiende,,Bumutsopa,Africa/Kampala,UTC +3.0 ,0.985793904268973,34.2438644499383
Uganda,Uganda,UG,,,Mbale,,Bungokho,,Bukyiende,,Bunashimolo,Africa/Kampala,UTC +3.0 ,0.951506920349724,34.2029905482139
Uganda,Uganda,UG,,,Mbale,,Bungokho,,Bukyiende,,Burukuru,Africa/Kampala,UTC +3.0 ,0.972334125620381,34.2578101738885
Uganda,Uganda,UG,,,Mbale,,Bungokho,,Bukyiende,,Namawanga,Africa/Kampala,UTC +3.0 ,0.872443133840568,34.2005787050848
Uganda,Uganda,UG,,,Mbale,,Bungokho,,Bungokho,,Bubirabi,Africa/Kampala,UTC +3.0 ,1.02059461102728,34.1730173525677
Uganda,Uganda,UG,,,Mbale,,Bungokho,,Bungokho,,Bukhumwa,Africa/Kampala,UTC +3.0 ,1.01155739846515,34.1934440307764
Uganda,Uganda,UG,,,Mbale,,Bungokho,,Bungokho,,Bumageni,Africa/Kampala,UTC +3.0 ,1.03811375355598,34.1466244554833
Uganda,Uganda,UG,,,Mbale,,Bungokho,,Bungokho,,Bumbobi,Africa/Kampala,UTC +3.0 ,1.00189723722661,34.1963102296538
Uganda,Uganda,UG,,,Mbale,,Bungokho,,Bungokho-Mutoto,,Bukasakya,Africa/Kampala,UTC +3.0 ,1.04917178808576,34.168682839792
Uganda,Uganda,UG,,,Mbale,,Bungokho,,Bungokho-Mutoto,,Bumboi,Africa/Kampala,UTC +3.0 ,1.07080104044522,34.21753965036
Uganda,Uganda,UG,,,Mbale,,Bungokho,,Bungokho-Mutoto,,Bumutoto,Africa/Kampala,UTC +3.0 ,1.04774998704012,34.1996994821444
Uganda,Uganda,UG,,,Mbale,,Bungokho,,Bungokho-Mutoto,,Mooni,Africa/Kampala,UTC +3.0 ,1.0591307375744,34.2149534793371
Uganda,Uganda,UG,,,Mbale,,Bungokho,,Bungokho-Mutoto,,Tsabanyanya,Africa/Kampala,UTC +3.0 ,1.06608224372691,34.1288887989969
Uganda,Uganda,UG,,,Mbale,,Bungokho,,Busano,,Busano,Africa/Kampala,UTC +3.0 ,1.02326228225447,34.273171665858
Uganda,Uganda,UG,,,Mbale,,Bungokho,,Busano,,Buyaka,Africa/Kampala,UTC +3.0 ,1.00157721425665,34.2579933760586
Uganda,Uganda,UG,,,Mbale,,Bungokho,,Busano,,Mt. Elgon Np,Africa/Kampala,UTC +3.0 ,1.04867458207612,34.2875081849463
Uganda,Uganda,UG,,,Mbale,,Bungokho,,Busiu,,Bufukhula,Africa/Kampala,UTC +3.0 ,0.922046036755469,34.1401171642096
Uganda,Uganda,UG,,,Mbale,,Bungokho,,Busiu,,Bumasikye,Africa/Kampala,UTC +3.0 ,0.883596371585124,34.1833086659689
Uganda,Uganda,UG,,,Mbale,,Bungokho,,Busiu,,Bunambutye,Africa/Kampala,UTC +3.0 ,0.909357062893999,34.1741928591408
Uganda,Uganda,UG,,,Mbale,,Bungokho,,Busoba,,Bumasikye,Africa/Kampala,UTC +3.0 ,0.993405622852612,34.1776446179092
Uganda,Uganda,UG,,,Mbale,,Bungokho,,Busoba,,Bunambutye,Africa/Kampala,UTC +3.0 ,0.978476660706274,34.1815273055137
Uganda,Uganda,UG,,,Mbale,,Bungokho,,Busoba,,Bunambutye,Africa/Kampala,UTC +3.0 ,1.00321616829422,34.2414124417454
Uganda,Uganda,UG,,,Mbale,,Bungokho,,Busoba,,Bunanimi,Africa/Kampala,UTC +3.0 ,0.964318165969132,34.1676686331802
Uganda,Uganda,UG,,,Mbale,,Bungokho,,Nakaloke,,Nakaloke,Africa/Kampala,UTC +3.0 ,1.14361484513792,34.1440721829634
Uganda,Uganda,UG,,,Mbale,,Bungokho,,Nakaloke,,Namabasa,Africa/Kampala,UTC +3.0 ,1.11223132983262,34.1550416145312
Uganda,Uganda,UG,,,Mbale,,Bungokho,,Nakaloke,,Namunsi,Africa/Kampala,UTC +3.0 ,1.14313812498233,34.1765653212611
Uganda,Uganda,UG,,,Mbale,,Bungokho,,Namanyonyi,,Aisa,Africa/Kampala,UTC +3.0 ,1.13872326088029,34.2142798296187
Uganda,Uganda,UG,,,Mbale,,Bungokho,,Namanyonyi,,Nabweya,Africa/Kampala,UTC +3.0 ,1.10001791247513,34.2010518324722
Uganda,Uganda,UG,,,Mbale,,Bungokho,,Namanyonyi,,Namagumba,Africa/Kampala,UTC +3.0 ,1.14758266002246,34.2015447396649
Uganda,Uganda,UG,,,Mbale,,Bungokho,,Namanyonyi,,Nkoma,Africa/Kampala,UTC +3.0 ,1.11506039572369,34.1959756572716
Uganda,Uganda,UG,,,Mbale,,Bungokho,,Wanale,,Bubenstye,Africa/Kampala,UTC +3.0 ,1.03812131867517,34.2424690623889
Uganda,Uganda,UG,,,Mbale,,Bungokho,,Wanale,,Budwale,Africa/Kampala,UTC +3.0 ,1.06741485699341,34.2544182736661
Uganda,Uganda,UG,,,Mbale,,Bungokho,,Wanale,,Mt. Elgon Np,Africa/Kampala,UTC +3.0 ,1.05199756549718,34.26718913612
Uganda,Uganda,UG,,,Mbale,,Manjiya,,Bubiita,,Bukalasi,Africa/Kampala,UTC +3.0 ,0.999792810345595,34.409293082721
Uganda,Uganda,UG,,,Mbale,,Manjiya,,Bubiita,,Bumakita,Africa/Kampala,UTC +3.0 ,0.99198731803985,34.3733535954735
Uganda,Uganda,UG,,,Mbale,,Manjiya,,Bubiita,,Bumusi,Africa/Kampala,UTC +3.0 ,0.986190841966149,34.3610712950144
Uganda,Uganda,UG,,,Mbale,,Manjiya,,Bubiita,,Bundesi,Africa/Kampala,UTC +3.0 ,1.02287530049999,34.4020389886391
Uganda,Uganda,UG,,,Mbale,,Manjiya,,Bubiita,,Buwaali,Africa/Kampala,UTC +3.0 ,1.01405973480528,34.3862985400415
Uganda,Uganda,UG,,,Mbale,,Manjiya,,Bubiita,,Buwagiyu,Africa/Kampala,UTC +3.0 ,0.992410490013184,34.3641037631151
Uganda,Uganda,UG,,,Mbale,,Manjiya,,Bubiita,,Maaba,Africa/Kampala,UTC +3.0 ,1.00124346284402,34.3795221196967
Uganda,Uganda,UG,,,Mbale,,Manjiya,,Bubiita,,Mt. Elgon Np,Africa/Kampala,UTC +3.0 ,1.05816363712218,34.4781710853751
Uganda,Uganda,UG,,,Mbale,,Manjiya,,Bubiita,,Nabulalo,Africa/Kampala,UTC +3.0 ,1.01129306346387,34.4178692636183
Uganda,Uganda,UG,,,Mbale,,Manjiya,,Bubiita,,Namasheti,Africa/Kampala,UTC +3.0 ,1.02735607779375,34.4188400738948
Uganda,Uganda,UG,,,Mbale,,Manjiya,,Bududa,,Bukibino,Africa/Kampala,UTC +3.0 ,1.04160366308993,34.3156595168257
Uganda,Uganda,UG,,,Mbale,,Manjiya,,Bududa,,Busai,Africa/Kampala,UTC +3.0 ,1.02667156486261,34.3158472864429
Uganda,Uganda,UG,,,Mbale,,Manjiya,,Bududa,,Bushinyekwa,Africa/Kampala,UTC +3.0 ,1.0121377210921,34.3214125248765
Uganda,Uganda,UG,,,Mbale,,Manjiya,,Bukibokolo,,Buirimbi,Africa/Kampala,UTC +3.0 ,1.00079609854575,34.2817573135947
Uganda,Uganda,UG,,,Mbale,,Manjiya,,Bukibokolo,,Bukibokolo,Africa/Kampala,UTC +3.0 ,1.01576096546697,34.2993110322778
Uganda,Uganda,UG,,,Mbale,,Manjiya,,Bukibokolo,,Bunamukye,Africa/Kampala,UTC +3.0 ,0.983542930742763,34.2941815009418
Uganda,Uganda,UG,,,Mbale,,Manjiya,,Bukigai,,Bufukhula,Africa/Kampala,UTC +3.0 ,1.01956566029949,34.3376906496283
Uganda,Uganda,UG,,,Mbale,,Manjiya,,Bukigai,,Bulobi,Africa/Kampala,UTC +3.0 ,1.05084320066891,34.3602973973723
Uganda,Uganda,UG,,,Mbale,,Manjiya,,Bukigai,,Bumakuma,Africa/Kampala,UTC +3.0 ,1.01490686026396,34.3499720015598
Uganda,Uganda,UG,,,Mbale,,Manjiya,,Bukigai,,Bumatanda,Africa/Kampala,UTC +3.0 ,1.00839035394537,34.3568835236313
Uganda,Uganda,UG,,,Mbale,,Manjiya,,Bukigai,,Bunakhayoti,Africa/Kampala,UTC +3.0 ,1.04109547455929,34.3595298572581
Uganda,Uganda,UG,,,Mbale,,Manjiya,,Bukigai,,Bunamubi,Africa/Kampala,UTC +3.0 ,1.02390933628798,34.3624608110017
Uganda,Uganda,UG,,,Mbale,,Manjiya,,Bukigai,,Bushiribo,Africa/Kampala,UTC +3.0 ,1.0382412526355,34.3423626114487
Uganda,Uganda,UG,,,Mbale,,Manjiya,,Bulucheke,,Bumasata,Africa/Kampala,UTC +3.0 ,1.03901912422245,34.3779943468713
Uganda,Uganda,UG,,,Mbale,,Manjiya,,Bulucheke,,Bumwalukani,Africa/Kampala,UTC +3.0 ,1.07383400577832,34.3815589888119
Uganda,Uganda,UG,,,Mbale,,Manjiya,,Bulucheke,,Bushiyi,Africa/Kampala,UTC +3.0 ,1.0672550603731,34.4036146369729
Uganda,Uganda,UG,,,Mbale,,Manjiya,,Bulucheke,,Busiriwa,Africa/Kampala,UTC +3.0 ,1.0734542629821,34.3945628545315
Uganda,Uganda,UG,,,Mbale,,Manjiya,,Bulucheke,,Mt. Elgon Np,Africa/Kampala,UTC +3.0 ,1.09216324991962,34.4291551254409
Uganda,Uganda,UG,,,Mbale,,Manjiya,,Bumayoka,,Bufuma,Africa/Kampala,UTC +3.0 ,1.05586304972708,34.4118088494522
Uganda,Uganda,UG,,,Mbale,,Manjiya,,Bumayoka,,Bumayoka,Africa/Kampala,UTC +3.0 ,1.0356770162315,34.3871818627837
Uganda,Uganda,UG,,,Mbale,,Manjiya,,Bumayoka,,Bunandutu,Africa/Kampala,UTC +3.0 ,1.03849293586311,34.3985005551541
Uganda,Uganda,UG,,,Mbale,,Manjiya,,Bumayoka,,Mt. Elgon Np,Africa/Kampala,UTC +3.0 ,1.07685746782188,34.4657238187583
Uganda,Uganda,UG,,,Mbale,,Manjiya,,Bumayoka,,Ulukusi,Africa/Kampala,UTC +3.0 ,1.0453570998887,34.4208405616181
Uganda,Uganda,UG,,,Mbale,,Manjiya,,Bushika,,Bufutsa,Africa/Kampala,UTC +3.0 ,1.06181838248957,34.335202768057
Uganda,Uganda,UG,,,Mbale,,Manjiya,,Bushika,,Bumusenyi,Africa/Kampala,UTC +3.0 ,1.06828936829547,34.3571075984825
Uganda,Uganda,UG,,,Mbale,,Manjiya,,Bushika,,Bumushisho,Africa/Kampala,UTC +3.0 ,1.0555378632176,34.3222784810415
Uganda,Uganda,UG,,,Mbale,,Manjiya,,Bushika,,Bunabutiti,Africa/Kampala,UTC +3.0 ,1.0763162402009,34.3404311154854
Uganda,Uganda,UG,,,Mbale,,Manjiya,,Bushika,,Bushunya,Africa/Kampala,UTC +3.0 ,1.06666564848932,34.3687611250429
Uganda,Uganda,UG,,,Mbale,,Manjiya,,Bushika,,Mt. Elgon Np,Africa/Kampala,UTC +3.0 ,1.08123843646135,34.3667533120845
Uganda,Uganda,UG,,,Mbale,,Mbale,,Industrial,,Malukhu,Africa/Kampala,UTC +3.0 ,1.06764077186378,34.169939947691
Uganda,Uganda,UG,,,Mbale,,Mbale,,Industrial,,Masaba,Africa/Kampala,UTC +3.0 ,1.0769580557686,34.1584832440683
Uganda,Uganda,UG,,,Mbale,,Mbale,,Industrial,,Namatala,Africa/Kampala,UTC +3.0 ,1.08744028748289,34.161577012825
Uganda,Uganda,UG,,,Mbale,,Mbale,,Industrial,,South Central,Africa/Kampala,UTC +3.0 ,1.0747739336913,34.1766057429979
Uganda,Uganda,UG,,,Mbale,,Mbale,,Northern Division,,I.U.I.U Ward,Africa/Kampala,UTC +3.0 ,1.10253214117564,34.1727946205036
Uganda,Uganda,UG,,,Mbale,,Mbale,,Northern Division,,Nabuyonga Ward,Africa/Kampala,UTC +3.0 ,1.09033712191805,34.1725501378254
Uganda,Uganda,UG,,,Mbale,,Mbale,,Northern Division,,Namakwekwe Ward,Africa/Kampala,UTC +3.0 ,1.09144832950657,34.1832037154645
Uganda,Uganda,UG,,,Mbale,,Mbale,,Northern Division,,Nkoma Ward,Africa/Kampala,UTC +3.0 ,1.10285645175272,34.1743045412735
Uganda,Uganda,UG,,,Mbale,,Mbale,,Northern Division,,North Central Ward,Africa/Kampala,UTC +3.0 ,1.07985317085582,34.1797411996469
Uganda,Uganda,UG,,,Mbale,,Mbale,,Wanale Division,,Boma Ward,Africa/Kampala,UTC +3.0 ,1.06577919982505,34.1896611369789
Uganda,Uganda,UG,,,Mbale,,Mbale,,Wanale Division,,Busamaga Ward,Africa/Kampala,UTC +3.0 ,1.07986253766106,34.1936238698879
Uganda,Uganda,UG,,,Mbale,,Mbale,,Wanale Division,,Mooni Ward,Africa/Kampala,UTC +3.0 ,1.066611788989,34.2034800624829
Uganda,Uganda,UG,,,Mbarara,,Bukanga,,Endinzi,,Busheka,Africa/Kampala,UTC +3.0 ,-0.954098770210051,31.2069553678381
Uganda,Uganda,UG,,,Mbarara,,Bukanga,,Endinzi,,Kikoba,Africa/Kampala,UTC +3.0 ,-0.868038271872855,31.1193070312994
Uganda,Uganda,UG,,,Mbarara,,Bukanga,,Endinzi,,Nyabyondo,Africa/Kampala,UTC +3.0 ,-0.873923942712886,31.1725251926508
Uganda,Uganda,UG,,,Mbarara,,Bukanga,,Endinzi,,Nyamarungi,Africa/Kampala,UTC +3.0 ,-0.961323386074669,31.1046350723313
Uganda,Uganda,UG,,,Mbarara,,Bukanga,,Endinzi,,Rwanjogyera,Africa/Kampala,UTC +3.0 ,-0.797562216177171,31.1505122532379
Uganda,Uganda,UG,,,Mbarara,,Bukanga,,Endinzi,,Rwantaha,Africa/Kampala,UTC +3.0 ,-0.754450145077699,31.1593087265863
Uganda,Uganda,UG,,,Mbarara,,Bukanga,,Kashumba,,Kashumba,Africa/Kampala,UTC +3.0 ,-0.836064210929715,30.9281283312739
Uganda,Uganda,UG,,,Mbarara,,Bukanga,,Kashumba,,Kigaragara,Africa/Kampala,UTC +3.0 ,-0.964743668165934,30.9252560886603
Uganda,Uganda,UG,,,Mbarara,,Bukanga,,Kashumba,,Kyabahesi,Africa/Kampala,UTC +3.0 ,-0.87945257573047,30.9905316628285
Uganda,Uganda,UG,,,Mbarara,,Bukanga,,Kashumba,,Murema,Africa/Kampala,UTC +3.0 ,-0.943761851687895,30.9817828966559
Uganda,Uganda,UG,,,Mbarara,,Bukanga,,Kashumba,,Nshororo,Africa/Kampala,UTC +3.0 ,-0.961996550832353,31.0254434167013
Uganda,Uganda,UG,,,Mbarara,,Bukanga,,Ngarama,,Burungamo,Africa/Kampala,UTC +3.0 ,-0.863249388807568,30.8782684873881
Uganda,Uganda,UG,,,Mbarara,,Bukanga,,Ngarama,,Kabare,Africa/Kampala,UTC +3.0 ,-0.883282905114535,30.8173447170372
Uganda,Uganda,UG,,,Mbarara,,Bukanga,,Ngarama,,Kagaaga,Africa/Kampala,UTC +3.0 ,-0.941099651564187,30.7898264399894
Uganda,Uganda,UG,,,Mbarara,,Bukanga,,Ngarama,,Kakamba,Africa/Kampala,UTC +3.0 ,-1.01638613551689,30.5942971280935
Uganda,Uganda,UG,,,Mbarara,,Bukanga,,Ngarama,,Kakamba,Africa/Kampala,UTC +3.0 ,-0.9780576264236,30.8031237628078
Uganda,Uganda,UG,,,Mbarara,,Bukanga,,Ngarama,,Kakamba,Africa/Kampala,UTC +3.0 ,-0.957022930131478,30.8662987462339
Uganda,Uganda,UG,,,Mbarara,,Bukanga,,Ngarama,,Kyabishaho,Africa/Kampala,UTC +3.0 ,-0.864166890831142,30.799973820076
Uganda,Uganda,UG,,,Mbarara,,Bukanga,,Ngarama,,Ngarama,Africa/Kampala,UTC +3.0 ,-0.939460361230723,30.8529610713878
Uganda,Uganda,UG,,,Mbarara,,Bukanga,,Rugaaga,,Kashojwa,Africa/Kampala,UTC +3.0 ,-0.738599643277428,30.988632089662
Uganda,Uganda,UG,,,Mbarara,,Bukanga,,Rugaaga,,Kihanda,Africa/Kampala,UTC +3.0 ,-0.885886492717313,31.0521507113268
Uganda,Uganda,UG,,,Mbarara,,Bukanga,,Rugaaga,,Kyampango,Africa/Kampala,UTC +3.0 ,-0.835291100508725,31.0112587315493
Uganda,Uganda,UG,,,Mbarara,,Bukanga,,Rugaaga,,Kyarubambura,Africa/Kampala,UTC +3.0 ,-0.793327004009913,31.0364185515147
Uganda,Uganda,UG,,,Mbarara,,Bukanga,,Rugaaga,,Nyabubare,Africa/Kampala,UTC +3.0 ,-0.754982837074049,31.0823421507857
Uganda,Uganda,UG,,,Mbarara,,Bukanga,,Rugaaga,,Rushasha,Africa/Kampala,UTC +3.0 ,-0.706357141803693,31.1043261423682
Uganda,Uganda,UG,,,Mbarara,,Bukanga,,Rugaaga,,Rwangabo,Africa/Kampala,UTC +3.0 ,-0.824001043436542,31.0912781802253
Uganda,Uganda,UG,,,Mbarara,,Ibanda,,Bisheshe,,Bugarama,Africa/Kampala,UTC +3.0 ,-0.053179904372156,30.5010362996945
Uganda,Uganda,UG,,,Mbarara,,Ibanda,,Bisheshe,,Kabaare,Africa/Kampala,UTC +3.0 ,0.003275967454152,30.4798236673022
Uganda,Uganda,UG,,,Mbarara,,Ibanda,,Bisheshe,,Kakatsi,Africa/Kampala,UTC +3.0 ,-0.029929494827804,30.4528473476635
Uganda,Uganda,UG,,,Mbarara,,Ibanda,,Bisheshe,,Karangara,Africa/Kampala,UTC +3.0 ,-0.035685094826147,30.5332288653036
Uganda,Uganda,UG,,,Mbarara,,Ibanda,,Bisheshe,,Kashungura,Africa/Kampala,UTC +3.0 ,-0.066403718965721,30.4336711550506
Uganda,Uganda,UG,,,Mbarara,,Ibanda,,Bisheshe,,Kyeikuchu,Africa/Kampala,UTC +3.0 ,-0.106658462525589,30.4330197192705
Uganda,Uganda,UG,,,Mbarara,,Ibanda,,Bisheshe,,Nyakatokye,Africa/Kampala,UTC +3.0 ,-0.079038752347355,30.4743855627859
Uganda,Uganda,UG,,,Mbarara,,Ibanda,,Ibanda Tc,,Bufunda,Africa/Kampala,UTC +3.0 ,-0.122938672694438,30.498233017004
Uganda,Uganda,UG,,,Mbarara,,Ibanda,,Ibanda Tc,,Kagongo,Africa/Kampala,UTC +3.0 ,-0.125920990614649,30.4670160546805
Uganda,Uganda,UG,,,Mbarara,,Ibanda,,Ishongororo,,Birongo,Africa/Kampala,UTC +3.0 ,0.030971941875674,30.4364293926982
Uganda,Uganda,UG,,,Mbarara,,Ibanda,,Ishongororo,,Kakinga,Africa/Kampala,UTC +3.0 ,0.062800464098746,30.5159594053073
Uganda,Uganda,UG,,,Mbarara,,Ibanda,,Ishongororo,,Kashozi,Africa/Kampala,UTC +3.0 ,0.007605585948676,30.5527575784045
Uganda,Uganda,UG,,,Mbarara,,Ibanda,,Ishongororo,,Kijongo,Africa/Kampala,UTC +3.0 ,-0.011685716826984,30.411458372812
Uganda,Uganda,UG,,,Mbarara,,Ibanda,,Ishongororo,,Nyantsimbo,Africa/Kampala,UTC +3.0 ,0.059256173123918,30.4781939543038
Uganda,Uganda,UG,,,Mbarara,,Ibanda,,Kicuzi,,Irimya,Africa/Kampala,UTC +3.0 ,-0.140976009442666,30.2879222949363
Uganda,Uganda,UG,,,Mbarara,,Ibanda,,Kicuzi,,Kanywambogo,Africa/Kampala,UTC +3.0 ,-0.170468024660822,30.325621175536
Uganda,Uganda,UG,,,Mbarara,,Ibanda,,Kicuzi,,Kicuzi,Africa/Kampala,UTC +3.0 ,-0.186789082717026,30.3771492218033
Uganda,Uganda,UG,,,Mbarara,,Ibanda,,Kikyenkye,,Keihangara,Africa/Kampala,UTC +3.0 ,-0.2229207955448,30.5597679167694
Uganda,Uganda,UG,,,Mbarara,,Ibanda,,Kikyenkye,,Kihani,Africa/Kampala,UTC +3.0 ,-0.173433563913921,30.5566656746471
Uganda,Uganda,UG,,,Mbarara,,Ibanda,,Kikyenkye,,Rugaaga,Africa/Kampala,UTC +3.0 ,-0.179980942010761,30.5962528085466
Uganda,Uganda,UG,,,Mbarara,,Ibanda,,Kikyenkye,,Rwengwe,Africa/Kampala,UTC +3.0 ,-0.138550880649314,30.5587413646159
Uganda,Uganda,UG,,,Mbarara,,Ibanda,,Nyabuhikye,,Bwahwa,Africa/Kampala,UTC +3.0 ,-0.231434433230665,30.5030711297212
Uganda,Uganda,UG,,,Mbarara,,Ibanda,,Nyabuhikye,,Kanyansheko,Africa/Kampala,UTC +3.0 ,-0.169513238841194,30.4656237734116
Uganda,Uganda,UG,,,Mbarara,,Ibanda,,Nyabuhikye,,Kayenje,Africa/Kampala,UTC +3.0 ,-0.193015139444873,30.4854095231397
Uganda,Uganda,UG,,,Mbarara,,Ibanda,,Nyabuhikye,,Nsasi,Africa/Kampala,UTC +3.0 ,-0.101748503434983,30.5334709754993
Uganda,Uganda,UG,,,Mbarara,,Ibanda,,Nyabuhikye,,Nyamirima,Africa/Kampala,UTC +3.0 ,-0.188179284549368,30.5222552432087
Uganda,Uganda,UG,,,Mbarara,,Ibanda,,Nyabuhikye,,Rwobuziizi,Africa/Kampala,UTC +3.0 ,-0.089072366537974,30.5601468475942
Uganda,Uganda,UG,,,Mbarara,,Ibanda,,Nyamarebe,,Bihanga,Africa/Kampala,UTC +3.0 ,0.079327714686693,30.5919647954778
Uganda,Uganda,UG,,,Mbarara,,Ibanda,,Nyamarebe,,Kyengando,Africa/Kampala,UTC +3.0 ,0.10078806891727,30.5315186205934
Uganda,Uganda,UG,,,Mbarara,,Ibanda,,Nyamarebe,,Rushango,Africa/Kampala,UTC +3.0 ,0.135474779431282,30.5779509310327
Uganda,Uganda,UG,,,Mbarara,,Ibanda,,Rukiri,,Bwenda,Africa/Kampala,UTC +3.0 ,-0.222872493740003,30.4403059388161
Uganda,Uganda,UG,,,Mbarara,,Ibanda,,Rukiri,,Katembe,Africa/Kampala,UTC +3.0 ,-0.246711002668175,30.4081141088598
Uganda,Uganda,UG,,,Mbarara,,Ibanda,,Rukiri,,Kigunga,Africa/Kampala,UTC +3.0 ,-0.243703649880596,30.4694277534118
Uganda,Uganda,UG,,,Mbarara,,Ibanda,,Rukiri,,Mabona,Africa/Kampala,UTC +3.0 ,-0.216334565222214,30.4075384485099
Uganda,Uganda,UG,,,Mbarara,,Ibanda,,Rukiri,,Mpasha,Africa/Kampala,UTC +3.0 ,-0.186690049998639,30.4264862556961
Uganda,Uganda,UG,,,Mbarara,,Ibanda,,Rukiri,,Nyarukiika,Africa/Kampala,UTC +3.0 ,-0.274186837125416,30.4297864084254
Uganda,Uganda,UG,,,Mbarara,,Isingiro,,Birere,,Ibumba,Africa/Kampala,UTC +3.0 ,-0.809458464905594,30.6597214697694
Uganda,Uganda,UG,,,Mbarara,,Isingiro,,Birere,,Kahenda,Africa/Kampala,UTC +3.0 ,-0.730827615156395,30.659453341098
Uganda,Uganda,UG,,,Mbarara,,Isingiro,,Birere,,Kasaana,Africa/Kampala,UTC +3.0 ,-0.699343453443379,30.6510954021097
Uganda,Uganda,UG,,,Mbarara,,Isingiro,,Birere,,Katanoga,Africa/Kampala,UTC +3.0 ,-0.757322033966377,30.705625735018
Uganda,Uganda,UG,,,Mbarara,,Isingiro,,Birere,,Kigyendwa,Africa/Kampala,UTC +3.0 ,-0.752876295449023,30.6706034271175
Uganda,Uganda,UG,,,Mbarara,,Isingiro,,Birere,,Kikokwa,Africa/Kampala,UTC +3.0 ,-0.686361014504885,30.6871108171203
Uganda,Uganda,UG,,,Mbarara,,Isingiro,,Birere,,Kishuro,Africa/Kampala,UTC +3.0 ,-0.725098658991105,30.7006987280811
Uganda,Uganda,UG,,,Mbarara,,Isingiro,,Birere,,Kyera,Africa/Kampala,UTC +3.0 ,-0.65491298561153,30.6570393162744
Uganda,Uganda,UG,,,Mbarara,,Isingiro,,Birere,,Nyamuyanja,Africa/Kampala,UTC +3.0 ,-0.782613419750004,30.6852195368099
Uganda,Uganda,UG,,,Mbarara,,Isingiro,,Kabingo,,Kagarama,Africa/Kampala,UTC +3.0 ,-0.812401161839443,30.7558235911719
Uganda,Uganda,UG,,,Mbarara,,Isingiro,,Kabingo,,Kaharo,Africa/Kampala,UTC +3.0 ,-0.75400470032816,30.7920985732447
Uganda,Uganda,UG,,,Mbarara,,Isingiro,,Kabingo,,Kamuri,Africa/Kampala,UTC +3.0 ,-0.771184891500649,30.8533797857877
Uganda,Uganda,UG,,,Mbarara,,Isingiro,,Kabingo,,Katembe,Africa/Kampala,UTC +3.0 ,-0.731380500436642,30.8283953196299
Uganda,Uganda,UG,,,Mbarara,,Isingiro,,Kabingo,,Kyarugaju,Africa/Kampala,UTC +3.0 ,-0.706329664615617,30.8739485502906
Uganda,Uganda,UG,,,Mbarara,,Isingiro,,Kabingo,,Mabona,Africa/Kampala,UTC +3.0 ,-0.852999336326275,30.7746088067379
Uganda,Uganda,UG,,,Mbarara,,Isingiro,,Kabingo,,Nyakigyera,Africa/Kampala,UTC +3.0 ,-0.769985340031626,30.7318285502024
Uganda,Uganda,UG,,,Mbarara,,Isingiro,,Kabuyanda,,Kabugu,Africa/Kampala,UTC +3.0 ,-0.905933693286744,30.6489370388333
Uganda,Uganda,UG,,,Mbarara,,Isingiro,,Kabuyanda,,Kanywamaizi,Africa/Kampala,UTC +3.0 ,-0.885536423560051,30.6201169430954
Uganda,Uganda,UG,,,Mbarara,,Isingiro,,Kabuyanda,,Karama,Africa/Kampala,UTC +3.0 ,-0.960217732609583,30.5390257905734
Uganda,Uganda,UG,,,Mbarara,,Isingiro,,Kabuyanda,,Kisyoro,Africa/Kampala,UTC +3.0 ,-0.935792630205425,30.6118264227936
Uganda,Uganda,UG,,,Mbarara,,Isingiro,,Kabuyanda,,Ruborogota,Africa/Kampala,UTC +3.0 ,-1.02458216786265,30.5314297002883
Uganda,Uganda,UG,,,Mbarara,,Isingiro,,Kabuyanda,,Rwakakwenda,Africa/Kampala,UTC +3.0 ,-0.941351122523203,30.5796059486041
Uganda,Uganda,UG,,,Mbarara,,Isingiro,,Kikagate,,Kajaho,Africa/Kampala,UTC +3.0 ,-0.944923785387526,30.7456009183355
Uganda,Uganda,UG,,,Mbarara,,Isingiro,,Kikagate,,Kamubeizi,Africa/Kampala,UTC +3.0 ,-0.959861707302183,30.6875025987487
Uganda,Uganda,UG,,,Mbarara,,Isingiro,,Kikagate,,Kyezimbire,Africa/Kampala,UTC +3.0 ,-1.00175266769454,30.6765474018117
Uganda,Uganda,UG,,,Mbarara,,Isingiro,,Kikagate,,Ntundu,Africa/Kampala,UTC +3.0 ,-1.02929085618054,30.6378301128876
Uganda,Uganda,UG,,,Mbarara,,Isingiro,,Kikagate,,Ruyanga,Africa/Kampala,UTC +3.0 ,-0.976165581799376,30.7239165826405
Uganda,Uganda,UG,,,Mbarara,,Isingiro,,Kikagate,,Rwamwijuka,Africa/Kampala,UTC +3.0 ,-0.957885929346441,30.6471100073784
Uganda,Uganda,UG,,,Mbarara,,Isingiro,,Masha,,Kabaare,Africa/Kampala,UTC +3.0 ,-0.630433438814366,30.6984787294835
Uganda,Uganda,UG,,,Mbarara,,Isingiro,,Masha,,Nyakakoni,Africa/Kampala,UTC +3.0 ,-0.705711725191075,30.7387473564452
Uganda,Uganda,UG,,,Mbarara,,Isingiro,,Masha,,Nyamitsindo,Africa/Kampala,UTC +3.0 ,-0.682148712365457,30.7829572066998
Uganda,Uganda,UG,,,Mbarara,,Isingiro,,Masha,,Nyarubungo,Africa/Kampala,UTC +3.0 ,-0.663059627676899,30.7306664088454
Uganda,Uganda,UG,,,Mbarara,,Isingiro,,Masha,,Rukuuba,Africa/Kampala,UTC +3.0 ,-0.630140740682434,30.7422467566619
Uganda,Uganda,UG,,,Mbarara,,Isingiro,,Masha,,Rwetango,Africa/Kampala,UTC +3.0 ,-0.645178765362585,30.8218082331385
Uganda,Uganda,UG,,,Mbarara,,Isingiro,,Nyakitunda,,Bugongi,Africa/Kampala,UTC +3.0 ,-0.869454083044755,30.7086259794028
Uganda,Uganda,UG,,,Mbarara,,Isingiro,,Nyakitunda,,Kamubeizi,Africa/Kampala,UTC +3.0 ,-0.920201008815323,30.6800663266137
Uganda,Uganda,UG,,,Mbarara,,Isingiro,,Nyakitunda,,Kihiihi,Africa/Kampala,UTC +3.0 ,-0.884029433756394,30.737991209285
Uganda,Uganda,UG,,,Mbarara,,Isingiro,,Nyakitunda,,Ntungu,Africa/Kampala,UTC +3.0 ,-0.830693235758916,30.7078466663023
Uganda,Uganda,UG,,,Mbarara,,Isingiro,,Nyakitunda,,Nyakarambi,Africa/Kampala,UTC +3.0 ,-0.902989690771048,30.7075363381687
Uganda,Uganda,UG,,,Mbarara,,Isingiro,,Nyakitunda,,Ruhiira,Africa/Kampala,UTC +3.0 ,-0.862518208311625,30.662631772903
Uganda,Uganda,UG,,,Mbarara,,Kashari,,Bubaare,,Kamushoko,Africa/Kampala,UTC +3.0 ,-0.548392618165545,30.482704783501
Uganda,Uganda,UG,,,Mbarara,,Kashari,,Bubaare,,Kashaka,Africa/Kampala,UTC +3.0 ,-0.597353566908727,30.4775372984879
Uganda,Uganda,UG,,,Mbarara,,Kashari,,Bubaare,,Katojo,Africa/Kampala,UTC +3.0 ,-0.577412271602427,30.5587941228188
Uganda,Uganda,UG,,,Mbarara,,Kashari,,Bubaare,,Mugarutsya,Africa/Kampala,UTC +3.0 ,-0.50118773622838,30.4953537908696
Uganda,Uganda,UG,,,Mbarara,,Kashari,,Bubaare,,Rugarama,Africa/Kampala,UTC +3.0 ,-0.515526851667286,30.5568983725255
Uganda,Uganda,UG,,,Mbarara,,Kashari,,Bubaare,,Rwenshanku,Africa/Kampala,UTC +3.0 ,-0.546120691977646,30.5612077474966
Uganda,Uganda,UG,,,Mbarara,,Kashari,,Bukiro,,Bukiro,Africa/Kampala,UTC +3.0 ,-0.420630245492767,30.4800447288002
Uganda,Uganda,UG,,,Mbarara,,Kashari,,Bukiro,,Nyanja,Africa/Kampala,UTC +3.0 ,-0.402858937145322,30.5236531440595
Uganda,Uganda,UG,,,Mbarara,,Kashari,,Bukiro,,Nyarubungo,Africa/Kampala,UTC +3.0 ,-0.463211153394558,30.5004874555271
Uganda,Uganda,UG,,,Mbarara,,Kashari,,Bukiro,,Rubingo,Africa/Kampala,UTC +3.0 ,-0.387042085532745,30.510550900793
Uganda,Uganda,UG,,,Mbarara,,Kashari,,Kagongi,,Bwengure,Africa/Kampala,UTC +3.0 ,-0.238381879625807,30.5994438601929
Uganda,Uganda,UG,,,Mbarara,,Kashari,,Kagongi,,Kibingo,Africa/Kampala,UTC +3.0 ,-0.288471873169379,30.5185780679813
Uganda,Uganda,UG,,,Mbarara,,Kashari,,Kagongi,,Kyandahi,Africa/Kampala,UTC +3.0 ,-0.281852393277486,30.5418246455908
Uganda,Uganda,UG,,,Mbarara,,Kashari,,Kagongi,,Ngango,Africa/Kampala,UTC +3.0 ,-0.260409083972657,30.5385198766995
Uganda,Uganda,UG,,,Mbarara,,Kashari,,Kagongi,,Nsiika,Africa/Kampala,UTC +3.0 ,-0.272089536531299,30.596755312591
Uganda,Uganda,UG,,,Mbarara,,Kashari,,Kagongi,,Ntura,Africa/Kampala,UTC +3.0 ,-0.265808336217383,30.5690677994304
Uganda,Uganda,UG,,,Mbarara,,Kashari,,Kakiika,,Bunutsya,Africa/Kampala,UTC +3.0 ,-0.580288953850359,30.7295715121708
Uganda,Uganda,UG,,,Mbarara,,Kashari,,Kakiika,,Kakiika,Africa/Kampala,UTC +3.0 ,-0.57097439900878,30.665203166819
Uganda,Uganda,UG,,,Mbarara,,Kashari,,Kakiika,,Kakoma,Africa/Kampala,UTC +3.0 ,-0.529303957337246,30.6404307489972
Uganda,Uganda,UG,,,Mbarara,,Kashari,,Kakiika,,Kyahi Fr,Africa/Kampala,UTC +3.0 ,-0.595655951410674,30.7575564890412
Uganda,Uganda,UG,,,Mbarara,,Kashari,,Kakiika,,Nyarubanga,Africa/Kampala,UTC +3.0 ,-0.582488442715794,30.6124270794693
Uganda,Uganda,UG,,,Mbarara,,Kashari,,Kakiika,,Rwemigyina,Africa/Kampala,UTC +3.0 ,-0.594122620092226,30.710072957699
Uganda,Uganda,UG,,,Mbarara,,Kashari,,Kashare,,Mirongo,Africa/Kampala,UTC +3.0 ,-0.378864956366906,30.6331667678114
Uganda,Uganda,UG,,,Mbarara,,Kashari,,Kashare,,Mitozo,Africa/Kampala,UTC +3.0 ,-0.36443164718074,30.5860491863608
Uganda,Uganda,UG,,,Mbarara,,Kashari,,Kashare,,Nchune,Africa/Kampala,UTC +3.0 ,-0.320794382986014,30.599421583767
Uganda,Uganda,UG,,,Mbarara,,Kashari,,Kashare,,Nyabisirira,Africa/Kampala,UTC +3.0 ,-0.337274683228688,30.6355006489884
Uganda,Uganda,UG,,,Mbarara,,Kashari,,Rubaya,,Bunenero,Africa/Kampala,UTC +3.0 ,-0.44487496317753,30.6678929484916
Uganda,Uganda,UG,,,Mbarara,,Kashari,,Rubaya,,Itara,Africa/Kampala,UTC +3.0 ,-0.421982043129665,30.6446674828646
Uganda,Uganda,UG,,,Mbarara,,Kashari,,Rubaya,,Kishasha,Africa/Kampala,UTC +3.0 ,-0.53498847986681,30.6975435548449
Uganda,Uganda,UG,,,Mbarara,,Kashari,,Rubaya,,Nyabuhama,Africa/Kampala,UTC +3.0 ,-0.504209515611479,30.7320176083175
Uganda,Uganda,UG,,,Mbarara,,Kashari,,Rubaya,,Ruhunga,Africa/Kampala,UTC +3.0 ,-0.454100134632232,30.6251512695115
Uganda,Uganda,UG,,,Mbarara,,Kashari,,Rubaya,,Rushozi,Africa/Kampala,UTC +3.0 ,-0.466825564889281,30.7173358723931
Uganda,Uganda,UG,,,Mbarara,,Kashari,,Rubaya,,Rwenjeru,Africa/Kampala,UTC +3.0 ,-0.538631446484945,30.7665980657912
Uganda,Uganda,UG,,,Mbarara,,Kashari,,Rubindi,,Bitsya,Africa/Kampala,UTC +3.0 ,-0.345563139153414,30.5558217943115
Uganda,Uganda,UG,,,Mbarara,,Kashari,,Rubindi,,Kabare,Africa/Kampala,UTC +3.0 ,-0.311311810734301,30.5702607562935
Uganda,Uganda,UG,,,Mbarara,,Kashari,,Rubindi,,Kariro,Africa/Kampala,UTC +3.0 ,-0.375336801843749,30.5457364413958
Uganda,Uganda,UG,,,Mbarara,,Kashari,,Rubindi,,Karwensanga,Africa/Kampala,UTC +3.0 ,-0.308036949721473,30.5397468375615
Uganda,Uganda,UG,,,Mbarara,,Kashari,,Rubindi,,Nyamiriro,Africa/Kampala,UTC +3.0 ,-0.323992662419069,30.5166571998687
Uganda,Uganda,UG,,,Mbarara,,Kashari,,Rubindi,,Rwamuhiigi,Africa/Kampala,UTC +3.0 ,-0.351200726005216,30.5253492846747
Uganda,Uganda,UG,,,Mbarara,,Kashari,,Rwanyamahembe,,Kakyerere,Africa/Kampala,UTC +3.0 ,-0.431798546092695,30.5366042504461
Uganda,Uganda,UG,,,Mbarara,,Kashari,,Rwanyamahembe,,Katyazo,Africa/Kampala,UTC +3.0 ,-0.486555911585807,30.5828233281087
Uganda,Uganda,UG,,,Mbarara,,Kashari,,Rwanyamahembe,,Mabira,Africa/Kampala,UTC +3.0 ,-0.468537811904985,30.5451308058526
Uganda,Uganda,UG,,,Mbarara,,Kashari,,Rwanyamahembe,,Rutooma,Africa/Kampala,UTC +3.0 ,-0.407363919760852,30.5649938560101
Uganda,Uganda,UG,,,Mbarara,,Kashari,,Rwanyamahembe,,Rwebishekye,Africa/Kampala,UTC +3.0 ,-0.418563625106856,30.6041611827406
Uganda,Uganda,UG,,,Mbarara,,Kazo,,Buremba,,Bigusyo,Africa/Kampala,UTC +3.0 ,0.083673984960791,30.6806132085089
Uganda,Uganda,UG,,,Mbarara,,Kazo,,Buremba,,Kabingo,Africa/Kampala,UTC +3.0 ,0.162530916858768,30.6427462722636
Uganda,Uganda,UG,,,Mbarara,,Kazo,,Buremba,,Kijooha,Africa/Kampala,UTC +3.0 ,0.154670528290066,30.7142384335891
Uganda,Uganda,UG,,,Mbarara,,Kazo,,Buremba,,Kitamba,Africa/Kampala,UTC +3.0 ,0.150401597298836,30.6656941253583
Uganda,Uganda,UG,,,Mbarara,,Kazo,,Buremba,,Nkungu,Africa/Kampala,UTC +3.0 ,0.134323993309976,30.7635501442278
Uganda,Uganda,UG,,,Mbarara,,Kazo,,Buremba,,Nshunga,Africa/Kampala,UTC +3.0 ,0.149098177821385,30.8104896150854
Uganda,Uganda,UG,,,Mbarara,,Kazo,,Burunga,,Bisya-Rwigi,Africa/Kampala,UTC +3.0 ,0.048695407726889,30.9294443941492
Uganda,Uganda,UG,,,Mbarara,,Kazo,,Burunga,,Burunga,Africa/Kampala,UTC +3.0 ,0.153468378863442,30.9871771232025
Uganda,Uganda,UG,,,Mbarara,,Kazo,,Burunga,,Kiguma,Africa/Kampala,UTC +3.0 ,0.079150652171894,30.9928950698111
Uganda,Uganda,UG,,,Mbarara,,Kazo,,Burunga,,Magondo,Africa/Kampala,UTC +3.0 ,0.154538383811128,30.9063130661952
Uganda,Uganda,UG,,,Mbarara,,Kazo,,Kanoni,,Engari,Africa/Kampala,UTC +3.0 ,-0.028768179846125,30.6480943233151
Uganda,Uganda,UG,,,Mbarara,,Kazo,,Kanoni,,Kaicumu,Africa/Kampala,UTC +3.0 ,0.039113341023528,30.6518497121846
Uganda,Uganda,UG,,,Mbarara,,Kazo,,Kanoni,,Kitongore,Africa/Kampala,UTC +3.0 ,-0.111812484345453,30.6539239839829
Uganda,Uganda,UG,,,Mbarara,,Kazo,,Kanoni,,Kyengando,Africa/Kampala,UTC +3.0 ,-0.073227691848853,30.6612250400583
Uganda,Uganda,UG,,,Mbarara,,Kazo,,Kanoni,,Mbogo,Africa/Kampala,UTC +3.0 ,-0.032282497190957,30.5986242127106
Uganda,Uganda,UG,,,Mbarara,,Kazo,,Kanoni,,Nyarubanga,Africa/Kampala,UTC +3.0 ,-0.123753826764707,30.6111926538627
Uganda,Uganda,UG,,,Mbarara,,Kazo,,Kanoni,,Rwemengo,Africa/Kampala,UTC +3.0 ,-0.060959653183704,30.5898071225038
Uganda,Uganda,UG,,,Mbarara,,Kazo,,Kazo,,Kayanga,Africa/Kampala,UTC +3.0 ,-0.117952344150114,30.7826229899761
Uganda,Uganda,UG,,,Mbarara,,Kazo,,Kazo,,Kazo,Africa/Kampala,UTC +3.0 ,-0.055004520970173,30.7757623984864
Uganda,Uganda,UG,,,Mbarara,,Kazo,,Kazo,,Kyampangara,Africa/Kampala,UTC +3.0 ,0.051692906866846,30.7213260319423
Uganda,Uganda,UG,,,Mbarara,,Kazo,,Kazo,,Mbaba,Africa/Kampala,UTC +3.0 ,-0.101615628151123,30.7145914527884
Uganda,Uganda,UG,,,Mbarara,,Kazo,,Kazo,,Ntambazi,Africa/Kampala,UTC +3.0 ,-0.030918259428929,30.7111469000031
Uganda,Uganda,UG,,,Mbarara,,Kazo,,Kazo,,Obwengara/ Ibaare,Africa/Kampala,UTC +3.0 ,0.012219244428489,30.7481547847839
Uganda,Uganda,UG,,,Mbarara,,Kazo,,Kazo,,Rwamuranga,Africa/Kampala,UTC +3.0 ,-0.054641186450244,30.8349157143175
Uganda,Uganda,UG,,,Mbarara,,Kazo,,Rwemikoma,,Bugarihe,Africa/Kampala,UTC +3.0 ,0.027813452944967,30.7980056067412
Uganda,Uganda,UG,,,Mbarara,,Kazo,,Rwemikoma,,Kijuma,Africa/Kampala,UTC +3.0 ,-0.033254804298454,30.8866024129345
Uganda,Uganda,UG,,,Mbarara,,Kazo,,Rwemikoma,,Migina,Africa/Kampala,UTC +3.0 ,0.125936582803133,30.8637016044702
Uganda,Uganda,UG,,,Mbarara,,Kazo,,Rwemikoma,,Rwemikoma,Africa/Kampala,UTC +3.0 ,0.06137975685433,30.8549818953198
Uganda,Uganda,UG,,,Mbarara,,Mbarara,,Kakoba,,Kakoba,Africa/Kampala,UTC +3.0 ,-0.599608508055431,30.6807132932149
Uganda,Uganda,UG,,,Mbarara,,Mbarara,,Kakoba,,Nyamityobora,Africa/Kampala,UTC +3.0 ,-0.589930590768028,30.6699494312144
Uganda,Uganda,UG,,,Mbarara,,Mbarara,,Kamukuzi,,Kamukuzi,Africa/Kampala,UTC +3.0 ,-0.603867677842984,30.6508974056981
Uganda,Uganda,UG,,,Mbarara,,Mbarara,,Kamukuzi,,Ruharo,Africa/Kampala,UTC +3.0 ,-0.602690165652939,30.6299540153012
Uganda,Uganda,UG,,,Mbarara,,Mbarara,,Nyamitanga,,Katete,Africa/Kampala,UTC +3.0 ,-0.622138067474315,30.6704182520536
Uganda,Uganda,UG,,,Mbarara,,Mbarara,,Nyamitanga,,Ruti,Africa/Kampala,UTC +3.0 ,-0.626596751195007,30.6323060613722
Uganda,Uganda,UG,,,Mbarara,,Nyabushozi,,Kanyaryeru,,Akaku,Africa/Kampala,UTC +3.0 ,-0.562894665111686,30.8095763536111
Uganda,Uganda,UG,,,Mbarara,,Nyabushozi,,Kanyaryeru,,Akayanja,Africa/Kampala,UTC +3.0 ,-0.503548212073113,30.9507959252652
Uganda,Uganda,UG,,,Mbarara,,Nyabushozi,,Kanyaryeru,,Kanyaryeru,Africa/Kampala,UTC +3.0 ,-0.52809866738488,30.8278255037354
Uganda,Uganda,UG,,,Mbarara,,Nyabushozi,,Kanyaryeru,,Kibega,Africa/Kampala,UTC +3.0 ,-0.510035507889072,30.8577539121387
Uganda,Uganda,UG,,,Mbarara,,Nyabushozi,,Kanyaryeru,,Rwamuranda,Africa/Kampala,UTC +3.0 ,-0.559178706577295,30.8574994144445
Uganda,Uganda,UG,,,Mbarara,,Nyabushozi,,Kashongi,,Byanamira,Africa/Kampala,UTC +3.0 ,-0.240763828983845,30.7109524708371
Uganda,Uganda,UG,,,Mbarara,,Nyabushozi,,Kashongi,,Kitabo,Africa/Kampala,UTC +3.0 ,-0.300621777013053,30.7221814120373
Uganda,Uganda,UG,,,Mbarara,,Nyabushozi,,Kashongi,,Kitura,Africa/Kampala,UTC +3.0 ,-0.207216194809598,30.6444086308399
Uganda,Uganda,UG,,,Mbarara,,Nyabushozi,,Kashongi,,Mooya,Africa/Kampala,UTC +3.0 ,-0.261417615585815,30.6357077637888
Uganda,Uganda,UG,,,Mbarara,,Nyabushozi,,Kashongi,,Rwanyangwe,Africa/Kampala,UTC +3.0 ,-0.172081984926158,30.7076059601682
Uganda,Uganda,UG,,,Mbarara,,Nyabushozi,,Kashongi,,Rwemamba,Africa/Kampala,UTC +3.0 ,-0.158185895286619,30.6517433556616
Uganda,Uganda,UG,,,Mbarara,,Nyabushozi,,Kashongi,,Rwenjubu,Africa/Kampala,UTC +3.0 ,-0.321211397109222,30.674183512376
Uganda,Uganda,UG,,,Mbarara,,Nyabushozi,,Kenshunga,,Nshwerenkye,Africa/Kampala,UTC +3.0 ,-0.133302988863169,30.9349789561271
Uganda,Uganda,UG,,,Mbarara,,Nyabushozi,,Kenshunga,,Nyakasharara,Africa/Kampala,UTC +3.0 ,-0.21306404321199,30.8620411422113
Uganda,Uganda,UG,,,Mbarara,,Nyabushozi,,Kenshunga,,Rugongi,Africa/Kampala,UTC +3.0 ,-0.173616973473784,30.8011988683842
Uganda,Uganda,UG,,,Mbarara,,Nyabushozi,,Kenshunga,,Rushere,Africa/Kampala,UTC +3.0 ,-0.23119365719104,30.9635720246498
Uganda,Uganda,UG,,,Mbarara,,Nyabushozi,,Kikatsi,,Embaare,Africa/Kampala,UTC +3.0 ,-0.377655840718725,30.8765015428616
Uganda,Uganda,UG,,,Mbarara,,Nyabushozi,,Kikatsi,,Kaikoti,Africa/Kampala,UTC +3.0 ,-0.294959901026779,30.789162445736
Uganda,Uganda,UG,,,Mbarara,,Nyabushozi,,Kikatsi,,Kanyanya,Africa/Kampala,UTC +3.0 ,-0.309874652882133,30.9060968229289
Uganda,Uganda,UG,,,Mbarara,,Nyabushozi,,Kikatsi,,Kayonza,Africa/Kampala,UTC +3.0 ,-0.41030208311269,30.7687826091747
Uganda,Uganda,UG,,,Mbarara,,Nyabushozi,,Kinoni,,Kasaana,Africa/Kampala,UTC +3.0 ,-0.066406909245304,31.0599477580796
Uganda,Uganda,UG,,,Mbarara,,Nyabushozi,,Kinoni,,Keitanturegye,Africa/Kampala,UTC +3.0 ,-0.07613545335763,30.9890943676287
Uganda,Uganda,UG,,,Mbarara,,Nyabushozi,,Kinoni,,Macuncu,Africa/Kampala,UTC +3.0 ,-0.16325467706703,31.0424143856383
Uganda,Uganda,UG,,,Mbarara,,Nyabushozi,,Kinoni,,Rwetamu,Africa/Kampala,UTC +3.0 ,0.006386008320848,30.9860047890687
Uganda,Uganda,UG,,,Mbarara,,Nyabushozi,,Nyakashashara,,Bijubwe,Africa/Kampala,UTC +3.0 ,-0.298651041419874,31.0469997315144
Uganda,Uganda,UG,,,Mbarara,,Nyabushozi,,Nyakashashara,,Kyakabunga,Africa/Kampala,UTC +3.0 ,-0.357535843465537,31.0335346421769
Uganda,Uganda,UG,,,Mbarara,,Nyabushozi,,Nyakashashara,,Lake Mburo Np,Africa/Kampala,UTC +3.0 ,-0.633249931677817,31.0330938661436
Uganda,Uganda,UG,,,Mbarara,,Nyabushozi,,Nyakashashara,,Nyakahita,Africa/Kampala,UTC +3.0 ,-0.455520444110188,31.0634573405428
Uganda,Uganda,UG,,,Mbarara,,Nyabushozi,,Nyakashashara,,Rurambira,Africa/Kampala,UTC +3.0 ,-0.576529292007,31.0896180525277
Uganda,Uganda,UG,,,Mbarara,,Nyabushozi,,Sanga,,Lake Mburo Np,Africa/Kampala,UTC +3.0 ,-0.632391229090941,30.9301744459569
Uganda,Uganda,UG,,,Mbarara,,Nyabushozi,,Sanga,,Nombe I,Africa/Kampala,UTC +3.0 ,-0.53017209697711,30.9190622659393
Uganda,Uganda,UG,,,Mbarara,,Nyabushozi,,Sanga,,Nombe Ii,Africa/Kampala,UTC +3.0 ,-0.529760493867269,30.9978955654602
Uganda,Uganda,UG,,,Mbarara,,Nyabushozi,,Sanga,,Nombe Ii,Africa/Kampala,UTC +3.0 ,-0.455343247003948,30.909722639806
Uganda,Uganda,UG,,,Mbarara,,Nyabushozi,,Sanga,,Rwabarata,Africa/Kampala,UTC +3.0 ,-0.576238434016013,30.9152896798609
Uganda,Uganda,UG,,,Mbarara,,Rwampara,,Bugamba,,Kabarama,Africa/Kampala,UTC +3.0 ,-0.795057207333788,30.5157312026254
Uganda,Uganda,UG,,,Mbarara,,Rwampara,,Bugamba,,Kamomo,Africa/Kampala,UTC +3.0 ,-0.769013122215989,30.4816390847887
Uganda,Uganda,UG,,,Mbarara,,Rwampara,,Bugamba,,Kibingo,Africa/Kampala,UTC +3.0 ,-0.715062552082109,30.4742868809464
Uganda,Uganda,UG,,,Mbarara,,Rwampara,,Bugamba,,Kitojo,Africa/Kampala,UTC +3.0 ,-0.743626838085379,30.460779385401
Uganda,Uganda,UG,,,Mbarara,,Rwampara,,Bugamba,,Ngugo,Africa/Kampala,UTC +3.0 ,-0.814838625165463,30.4816942176819
Uganda,Uganda,UG,,,Mbarara,,Rwampara,,Bugamba,,Nyaruhandagazi,Africa/Kampala,UTC +3.0 ,-0.71555611814928,30.5528575226634
Uganda,Uganda,UG,,,Mbarara,,Rwampara,,Bugamba,,Rweibogo,Africa/Kampala,UTC +3.0 ,-0.744436154838045,30.534098575251
Uganda,Uganda,UG,,,Mbarara,,Rwampara,,Mwizi,,Bushwere,Africa/Kampala,UTC +3.0 ,-0.787021838025455,30.5602711420117
Uganda,Uganda,UG,,,Mbarara,,Rwampara,,Mwizi,,Kigaaga,Africa/Kampala,UTC +3.0 ,-0.802911465241067,30.6096543894734
Uganda,Uganda,UG,,,Mbarara,,Rwampara,,Mwizi,,Ngoma,Africa/Kampala,UTC +3.0 ,-0.755696926171704,30.5949604465788
Uganda,Uganda,UG,,,Mbarara,,Rwampara,,Mwizi,,Rukarabo,Africa/Kampala,UTC +3.0 ,-0.77751445896897,30.6225151465683
Uganda,Uganda,UG,,,Mbarara,,Rwampara,,Mwizi,,Ryamiyonga,Africa/Kampala,UTC +3.0 ,-0.814429332225724,30.571715689376
Uganda,Uganda,UG,,,Mbarara,,Rwampara,,Mwizi,,Ryamiyonga,Africa/Kampala,UTC +3.0 ,-0.79933967033846,30.635696031627
Uganda,Uganda,UG,,,Mbarara,,Rwampara,,Ndaija,,Bujaga,Africa/Kampala,UTC +3.0 ,-0.739994960350035,30.3807658724072
Uganda,Uganda,UG,,,Mbarara,,Rwampara,,Ndaija,,Kakigaani,Africa/Kampala,UTC +3.0 ,-0.678615861672411,30.4160959331794
Uganda,Uganda,UG,,,Mbarara,,Rwampara,,Ndaija,,Kibaare,Africa/Kampala,UTC +3.0 ,-0.78960952612517,30.402923711561
Uganda,Uganda,UG,,,Mbarara,,Rwampara,,Ndaija,,Kongoro,Africa/Kampala,UTC +3.0 ,-0.771445313141966,30.4396043040248
Uganda,Uganda,UG,,,Mbarara,,Rwampara,,Ndaija,,Ndaija,Africa/Kampala,UTC +3.0 ,-0.728998404362486,30.3490665882992
Uganda,Uganda,UG,,,Mbarara,,Rwampara,,Ndaija,,Nyakaikara,Africa/Kampala,UTC +3.0 ,-0.749610058159156,30.4199860321153
Uganda,Uganda,UG,,,Mbarara,,Rwampara,,Ndaija,,Nyeihanga,Africa/Kampala,UTC +3.0 ,-0.70580404575739,30.3922175047751
Uganda,Uganda,UG,,,Mbarara,,Rwampara,,Ndaija,,Rwensinga,Africa/Kampala,UTC +3.0 ,-0.707598886502146,30.4313729665273
Uganda,Uganda,UG,,,Mbarara,,Rwampara,,Nyakayojo,,Bugaashe,Africa/Kampala,UTC +3.0 ,-0.706842129099981,30.6197394123248
Uganda,Uganda,UG,,,Mbarara,,Rwampara,,Nyakayojo,,Katojo,Africa/Kampala,UTC +3.0 ,-0.665206237892503,30.6246340343896
Uganda,Uganda,UG,,,Mbarara,,Rwampara,,Nyakayojo,,Kichwamba,Africa/Kampala,UTC +3.0 ,-0.737904315148274,30.616842074788
Uganda,Uganda,UG,,,Mbarara,,Rwampara,,Nyakayojo,,Nyarubungo,Africa/Kampala,UTC +3.0 ,-0.685494142461373,30.57793148839
Uganda,Uganda,UG,,,Mbarara,,Rwampara,,Nyakayojo,,Rukindo,Africa/Kampala,UTC +3.0 ,-0.624459042645952,30.5866202687177
Uganda,Uganda,UG,,,Mbarara,,Rwampara,,Nyakayojo,,Rwakishakiizi,Africa/Kampala,UTC +3.0 ,-0.645950917481929,30.5516193486358
Uganda,Uganda,UG,,,Mbarara,,Rwampara,,Rugando,,Kitunguru,Africa/Kampala,UTC +3.0 ,-0.678399494157976,30.4634837325977
Uganda,Uganda,UG,,,Mbarara,,Rwampara,,Rugando,,Mirama,Africa/Kampala,UTC +3.0 ,-0.623913082313033,30.5133273874873
Uganda,Uganda,UG,,,Mbarara,,Rwampara,,Rugando,,Nyabikungu,Africa/Kampala,UTC +3.0 ,-0.687411513019902,30.5208360257512
Uganda,Uganda,UG,,,Mbarara,,Rwampara,,Rugando,,Nyakabare,Africa/Kampala,UTC +3.0 ,-0.653509595412489,30.5019285613401
Uganda,Uganda,UG,,,Mbarara,,Rwampara,,Rugando,,Nyarubungo,Africa/Kampala,UTC +3.0 ,-0.641034675530188,30.4579302269723
Uganda,Uganda,UG,,,Moroto,,Bokora,,Iriiri,,Iriiri,Africa/Kampala,UTC +3.0 ,2.14770528585227,34.2373955694506
Uganda,Uganda,UG,,,Moroto,,Bokora,,Iriiri,,Lorengecora,Africa/Kampala,UTC +3.0 ,2.21425726968415,34.2754930716881
Uganda,Uganda,UG,,,Moroto,,Bokora,,Iriiri,,Tepeth,Africa/Kampala,UTC +3.0 ,2.03371909122625,34.3188518896544
Uganda,Uganda,UG,,,Moroto,,Bokora,,Lokopo,,Akalale,Africa/Kampala,UTC +3.0 ,2.3633673299274,34.1613176816791
Uganda,Uganda,UG,,,Moroto,,Bokora,,Lokopo,,Apeitolim,Africa/Kampala,UTC +3.0 ,2.41400547380909,33.8670386471875
Uganda,Uganda,UG,,,Moroto,,Bokora,,Lokopo,,Longalom,Africa/Kampala,UTC +3.0 ,2.30342753875845,34.186499696476
Uganda,Uganda,UG,,,Moroto,,Bokora,,Lokopo,,Lorikitae,Africa/Kampala,UTC +3.0 ,2.54573850648509,34.118285464946
Uganda,Uganda,UG,,,Moroto,,Bokora,,Lopei,,Lokodumo,Africa/Kampala,UTC +3.0 ,2.56827888245504,34.2733022794871
Uganda,Uganda,UG,,,Moroto,,Bokora,,Lopei,,Lopeei,Africa/Kampala,UTC +3.0 ,2.66264002250857,34.2667348061317
Uganda,Uganda,UG,,,Moroto,,Bokora,,Lopei,,Nakwamoru,Africa/Kampala,UTC +3.0 ,2.79596555116675,34.3169783452847
Uganda,Uganda,UG,,,Moroto,,Bokora,,Lotome,,Kalokengel,Africa/Kampala,UTC +3.0 ,2.20945647065278,34.4692131550993
Uganda,Uganda,UG,,,Moroto,,Bokora,,Lotome,,Lomuno,Africa/Kampala,UTC +3.0 ,2.31212514926734,34.4693923569592
Uganda,Uganda,UG,,,Moroto,,Bokora,,Lotome,,Moruongor,Africa/Kampala,UTC +3.0 ,2.40364830464725,34.5587148024704
Uganda,Uganda,UG,,,Moroto,,Bokora,,Lotome,,Nariameregei,Africa/Kampala,UTC +3.0 ,2.41449189498687,34.5347534232259
Uganda,Uganda,UG,,,Moroto,,Bokora,,Matany,,Lokali,Africa/Kampala,UTC +3.0 ,2.39389218134689,34.3434227660992
Uganda,Uganda,UG,,,Moroto,,Bokora,,Matany,,Lokupoi,Africa/Kampala,UTC +3.0 ,2.3660934584569,34.409524535443
Uganda,Uganda,UG,,,Moroto,,Bokora,,Matany,,Lokuwas,Africa/Kampala,UTC +3.0 ,2.38824946930095,34.3850189238455
Uganda,Uganda,UG,,,Moroto,,Bokora,,Matany,,Morulinga,Africa/Kampala,UTC +3.0 ,2.34492684827154,34.4446463514639
Uganda,Uganda,UG,,,Moroto,,Bokora,,Matany,,Nakicumet,Africa/Kampala,UTC +3.0 ,2.26271549549024,34.2743424438254
Uganda,Uganda,UG,,,Moroto,,Bokora,,Ngoleriet,,Kautakou,Africa/Kampala,UTC +3.0 ,2.50402552561858,34.5174466406222
Uganda,Uganda,UG,,,Moroto,,Bokora,,Ngoleriet,,Lokoreto,Africa/Kampala,UTC +3.0 ,2.43804846058081,34.4974586140872
Uganda,Uganda,UG,,,Moroto,,Bokora,,Ngoleriet,,Naitakwae,Africa/Kampala,UTC +3.0 ,2.5852770645414,34.4005498075851
Uganda,Uganda,UG,,,Moroto,,Bokora,,Ngoleriet,,Narengemoru,Africa/Kampala,UTC +3.0 ,2.45791283266989,34.5301467191997
Uganda,Uganda,UG,,,Moroto,,Bokora,,Ngoleriet,,Nawaikorot,Africa/Kampala,UTC +3.0 ,2.49780041009007,34.4740356278688
Uganda,Uganda,UG,,,Moroto,,Matheniko,,Katikekile,,Kakingol,Africa/Kampala,UTC +3.0 ,2.4836285770038,34.7094629331058
Uganda,Uganda,UG,,,Moroto,,Matheniko,,Katikekile,,Lia,Africa/Kampala,UTC +3.0 ,2.58420283604197,34.737078422234
Uganda,Uganda,UG,,,Moroto,,Matheniko,,Katikekile,,Loyaraboth,Africa/Kampala,UTC +3.0 ,2.38077228880294,34.8584925452815
Uganda,Uganda,UG,,,Moroto,,Matheniko,,Katikekile,,Natumukale,Africa/Kampala,UTC +3.0 ,2.55156860900982,34.8533207706873
Uganda,Uganda,UG,,,Moroto,,Matheniko,,Katikekile,,Tapac,Africa/Kampala,UTC +3.0 ,2.43355431946119,34.779896582204
Uganda,Uganda,UG,,,Moroto,,Matheniko,,Nadunget,,Komaret,Africa/Kampala,UTC +3.0 ,2.49244882505459,34.5858089291715
Uganda,Uganda,UG,,,Moroto,,Matheniko,,Nadunget,,Loputuk,Africa/Kampala,UTC +3.0 ,2.33131491497293,34.727623426482
Uganda,Uganda,UG,,,Moroto,,Matheniko,,Nadunget,,Lotirir,Africa/Kampala,UTC +3.0 ,2.46393774901561,34.6028337703717
Uganda,Uganda,UG,,,Moroto,,Matheniko,,Nadunget,,Nadunget,Africa/Kampala,UTC +3.0 ,2.53141004879785,34.5543118608756
Uganda,Uganda,UG,,,Moroto,,Matheniko,,Nadunget,,Naitakwae,Africa/Kampala,UTC +3.0 ,2.53769672426869,34.6098430914695
Uganda,Uganda,UG,,,Moroto,,Matheniko,,Rupa,,Lobuneit,Africa/Kampala,UTC +3.0 ,2.79337797700311,34.6212613588701
Uganda,Uganda,UG,,,Moroto,,Matheniko,,Rupa,,Mogoth,Africa/Kampala,UTC +3.0 ,2.90419529601492,34.4511452263588
Uganda,Uganda,UG,,,Moroto,,Matheniko,,Rupa,,Nakadeli,Africa/Kampala,UTC +3.0 ,2.58347960036578,34.5511297689123
Uganda,Uganda,UG,,,Moroto,,Matheniko,,Rupa,,Pupu,Africa/Kampala,UTC +3.0 ,2.65322338826559,34.5064185505416
Uganda,Uganda,UG,,,Moroto,,Matheniko,,Rupa,,Rupa,Africa/Kampala,UTC +3.0 ,2.69197236587239,34.7055216954275
Uganda,Uganda,UG,,,Moroto,,Moroto,,Northern Division,,Boma North,Africa/Kampala,UTC +3.0 ,2.53748366941892,34.6578514771454
Uganda,Uganda,UG,,,Moroto,,Moroto,,Northern Division,,Boma South,Africa/Kampala,UTC +3.0 ,2.53180176784296,34.6661808233824
Uganda,Uganda,UG,,,Moroto,,Moroto,,Southern Division,,New Campswahili,Africa/Kampala,UTC +3.0 ,2.5264394113821,34.6632475184311
Uganda,Uganda,UG,,,Moroto,,Moroto,,Southern Division,,Old Campswahili,Africa/Kampala,UTC +3.0 ,2.52874390436446,34.6512429342291
Uganda,Uganda,UG,,,Moyo,,Obongi,,Aliba,,Ewafa,Africa/Kampala,UTC +3.0 ,3.19794960426899,31.5078533422486
Uganda,Uganda,UG,,,Moyo,,Obongi,,Aliba,,Indilinga,Africa/Kampala,UTC +3.0 ,3.22522825154654,31.5345057664068
Uganda,Uganda,UG,,,Moyo,,Obongi,,Gimara,,Gopele,Africa/Kampala,UTC +3.0 ,3.31833056817045,31.5621679675862
Uganda,Uganda,UG,,,Moyo,,Obongi,,Gimara,,Liwa,Africa/Kampala,UTC +3.0 ,3.30813223919563,31.4806154125033
Uganda,Uganda,UG,,,Moyo,,Obongi,,Itula,,Legu,Africa/Kampala,UTC +3.0 ,3.48634951223102,31.5989997645774
Uganda,Uganda,UG,,,Moyo,,Obongi,,Itula,,Palorinya,Africa/Kampala,UTC +3.0 ,3.52511798791215,31.6879995739073
Uganda,Uganda,UG,,,Moyo,,Obongi,,Itula,,Waka,Africa/Kampala,UTC +3.0 ,3.43371617026549,31.5306771235489
Uganda,Uganda,UG,,,Moyo,,West Moyo,,Dufile,,Dufile,Africa/Kampala,UTC +3.0 ,3.55215008751634,31.9277425170123
Uganda,Uganda,UG,,,Moyo,,West Moyo,,Dufile,,Laropi,Africa/Kampala,UTC +3.0 ,3.56736314580175,31.8122373917442
Uganda,Uganda,UG,,,Moyo,,West Moyo,,Dufile,,Oraa,Africa/Kampala,UTC +3.0 ,3.62485571170967,31.9248425353595
Uganda,Uganda,UG,,,Moyo,,West Moyo,,Dufile,,Panyanga,Africa/Kampala,UTC +3.0 ,3.57021051555785,31.8823505708396
Uganda,Uganda,UG,,,Moyo,,West Moyo,,Lefori,,Ebwea,Africa/Kampala,UTC +3.0 ,3.63604695198917,31.5867907982424
Uganda,Uganda,UG,,,Moyo,,West Moyo,,Lefori,,Gwere,Africa/Kampala,UTC +3.0 ,3.61699906769888,31.5564953177205
Uganda,Uganda,UG,,,Moyo,,West Moyo,,Lefori,,Masaloa,Africa/Kampala,UTC +3.0 ,3.6158826972045,31.6039137896849
Uganda,Uganda,UG,,,Moyo,,West Moyo,,Metu,,Pajakiri,Africa/Kampala,UTC +3.0 ,3.66175691297042,31.8412454911065
Uganda,Uganda,UG,,,Moyo,,West Moyo,,Metu,,Pameri,Africa/Kampala,UTC +3.0 ,3.66770798710753,31.7774956793074
Uganda,Uganda,UG,,,Moyo,,West Moyo,,Metu,,Pamoyi,Africa/Kampala,UTC +3.0 ,3.62302209384899,31.7848692138719
Uganda,Uganda,UG,,,Moyo,,West Moyo,,Metu,,Pamujo,Africa/Kampala,UTC +3.0 ,3.72626109558293,31.8381585445722
Uganda,Uganda,UG,,,Moyo,,West Moyo,,Moyo,,Aluru,Africa/Kampala,UTC +3.0 ,3.60216032962739,31.7204072920674
Uganda,Uganda,UG,,,Moyo,,West Moyo,,Moyo,,Aluru,Africa/Kampala,UTC +3.0 ,3.66859379523002,31.7085691184637
Uganda,Uganda,UG,,,Moyo,,West Moyo,,Moyo,,Lama,Africa/Kampala,UTC +3.0 ,3.58490087109259,31.7482490726617
Uganda,Uganda,UG,,,Moyo,,West Moyo,,Moyo,,Vuura,Africa/Kampala,UTC +3.0 ,3.65537777095114,31.6724277081393
Uganda,Uganda,UG,,,Moyo,,West Moyo,,Moyo Tc,,Besia,Africa/Kampala,UTC +3.0 ,3.65471281658174,31.7191290017071
Uganda,Uganda,UG,,,Moyo,,West Moyo,,Moyo Tc,,Celecelea,Africa/Kampala,UTC +3.0 ,3.65263817445405,31.7329002035202
Uganda,Uganda,UG,,,Moyo,,West Moyo,,Moyo Tc,,Elenderea,Africa/Kampala,UTC +3.0 ,3.66790606986365,31.7248959687001
Uganda,Uganda,UG,,,Moyo,,West Moyo,,Moyo Tc,,Moyo Central,Africa/Kampala,UTC +3.0 ,3.65904676640248,31.7259379144323
Uganda,Uganda,UG,,,Mpigi,,Butambala,,Budde,,Budde,Africa/Kampala,UTC +3.0 ,0.116898845234428,32.1764147252282
Uganda,Uganda,UG,,,Mpigi,,Butambala,,Budde,,Gwatiro,Africa/Kampala,UTC +3.0 ,0.18072724325408,32.1908163655083
Uganda,Uganda,UG,,,Mpigi,,Butambala,,Budde,,Kibugga,Africa/Kampala,UTC +3.0 ,0.175963918711698,32.1646636098445
Uganda,Uganda,UG,,,Mpigi,,Butambala,,Budde,,Lugala,Africa/Kampala,UTC +3.0 ,0.150378520239251,32.1821482510538
Uganda,Uganda,UG,,,Mpigi,,Butambala,,Budde,,Sesa Fr,Africa/Kampala,UTC +3.0 ,0.165812487101977,32.1525156660715
Uganda,Uganda,UG,,,Mpigi,,Butambala,,Bulo,,Bule,Africa/Kampala,UTC +3.0 ,0.095439392719916,31.9598742309193
Uganda,Uganda,UG,,,Mpigi,,Butambala,,Bulo,,Bulo,Africa/Kampala,UTC +3.0 ,0.098706825598138,31.9926992691909
Uganda,Uganda,UG,,,Mpigi,,Butambala,,Bulo,,Butawuka,Africa/Kampala,UTC +3.0 ,0.117014331216832,32.0183526541968
Uganda,Uganda,UG,,,Mpigi,,Butambala,,Bulo,,Kizzikibi Fr,Africa/Kampala,UTC +3.0 ,0.161141946798839,32.0834075372738
Uganda,Uganda,UG,,,Mpigi,,Butambala,,Bulo,,Kyerima,Africa/Kampala,UTC +3.0 ,0.149808730805107,32.0729028716502
Uganda,Uganda,UG,,,Mpigi,,Butambala,,Bulo,,Nakatooke,Africa/Kampala,UTC +3.0 ,0.11848839611621,32.0409579876204
Uganda,Uganda,UG,,,Mpigi,,Butambala,,Bulo,,Watangalala Fr,Africa/Kampala,UTC +3.0 ,0.135627957591331,32.0593631975346
Uganda,Uganda,UG,,,Mpigi,,Butambala,,Kalamba,,Kabasanda,Africa/Kampala,UTC +3.0 ,0.267943819208111,32.2241427096921
Uganda,Uganda,UG,,,Mpigi,,Butambala,,Kalamba,,Kilokola,Africa/Kampala,UTC +3.0 ,0.224742326627084,32.198612202515
Uganda,Uganda,UG,,,Mpigi,,Butambala,,Kalamba,,Kitimba,Africa/Kampala,UTC +3.0 ,0.292629298247479,32.2698353274845
Uganda,Uganda,UG,,,Mpigi,,Butambala,,Kalamba,,Nsozibbirye,Africa/Kampala,UTC +3.0 ,0.268203215750132,32.2030114431277
Uganda,Uganda,UG,,,Mpigi,,Butambala,,Kalamba,,Seeta Bweya,Africa/Kampala,UTC +3.0 ,0.266883886620267,32.2588581138726
Uganda,Uganda,UG,,,Mpigi,,Butambala,,Kibibi,,Gombe,Africa/Kampala,UTC +3.0 ,0.186949363311751,32.1312950056768
Uganda,Uganda,UG,,,Mpigi,,Butambala,,Kibibi,,Katabira,Africa/Kampala,UTC +3.0 ,0.223426991251529,32.1408176776138
Uganda,Uganda,UG,,,Mpigi,,Butambala,,Kibibi,,Kayenje,Africa/Kampala,UTC +3.0 ,0.186088783116846,32.0935009878113
Uganda,Uganda,UG,,,Mpigi,,Butambala,,Kibibi,,Kibibi,Africa/Kampala,UTC +3.0 ,0.228114479936408,32.1780259416868
Uganda,Uganda,UG,,,Mpigi,,Butambala,,Kibibi,,Kizzikibi Fr,Africa/Kampala,UTC +3.0 ,0.1641584233263,32.1062542638051
Uganda,Uganda,UG,,,Mpigi,,Butambala,,Kibibi,,Mabanda,Africa/Kampala,UTC +3.0 ,0.205833230436059,32.1733821282834
Uganda,Uganda,UG,,,Mpigi,,Butambala,,Kibibi,,Mitwetwe,Africa/Kampala,UTC +3.0 ,0.246073776446962,32.1660570041217
Uganda,Uganda,UG,,,Mpigi,,Butambala,,Kibibi,,Nakasi Fr,Africa/Kampala,UTC +3.0 ,0.215396380619264,32.1437239878733
Uganda,Uganda,UG,,,Mpigi,,Butambala,,Kibibi,,Nakuzesinge Fr,Africa/Kampala,UTC +3.0 ,0.199327036207778,32.1860426726368
Uganda,Uganda,UG,,,Mpigi,,Butambala,,Kibibi,,Ntolomwe,Africa/Kampala,UTC +3.0 ,0.154395134937619,32.1178664226105
Uganda,Uganda,UG,,,Mpigi,,Butambala,,Ngando,,Bukesa,Africa/Kampala,UTC +3.0 ,0.079570859943294,31.909882580331
Uganda,Uganda,UG,,,Mpigi,,Butambala,,Ngando,,Butende,Africa/Kampala,UTC +3.0 ,0.047445800885503,31.8865198951015
Uganda,Uganda,UG,,,Mpigi,,Butambala,,Ngando,,Kasozi,Africa/Kampala,UTC +3.0 ,0.09051825455254,31.9306740807122
Uganda,Uganda,UG,,,Mpigi,,Butambala,,Ngando,,Lugali,Africa/Kampala,UTC +3.0 ,0.058284447607574,31.8554928485824
Uganda,Uganda,UG,,,Mpigi,,Gomba,,Kabulasoke,,Bukandula,Africa/Kampala,UTC +3.0 ,0.19204305704156,31.825254545012
Uganda,Uganda,UG,,,Mpigi,,Gomba,,Kabulasoke,,Bulwadda,Africa/Kampala,UTC +3.0 ,0.215065103185132,31.7658311570998
Uganda,Uganda,UG,,,Mpigi,,Gomba,,Kabulasoke,,Butiti,Africa/Kampala,UTC +3.0 ,0.149481810457777,31.8090153398145
Uganda,Uganda,UG,,,Mpigi,,Gomba,,Kabulasoke,,Kalwanga-Kakubansiri,Africa/Kampala,UTC +3.0 ,0.095071024584905,31.7619042624106
Uganda,Uganda,UG,,,Mpigi,,Gomba,,Kabulasoke,,Kifampa,Africa/Kampala,UTC +3.0 ,0.13633275393926,31.7499164758151
Uganda,Uganda,UG,,,Mpigi,,Gomba,,Kabulasoke,,Kisozi,Africa/Kampala,UTC +3.0 ,0.103024680859657,31.6440760129472
Uganda,Uganda,UG,,,Mpigi,,Gomba,,Kabulasoke,,Lugaaga,Africa/Kampala,UTC +3.0 ,0.10414813769841,31.8307770798109
Uganda,Uganda,UG,,,Mpigi,,Gomba,,Kabulasoke,,Matongo,Africa/Kampala,UTC +3.0 ,0.167193487143115,31.7559763478098
Uganda,Uganda,UG,,,Mpigi,,Gomba,,Kabulasoke,,Mawuki,Africa/Kampala,UTC +3.0 ,0.125271361417247,31.8671934692571
Uganda,Uganda,UG,,,Mpigi,,Gomba,,Kyegonza,,Bukundugulu,Africa/Kampala,UTC +3.0 ,0.159559857829452,31.9763362588225
Uganda,Uganda,UG,,,Mpigi,,Gomba,,Kyegonza,,Kanoni,Africa/Kampala,UTC +3.0 ,0.168130652694087,31.9124060131381
Uganda,Uganda,UG,,,Mpigi,,Gomba,,Kyegonza,,Kisoga,Africa/Kampala,UTC +3.0 ,0.208541684741299,31.9409556178205
Uganda,Uganda,UG,,,Mpigi,,Gomba,,Kyegonza,,Koome,Africa/Kampala,UTC +3.0 ,0.193629353051633,31.8885452815161
Uganda,Uganda,UG,,,Mpigi,,Gomba,,Kyegonza,,Malele,Africa/Kampala,UTC +3.0 ,0.12726728720586,31.9530367017939
Uganda,Uganda,UG,,,Mpigi,,Gomba,,Kyegonza,,Mamba,Africa/Kampala,UTC +3.0 ,0.257662527087099,31.8216820556114
Uganda,Uganda,UG,,,Mpigi,,Gomba,,Kyegonza,,Mpunge,Africa/Kampala,UTC +3.0 ,0.212797483509992,31.861447609011
Uganda,Uganda,UG,,,Mpigi,,Gomba,,Kyegonza,,Nakijju,Africa/Kampala,UTC +3.0 ,0.146155305652545,31.9912775928861
Uganda,Uganda,UG,,,Mpigi,,Gomba,,Kyegonza,,Namabeya,Africa/Kampala,UTC +3.0 ,0.137688522267044,31.890341532448
Uganda,Uganda,UG,,,Mpigi,,Gomba,,Kyegonza,,Nsambwe,Africa/Kampala,UTC +3.0 ,0.178399202544688,31.95978335931
Uganda,Uganda,UG,,,Mpigi,,Gomba,,Kyegonza,,Saali,Africa/Kampala,UTC +3.0 ,0.200368298952611,31.8380960560391
Uganda,Uganda,UG,,,Mpigi,,Gomba,,Kyegonza,,Wanjeyo,Africa/Kampala,UTC +3.0 ,0.145935177307623,31.9323918176461
Uganda,Uganda,UG,,,Mpigi,,Gomba,,Maddu,,Degeya,Africa/Kampala,UTC +3.0 ,0.168912911195749,31.570689924139
Uganda,Uganda,UG,,,Mpigi,,Gomba,,Maddu,,Kigezi,Africa/Kampala,UTC +3.0 ,0.270064751538663,31.5876585422521
Uganda,Uganda,UG,,,Mpigi,,Gomba,,Maddu,,Kyabagamba,Africa/Kampala,UTC +3.0 ,0.309268026772536,31.5358719334289
Uganda,Uganda,UG,,,Mpigi,,Gomba,,Maddu,,Kyayi,Africa/Kampala,UTC +3.0 ,0.23715375937284,31.4186320289584
Uganda,Uganda,UG,,,Mpigi,,Gomba,,Maddu,,Maddu,Africa/Kampala,UTC +3.0 ,0.243909501057878,31.6831189070219
Uganda,Uganda,UG,,,Mpigi,,Gomba,,Maddu,,Ntalagi,Africa/Kampala,UTC +3.0 ,0.166482329097505,31.712404470294
Uganda,Uganda,UG,,,Mpigi,,Gomba,,Mpenja,,Ggolola,Africa/Kampala,UTC +3.0 ,0.170482133327952,32.0462224673629
Uganda,Uganda,UG,,,Mpigi,,Gomba,,Mpenja,,Jumbi Fr,Africa/Kampala,UTC +3.0 ,0.178233931989227,32.0208255942888
Uganda,Uganda,UG,,,Mpigi,,Gomba,,Mpenja,,Kakomo,Africa/Kampala,UTC +3.0 ,0.232172644808451,32.055805873344
Uganda,Uganda,UG,,,Mpigi,,Gomba,,Mpenja,,Kanziira,Africa/Kampala,UTC +3.0 ,0.226199070312682,32.0923936409602
Uganda,Uganda,UG,,,Mpigi,,Gomba,,Mpenja,,Kiriri,Africa/Kampala,UTC +3.0 ,0.201266093815781,32.0652371406655
Uganda,Uganda,UG,,,Mpigi,,Gomba,,Mpenja,,Maseruka,Africa/Kampala,UTC +3.0 ,0.241631742691866,32.1214644642301
Uganda,Uganda,UG,,,Mpigi,,Gomba,,Mpenja,,Mpogo,Africa/Kampala,UTC +3.0 ,0.270750282547648,32.1105623472697
Uganda,Uganda,UG,,,Mpigi,,Gomba,,Mpenja,,Ngeribalya,Africa/Kampala,UTC +3.0 ,0.154831844663407,32.0221654037195
Uganda,Uganda,UG,,,Mpigi,,Gomba,,Mpenja,,Ngomanene,Africa/Kampala,UTC +3.0 ,0.214270572607762,31.9952777976174
Uganda,Uganda,UG,,,Mpigi,,Gomba,,Mpenja,,Nkoma,Africa/Kampala,UTC +3.0 ,0.260563996185159,32.0581866407279
Uganda,Uganda,UG,,,Mpigi,,Gomba,,Mpenja,,Ttaba-Binzi,Africa/Kampala,UTC +3.0 ,0.21792764852716,32.0277157785953
Uganda,Uganda,UG,,,Mpigi,,Mawokota,,Buwama,,Bbongole,Africa/Kampala,UTC +3.0 ,0.085158630172276,32.1397070460337
Uganda,Uganda,UG,,,Mpigi,,Mawokota,,Buwama,,Bulunda,Africa/Kampala,UTC +3.0 ,-0.018976650545781,32.0756316565251
Uganda,Uganda,UG,,,Mpigi,,Mawokota,,Buwama,,Bunjako,Africa/Kampala,UTC +3.0 ,-0.083088634452312,32.1925880074853
Uganda,Uganda,UG,,,Mpigi,,Mawokota,,Buwama,,Bunjako,Africa/Kampala,UTC +3.0 ,-0.042080833485097,32.2310719000201
Uganda,Uganda,UG,,,Mpigi,,Mawokota,,Buwama,,Bunjako,Africa/Kampala,UTC +3.0 ,-0.039619478908956,32.1622504253978
Uganda,Uganda,UG,,,Mpigi,,Mawokota,,Buwama,,Buyijja,Africa/Kampala,UTC +3.0 ,0.122460402706555,32.1312338201766
Uganda,Uganda,UG,,,Mpigi,,Mawokota,,Buwama,,Jjalamba,Africa/Kampala,UTC +3.0 ,0.110894049608911,32.0733008372075
Uganda,Uganda,UG,,,Mpigi,,Mawokota,,Buwama,,Kawumba,Africa/Kampala,UTC +3.0 ,0.005900530471985,32.0936959721837
Uganda,Uganda,UG,,,Mpigi,,Mawokota,,Buwama,,Lubugumu,Africa/Kampala,UTC +3.0 ,0.083253932447044,32.0620562660657
Uganda,Uganda,UG,,,Mpigi,,Mawokota,,Buwama,,Mbizzinya,Africa/Kampala,UTC +3.0 ,0.049100380104346,32.0896004731163
Uganda,Uganda,UG,,,Mpigi,,Mawokota,,Buwama,,Nabitete,Africa/Kampala,UTC +3.0 ,0.113268943705026,32.0972115244574
Uganda,Uganda,UG,,,Mpigi,,Mawokota,,Buwama,,Sango,Africa/Kampala,UTC +3.0 ,0.027469215995848,32.1213141286299
Uganda,Uganda,UG,,,Mpigi,,Mawokota,,Kamengo,,Butoolo,Africa/Kampala,UTC +3.0 ,0.1156680069062,32.2241760971757
Uganda,Uganda,UG,,,Mpigi,,Mawokota,,Kamengo,,Gangu Fr,Africa/Kampala,UTC +3.0 ,0.161100601456242,32.2150506265932
Uganda,Uganda,UG,,,Mpigi,,Mawokota,,Kamengo,,Kammengo,Africa/Kampala,UTC +3.0 ,0.141363961347772,32.2253033176653
Uganda,Uganda,UG,,,Mpigi,,Mawokota,,Kamengo,,Kanyike,Africa/Kampala,UTC +3.0 ,0.1799621499092,32.2232559961594
Uganda,Uganda,UG,,,Mpigi,,Mawokota,,Kamengo,,Kyanja,Africa/Kampala,UTC +3.0 ,0.174348450775352,32.2681663063639
Uganda,Uganda,UG,,,Mpigi,,Mawokota,,Kamengo,,Luwala,Africa/Kampala,UTC +3.0 ,0.089180102719455,32.246134461016
Uganda,Uganda,UG,,,Mpigi,,Mawokota,,Kamengo,,Lwagwa,Africa/Kampala,UTC +3.0 ,0.230491188418985,32.2307914968196
Uganda,Uganda,UG,,,Mpigi,,Mawokota,,Kamengo,,Musa,Africa/Kampala,UTC +3.0 ,0.039419129911055,32.1842004943427
Uganda,Uganda,UG,,,Mpigi,,Mawokota,,Kamengo,,Muyira,Africa/Kampala,UTC +3.0 ,0.193730230638128,32.2437787491771
Uganda,Uganda,UG,,,Mpigi,,Mawokota,,Kiringente,,Kavule,Africa/Kampala,UTC +3.0 ,0.253620220865673,32.3647707089737
Uganda,Uganda,UG,,,Mpigi,,Mawokota,,Kiringente,,Kikondo,Africa/Kampala,UTC +3.0 ,0.237606802793099,32.3954112168183
Uganda,Uganda,UG,,,Mpigi,,Mawokota,,Kiringente,,Kololo,Africa/Kampala,UTC +3.0 ,0.297907366677506,32.4107415210288
Uganda,Uganda,UG,,,Mpigi,,Mawokota,,Kiringente,,Luvumbula,Africa/Kampala,UTC +3.0 ,0.289705941595596,32.3711530370258
Uganda,Uganda,UG,,,Mpigi,,Mawokota,,Kiringente,,Sekiwunga,Africa/Kampala,UTC +3.0 ,0.272621746532414,32.3957944876194
Uganda,Uganda,UG,,,Mpigi,,Mawokota,,Kituntu,,Bukasa,Africa/Kampala,UTC +3.0 ,0.01808485174276,31.91456784185
Uganda,Uganda,UG,,,Mpigi,,Mawokota,,Kituntu,,Bukemba,Africa/Kampala,UTC +3.0 ,0.033145836605453,31.9845689198234
Uganda,Uganda,UG,,,Mpigi,,Mawokota,,Kituntu,,Kantini,Africa/Kampala,UTC +3.0 ,0.004241153426646,31.9572756461745
Uganda,Uganda,UG,,,Mpigi,,Mawokota,,Kituntu,,Kasozi,Africa/Kampala,UTC +3.0 ,0.060586471368472,31.9751705840239
Uganda,Uganda,UG,,,Mpigi,,Mawokota,,Kituntu,,Luwunga,Africa/Kampala,UTC +3.0 ,0.079557450909474,32.032890602241
Uganda,Uganda,UG,,,Mpigi,,Mawokota,,Kituntu,,Migamba,Africa/Kampala,UTC +3.0 ,0.062672629189549,32.0173805840514
Uganda,Uganda,UG,,,Mpigi,,Mawokota,,Kituntu,,Nkasi,Africa/Kampala,UTC +3.0 ,0.046927512647488,32.0518218067514
Uganda,Uganda,UG,,,Mpigi,,Mawokota,,Mpigi,,Bumoozi,Africa/Kampala,UTC +3.0 ,0.264380580817606,32.3080256978879
Uganda,Uganda,UG,,,Mpigi,,Mawokota,,Mpigi,,Kafumu,Africa/Kampala,UTC +3.0 ,0.235304945579108,32.2677320045016
Uganda,Uganda,UG,,,Mpigi,,Mawokota,,Mpigi,,Kakoola,Africa/Kampala,UTC +3.0 ,0.25657247691055,32.3361618849118
Uganda,Uganda,UG,,,Mpigi,,Mawokota,,Mpigi,,Kisitu Fr,Africa/Kampala,UTC +3.0 ,0.245736135096282,32.2902921632868
Uganda,Uganda,UG,,,Mpigi,,Mawokota,,Mpigi,,Konkoma,Africa/Kampala,UTC +3.0 ,0.168445220958804,32.294089582089
Uganda,Uganda,UG,,,Mpigi,,Mawokota,,Mpigi,,Kyali,Africa/Kampala,UTC +3.0 ,0.15835146916702,32.3206759894401
Uganda,Uganda,UG,,,Mpigi,,Mawokota,,Mpigi,,Lwanga,Africa/Kampala,UTC +3.0 ,0.218676727787982,32.3042725125677
Uganda,Uganda,UG,,,Mpigi,,Mawokota,,Mpigi,,Maziba,Africa/Kampala,UTC +3.0 ,0.216065839751102,32.3568535186842
Uganda,Uganda,UG,,,Mpigi,,Mawokota,,Mpigi,,Mpanga Fr,Africa/Kampala,UTC +3.0 ,0.211414395427604,32.2907412906198
Uganda,Uganda,UG,,,Mpigi,,Mawokota,,Mpigi Tc,,Ward A,Africa/Kampala,UTC +3.0 ,0.218410915540505,32.3300290908624
Uganda,Uganda,UG,,,Mpigi,,Mawokota,,Mpigi Tc,,Ward B,Africa/Kampala,UTC +3.0 ,0.220445227554871,32.3175601201202
Uganda,Uganda,UG,,,Mpigi,,Mawokota,,Mpigi Tc,,Ward C,Africa/Kampala,UTC +3.0 ,0.239772515371048,32.3303063400475
Uganda,Uganda,UG,,,Mpigi,,Mawokota,,Mpigi Tc,,Ward D,Africa/Kampala,UTC +3.0 ,0.24307088895139,32.319558258324
Uganda,Uganda,UG,,,Mpigi,,Mawokota,,Muduma,,Bulerejje,Africa/Kampala,UTC +3.0 ,0.316287426036269,32.2868474945889
Uganda,Uganda,UG,,,Mpigi,,Mawokota,,Muduma,,Jeza,Africa/Kampala,UTC +3.0 ,0.382569638225682,32.2710839717233
Uganda,Uganda,UG,,,Mpigi,,Mawokota,,Muduma,,Lugyo,Africa/Kampala,UTC +3.0 ,0.335618088536832,32.3872359391482
Uganda,Uganda,UG,,,Mpigi,,Mawokota,,Muduma,,Malima,Africa/Kampala,UTC +3.0 ,0.351352599343838,32.3320858102037
Uganda,Uganda,UG,,,Mpigi,,Mawokota,,Muduma,,Mbazzi,Africa/Kampala,UTC +3.0 ,0.313813951156472,32.3433812174884
Uganda,Uganda,UG,,,Mpigi,,Mawokota,,Muduma,,Musaale-Magala,Africa/Kampala,UTC +3.0 ,0.339655879806676,32.2868892714366
Uganda,Uganda,UG,,,Mpigi,,Mawokota,,Muduma,,Tiribogo,Africa/Kampala,UTC +3.0 ,0.373059247696234,32.2982604938626
Uganda,Uganda,UG,,,Mpigi,,Mawokota,,Nkozi,,Army Barracks,Africa/Kampala,UTC +3.0 ,-0.009269097120685,32.0548287595389
Uganda,Uganda,UG,,,Mpigi,,Mawokota,,Nkozi,,Bukunge,Africa/Kampala,UTC +3.0 ,-0.068366401671542,32.0121241814588
Uganda,Uganda,UG,,,Mpigi,,Mawokota,,Nkozi,,Buseese,Africa/Kampala,UTC +3.0 ,0.026328414740348,32.0145186396727
Uganda,Uganda,UG,,,Mpigi,,Mawokota,,Nkozi,,Ggolo,Africa/Kampala,UTC +3.0 ,-0.081642784283223,32.0548497893474
Uganda,Uganda,UG,,,Mpigi,,Mawokota,,Nkozi,,Kayabwe,Africa/Kampala,UTC +3.0 ,-0.019760926549732,32.0362164514698
Uganda,Uganda,UG,,,Mpigi,,Mawokota,,Nkozi,,Mugge,Africa/Kampala,UTC +3.0 ,-0.068868382222899,31.9430142780115
Uganda,Uganda,UG,,,Mpigi,,Mawokota,,Nkozi,,Nabusanke,Africa/Kampala,UTC +3.0 ,0.02172554400767,32.0462585771518
Uganda,Uganda,UG,,,Mpigi,,Mawokota,,Nkozi,,Nakibanga,Africa/Kampala,UTC +3.0 ,-0.004244658203231,32.0032484812612
Uganda,Uganda,UG,,,Mpigi,,Mawokota,,Nkozi,,Nnindye,Africa/Kampala,UTC +3.0 ,-0.039365156627298,31.9775443334348
Uganda,Uganda,UG,,,Mubende,,Busujju,,Butayunja,,Kitebere,Africa/Kampala,UTC +3.0 ,0.345965557075495,32.1164113031774
Uganda,Uganda,UG,,,Mubende,,Busujju,,Butayunja,,Kitongo,Africa/Kampala,UTC +3.0 ,0.30279345495545,32.0480452739988
Uganda,Uganda,UG,,,Mubende,,Busujju,,Butayunja,,Nakaziba,Africa/Kampala,UTC +3.0 ,0.361882355528726,32.1146002345309
Uganda,Uganda,UG,,,Mubende,,Busujju,,Butayunja,,Ngandwe,Africa/Kampala,UTC +3.0 ,0.317070318375283,32.0915409008558
Uganda,Uganda,UG,,,Mubende,,Busujju,,Kakindu,,Mwera,Africa/Kampala,UTC +3.0 ,0.310653926300986,32.1227196365811
Uganda,Uganda,UG,,,Mubende,,Busujju,,Kakindu,,Ngugulo/Ggombe,Africa/Kampala,UTC +3.0 ,0.282110921990455,32.1547706470602
Uganda,Uganda,UG,,,Mubende,,Busujju,,Kakindu,,Nsambya,Africa/Kampala,UTC +3.0 ,0.306394433911064,32.1816186854274
Uganda,Uganda,UG,,,Mubende,,Busujju,,Kakindu,,Vvumbe,Africa/Kampala,UTC +3.0 ,0.334371241421324,32.1546387741962
Uganda,Uganda,UG,,,Mubende,,Busujju,,Maanyi,,Banda,Africa/Kampala,UTC +3.0 ,0.25323581634069,31.9020724617871
Uganda,Uganda,UG,,,Mubende,,Busujju,,Maanyi,,Kasota,Africa/Kampala,UTC +3.0 ,0.288628375243875,31.921927602026
Uganda,Uganda,UG,,,Mubende,,Busujju,,Maanyi,,Kimuli,Africa/Kampala,UTC +3.0 ,0.281095572029716,31.956681920097
Uganda,Uganda,UG,,,Mubende,,Busujju,,Maanyi,,Maawa,Africa/Kampala,UTC +3.0 ,0.28840607355644,31.8757727088984
Uganda,Uganda,UG,,,Mubende,,Busujju,,Maanyi,,Mpongo,Africa/Kampala,UTC +3.0 ,0.294745014833284,31.8433149459553
Uganda,Uganda,UG,,,Mubende,,Busujju,,Maanyi,,Namutunku,Africa/Kampala,UTC +3.0 ,0.286363048010032,32.0126341244591
Uganda,Uganda,UG,,,Mubende,,Busujju,,Maanyi,,Nfumbye,Africa/Kampala,UTC +3.0 ,0.296210611135764,31.9792364774049
Uganda,Uganda,UG,,,Mubende,,Busujju,,Malangala,,Kanyanya,Africa/Kampala,UTC +3.0 ,0.321335798344773,32.2137030145586
Uganda,Uganda,UG,,,Mubende,,Busujju,,Malangala,,Kiwawu,Africa/Kampala,UTC +3.0 ,0.364359743199002,32.2366930438256
Uganda,Uganda,UG,,,Mubende,,Busujju,,Malangala,,Magonga,Africa/Kampala,UTC +3.0 ,0.321994779779158,32.2401183538009
Uganda,Uganda,UG,,,Mubende,,Busujju,,Malangala,,Nabattu,Africa/Kampala,UTC +3.0 ,0.368686958712907,32.1997310171341
Uganda,Uganda,UG,,,Mubende,,Busujju,,Malangala,,Zigoti,Africa/Kampala,UTC +3.0 ,0.370071365832224,32.1658955269776
Uganda,Uganda,UG,,,Mubende,,Buwekula,,Bagezza,,Busaale,Africa/Kampala,UTC +3.0 ,0.581057020553913,31.4336429233711
Uganda,Uganda,UG,,,Mubende,,Buwekula,,Bagezza,,Gayaza,Africa/Kampala,UTC +3.0 ,0.495550688533918,31.4064462021203
Uganda,Uganda,UG,,,Mubende,,Buwekula,,Bagezza,,Kabowa,Africa/Kampala,UTC +3.0 ,0.565379187273743,31.2855495330797
Uganda,Uganda,UG,,,Mubende,,Buwekula,,Bagezza,,Kaweri,Africa/Kampala,UTC +3.0 ,0.570930765037237,31.3520440980023
Uganda,Uganda,UG,,,Mubende,,Buwekula,,Bagezza,,Kaweri,Africa/Kampala,UTC +3.0 ,0.5933251812864,31.3949001191226
Uganda,Uganda,UG,,,Mubende,,Buwekula,,Bagezza,,Kaweri Fr,Africa/Kampala,UTC +3.0 ,0.5951551482995,31.413981629923
Uganda,Uganda,UG,,,Mubende,,Buwekula,,Bagezza,,Kibalinga,Africa/Kampala,UTC +3.0 ,0.503253153806854,31.2586933110207
Uganda,Uganda,UG,,,Mubende,,Buwekula,,Bagezza,,Kisekende,Africa/Kampala,UTC +3.0 ,0.539287026444015,31.3990489102082
Uganda,Uganda,UG,,,Mubende,,Buwekula,,Bagezza,,Kisujja,Africa/Kampala,UTC +3.0 ,0.524328586370074,31.3237027797832
Uganda,Uganda,UG,,,Mubende,,Buwekula,,Bagezza,,Nabikakala,Africa/Kampala,UTC +3.0 ,0.484749806790238,31.3620016875967
Uganda,Uganda,UG,,,Mubende,,Buwekula,,Bagezza,,Ntungamo,Africa/Kampala,UTC +3.0 ,0.463115794757705,31.2976522942139
Uganda,Uganda,UG,,,Mubende,,Buwekula,,Butoloogo,,Kalama,Africa/Kampala,UTC +3.0 ,0.809508396802724,31.5890736768201
Uganda,Uganda,UG,,,Mubende,,Buwekula,,Butoloogo,,Kasolokamponye,Africa/Kampala,UTC +3.0 ,0.733552789190844,31.5130178359192
Uganda,Uganda,UG,,,Mubende,,Buwekula,,Butoloogo,,Kiddongo,Africa/Kampala,UTC +3.0 ,0.836887172100984,31.4886101744137
Uganda,Uganda,UG,,,Mubende,,Buwekula,,Butoloogo,,Kisagazi,Africa/Kampala,UTC +3.0 ,0.77502219917942,31.5379144639387
Uganda,Uganda,UG,,,Mubende,,Buwekula,,Butoloogo,,Kituule,Africa/Kampala,UTC +3.0 ,0.78105751141955,31.4436347934906
Uganda,Uganda,UG,,,Mubende,,Buwekula,,Butoloogo,,Makukulu,Africa/Kampala,UTC +3.0 ,0.723782157848819,31.5651492177844
Uganda,Uganda,UG,,,Mubende,,Buwekula,,Kasambya,,Bubanda,Africa/Kampala,UTC +3.0 ,0.249463467349631,31.2457203679418
Uganda,Uganda,UG,,,Mubende,,Buwekula,,Kasambya,,Kabalungi,Africa/Kampala,UTC +3.0 ,0.44567756455027,31.1993020909907
Uganda,Uganda,UG,,,Mubende,,Buwekula,,Kasambya,,Kabbo,Africa/Kampala,UTC +3.0 ,0.283875895695715,31.1344280910882
Uganda,Uganda,UG,,,Mubende,,Buwekula,,Kasambya,,Kasambya,Africa/Kampala,UTC +3.0 ,0.369746118955027,31.2230209989942
Uganda,Uganda,UG,,,Mubende,,Buwekula,,Kasambya,,Kigando,Africa/Kampala,UTC +3.0 ,0.33026186781476,31.3067912127928
Uganda,Uganda,UG,,,Mubende,,Buwekula,,Kasambya,,Kirume,Africa/Kampala,UTC +3.0 ,0.368264738876659,31.2539629134834
Uganda,Uganda,UG,,,Mubende,,Buwekula,,Kasambya,,Kiyita,Africa/Kampala,UTC +3.0 ,0.441036619835378,31.2409906700845
Uganda,Uganda,UG,,,Mubende,,Buwekula,,Kasambya,,Lusiba,Africa/Kampala,UTC +3.0 ,0.376389788353718,31.3576426991183
Uganda,Uganda,UG,,,Mubende,,Buwekula,,Kasambya,,Muyinayina,Africa/Kampala,UTC +3.0 ,0.410125867223872,31.1617193237392
Uganda,Uganda,UG,,,Mubende,,Buwekula,,Kasambya,,Nabingoola,Africa/Kampala,UTC +3.0 ,0.489071871004368,31.1843987572078
Uganda,Uganda,UG,,,Mubende,,Buwekula,,Kitenga,,Bugonzi,Africa/Kampala,UTC +3.0 ,0.400918070846605,31.525866275892
Uganda,Uganda,UG,,,Mubende,,Buwekula,,Kitenga,,Busooba/Kayebe,Africa/Kampala,UTC +3.0 ,0.39536620940527,31.4447699219503
Uganda,Uganda,UG,,,Mubende,,Buwekula,,Kitenga,,Kabyuma,Africa/Kampala,UTC +3.0 ,0.57229143668172,31.5485820722999
Uganda,Uganda,UG,,,Mubende,,Buwekula,,Kitenga,,Kagoma,Africa/Kampala,UTC +3.0 ,0.522015312102404,31.4843320700998
Uganda,Uganda,UG,,,Mubende,,Buwekula,,Kitenga,,Kalonga,Africa/Kampala,UTC +3.0 ,0.476803491775214,31.5826226435308
Uganda,Uganda,UG,,,Mubende,,Buwekula,,Kiyuni,,Kanseera,Africa/Kampala,UTC +3.0 ,0.641286467582442,31.4127208570252
Uganda,Uganda,UG,,,Mubende,,Buwekula,,Kiyuni,,Katente,Africa/Kampala,UTC +3.0 ,0.687373936792272,31.3216658270029
Uganda,Uganda,UG,,,Mubende,,Buwekula,,Kiyuni,,Kawumulwa,Africa/Kampala,UTC +3.0 ,0.659687886681885,31.375840961151
Uganda,Uganda,UG,,,Mubende,,Buwekula,,Kiyuni,,Kayinja,Africa/Kampala,UTC +3.0 ,0.600467589025972,31.3299001590064
Uganda,Uganda,UG,,,Mubende,,Buwekula,,Kiyuni,,Kijumba,Africa/Kampala,UTC +3.0 ,0.641424848469,31.2697411169071
Uganda,Uganda,UG,,,Mubende,,Buwekula,,Kiyuni,,Mijunwa,Africa/Kampala,UTC +3.0 ,0.617720450595163,31.3595738442151
Uganda,Uganda,UG,,,Mubende,,Buwekula,,Madudu,,Kabulamuliro,Africa/Kampala,UTC +3.0 ,0.654687957898882,31.5303588763301
Uganda,Uganda,UG,,,Mubende,,Buwekula,,Madudu,,Kakenzi,Africa/Kampala,UTC +3.0 ,0.719157751382228,31.4681131902398
Uganda,Uganda,UG,,,Mubende,,Buwekula,,Madudu,,Kikoma,Africa/Kampala,UTC +3.0 ,0.720765387459208,31.4058633022749
Uganda,Uganda,UG,,,Mubende,,Buwekula,,Madudu,,Naluwondwa,Africa/Kampala,UTC +3.0 ,0.64927122012685,31.4551642970365
Uganda,Uganda,UG,,,Mubende,,Buwekula,,Mubende Tc,,Kasaana,Africa/Kampala,UTC +3.0 ,0.55775439045741,31.3893730591803
Uganda,Uganda,UG,,,Mubende,,Buwekula,,Mubende Tc,,Kasenyi-Caltex,Africa/Kampala,UTC +3.0 ,0.575454189184866,31.3744249642533
Uganda,Uganda,UG,,,Mubende,,Buwekula,,Mubende Tc,,Kyaterekera,Africa/Kampala,UTC +3.0 ,0.569000333920385,31.3992766745388
Uganda,Uganda,UG,,,Mubende,,Kassanda,,Bukuya,,Bbira,Africa/Kampala,UTC +3.0 ,0.75643562012669,31.8485802109244
Uganda,Uganda,UG,,,Mubende,,Kassanda,,Bukuya,,Bukuya,Africa/Kampala,UTC +3.0 ,0.664618145796677,31.8062231161428
Uganda,Uganda,UG,,,Mubende,,Kassanda,,Bukuya,,Kabosi,Africa/Kampala,UTC +3.0 ,0.687041991825516,31.8626152399977
Uganda,Uganda,UG,,,Mubende,,Kassanda,,Bukuya,,Kijjuna,Africa/Kampala,UTC +3.0 ,0.62914465523451,31.7697024494844
Uganda,Uganda,UG,,,Mubende,,Kassanda,,Bukuya,,Kiryajjobyo,Africa/Kampala,UTC +3.0 ,0.634791685527924,31.7042156683841
Uganda,Uganda,UG,,,Mubende,,Kassanda,,Bukuya,,Kizibawo,Africa/Kampala,UTC +3.0 ,0.633091429994326,31.8760256732223
Uganda,Uganda,UG,,,Mubende,,Kassanda,,Bukuya,,Kyato,Africa/Kampala,UTC +3.0 ,0.719346277566714,31.6418786459512
Uganda,Uganda,UG,,,Mubende,,Kassanda,,Bukuya,,Makokoto,Africa/Kampala,UTC +3.0 ,0.727729049911611,31.8745938199505
Uganda,Uganda,UG,,,Mubende,,Kassanda,,Bukuya,,Mbirizi,Africa/Kampala,UTC +3.0 ,0.674039941847952,31.664977636028
Uganda,Uganda,UG,,,Mubende,,Kassanda,,Bukuya,,Mundadde,Africa/Kampala,UTC +3.0 ,0.759896219935264,31.7128087409558
Uganda,Uganda,UG,,,Mubende,,Kassanda,,Bukuya,,Ncwamazi,Africa/Kampala,UTC +3.0 ,0.73162463600051,31.8085159565806
Uganda,Uganda,UG,,,Mubende,,Kassanda,,Kassanda,,Bweyogedde,Africa/Kampala,UTC +3.0 ,0.617250718582532,31.613545353901
Uganda,Uganda,UG,,,Mubende,,Kassanda,,Kassanda,,Kamuli,Africa/Kampala,UTC +3.0 ,0.553829260606863,31.8711147358308
Uganda,Uganda,UG,,,Mubende,,Kassanda,,Kassanda,,Kassaazi,Africa/Kampala,UTC +3.0 ,0.546181320363459,31.7092692943902
Uganda,Uganda,UG,,,Mubende,,Kassanda,,Kassanda,,Kikandwa,Africa/Kampala,UTC +3.0 ,0.5778481327021,31.6724259822234
Uganda,Uganda,UG,,,Mubende,,Kassanda,,Kassanda,,Kitongo,Africa/Kampala,UTC +3.0 ,0.556207736311698,31.821555036802
Uganda,Uganda,UG,,,Mubende,,Kassanda,,Kassanda,,Kyabalanzi,Africa/Kampala,UTC +3.0 ,0.55136279004922,31.6190546695042
Uganda,Uganda,UG,,,Mubende,,Kassanda,,Kassanda,,Lwantale-Namiringa,Africa/Kampala,UTC +3.0 ,0.543970527477525,31.7749913086218
Uganda,Uganda,UG,,,Mubende,,Kassanda,,Kassanda,,Nabugondo,Africa/Kampala,UTC +3.0 ,0.582052004105897,31.7535268702259
Uganda,Uganda,UG,,,Mubende,,Kassanda,,Kassanda,,Namabaale,Africa/Kampala,UTC +3.0 ,0.498296536601293,31.7502727531797
Uganda,Uganda,UG,,,Mubende,,Kassanda,,Kiganda,,Kamusenene,Africa/Kampala,UTC +3.0 ,0.386983079179373,31.6198670378142
Uganda,Uganda,UG,,,Mubende,,Kassanda,,Kiganda,,Kawungera,Africa/Kampala,UTC +3.0 ,0.427270747111983,31.6742275742779
Uganda,Uganda,UG,,,Mubende,,Kassanda,,Kiganda,,Kayunga,Africa/Kampala,UTC +3.0 ,0.478535731139673,31.6960452975223
Uganda,Uganda,UG,,,Mubende,,Kassanda,,Kiganda,,Kigalama,Africa/Kampala,UTC +3.0 ,0.504583435410357,31.6633133669296
Uganda,Uganda,UG,,,Mubende,,Kassanda,,Kiganda,,Kinoni,Africa/Kampala,UTC +3.0 ,0.420971878738109,31.7216552245655
Uganda,Uganda,UG,,,Mubende,,Kassanda,,Kiganda,,Lutunku,Africa/Kampala,UTC +3.0 ,0.326311497456278,31.7555624415727
Uganda,Uganda,UG,,,Mubende,,Kassanda,,Kiganda,,Manyogaseka,Africa/Kampala,UTC +3.0 ,0.345241142275474,31.6687771168901
Uganda,Uganda,UG,,,Mubende,,Kassanda,,Kiganda,,Nsozinga,Africa/Kampala,UTC +3.0 ,0.485122805672075,31.6346521682855
Uganda,Uganda,UG,,,Mubende,,Kassanda,,Myanzi,,Gambwa,Africa/Kampala,UTC +3.0 ,0.492908635200077,31.8571535562765
Uganda,Uganda,UG,,,Mubende,,Kassanda,,Myanzi,,Kampiri,Africa/Kampala,UTC +3.0 ,0.464157535047363,31.8847085050624
Uganda,Uganda,UG,,,Mubende,,Kassanda,,Myanzi,,Kasana,Africa/Kampala,UTC +3.0 ,0.51240078422141,31.9041199275659
Uganda,Uganda,UG,,,Mubende,,Kassanda,,Myanzi,,Kigalama,Africa/Kampala,UTC +3.0 ,0.45229379231135,31.9355322487019
Uganda,Uganda,UG,,,Mubende,,Kassanda,,Myanzi,,Kyakatebe,Africa/Kampala,UTC +3.0 ,0.425702376415003,31.7684100008471
Uganda,Uganda,UG,,,Mubende,,Kassanda,,Myanzi,,Kyanamugera,Africa/Kampala,UTC +3.0 ,0.399971230596634,31.8489821794215
Uganda,Uganda,UG,,,Mubende,,Kassanda,,Myanzi,,Myanzi,Africa/Kampala,UTC +3.0 ,0.399805195498136,31.9036271922561
Uganda,Uganda,UG,,,Mubende,,Kassanda,,Myanzi,,Nalutuntu,Africa/Kampala,UTC +3.0 ,0.419773420121401,31.8072144456451
Uganda,Uganda,UG,,,Mubende,,Mityana,,Bulera,,Bulera,Africa/Kampala,UTC +3.0 ,0.495154086630221,32.0306127434616
Uganda,Uganda,UG,,,Mubende,,Mityana,,Bulera,,Kalama-Kyamusisi,Africa/Kampala,UTC +3.0 ,0.607602891436872,31.942185463836
Uganda,Uganda,UG,,,Mubende,,Mityana,,Bulera,,Kalangaalo,Africa/Kampala,UTC +3.0 ,0.572916118656186,31.9279202969741
Uganda,Uganda,UG,,,Mubende,,Mityana,,Bulera,,Kibaale,Africa/Kampala,UTC +3.0 ,0.548014272816114,32.0436295895082
Uganda,Uganda,UG,,,Mubende,,Mityana,,Bulera,,Kiryookya,Africa/Kampala,UTC +3.0 ,0.582959726606306,32.0472244402201
Uganda,Uganda,UG,,,Mubende,,Mityana,,Bulera,,Kiteredde,Africa/Kampala,UTC +3.0 ,0.626836001348417,31.9828786357733
Uganda,Uganda,UG,,,Mubende,,Mityana,,Bulera,,Kiyoganyi,Africa/Kampala,UTC +3.0 ,0.491590233152414,31.9465367812275
Uganda,Uganda,UG,,,Mubende,,Mityana,,Bulera,,Lusanja,Africa/Kampala,UTC +3.0 ,0.527842883740621,31.9760888836353
Uganda,Uganda,UG,,,Mubende,,Mityana,,Bulera,,Miseebe,Africa/Kampala,UTC +3.0 ,0.460854584582003,32.000389656266
Uganda,Uganda,UG,,,Mubende,,Mityana,,Bulera,,Mutetema,Africa/Kampala,UTC +3.0 ,0.575322427137934,31.9924471043308
Uganda,Uganda,UG,,,Mubende,,Mityana,,Bulera,,Namutamba,Africa/Kampala,UTC +3.0 ,0.515805665150898,32.0733457402356
Uganda,Uganda,UG,,,Mubende,,Mityana,,Busimbi,,Busuubizi,Africa/Kampala,UTC +3.0 ,0.368970991902325,32.0759161316327
Uganda,Uganda,UG,,,Mubende,,Mityana,,Busimbi,,Kabule,Africa/Kampala,UTC +3.0 ,0.403227575449623,32.1454221730592
Uganda,Uganda,UG,,,Mubende,,Mityana,,Busimbi,,Kabuwambo,Africa/Kampala,UTC +3.0 ,0.344307663538546,32.0596031579728
Uganda,Uganda,UG,,,Mubende,,Mityana,,Busimbi,,Katakala,Africa/Kampala,UTC +3.0 ,0.398727623976412,32.0084801360019
Uganda,Uganda,UG,,,Mubende,,Mityana,,Busimbi,,Kireku,Africa/Kampala,UTC +3.0 ,0.44414309163709,32.0404453805226
Uganda,Uganda,UG,,,Mubende,,Mityana,,Busimbi,,Naama,Africa/Kampala,UTC +3.0 ,0.40080876714225,31.9694533082906
Uganda,Uganda,UG,,,Mubende,,Mityana,,Busimbi,,Nakaseeta,Africa/Kampala,UTC +3.0 ,0.43334339661246,32.0796062269469
Uganda,Uganda,UG,,,Mubende,,Mityana,,Busimbi,,Nakibanga,Africa/Kampala,UTC +3.0 ,0.3568744188865,31.9944863536345
Uganda,Uganda,UG,,,Mubende,,Mityana,,Busimbi,,Ttamu,Africa/Kampala,UTC +3.0 ,0.404244828677898,32.0975855311985
Uganda,Uganda,UG,,,Mubende,,Mityana,,Busimbi,,Ttanda,Africa/Kampala,UTC +3.0 ,0.385664582642118,32.1276980894329
Uganda,Uganda,UG,,,Mubende,,Mityana,,Kikandwa,,Bbambula,Africa/Kampala,UTC +3.0 ,0.626291609825258,32.0804421888482
Uganda,Uganda,UG,,,Mubende,,Mityana,,Kikandwa,,Kikandwa,Africa/Kampala,UTC +3.0 ,0.629822421262435,32.1312925368231
Uganda,Uganda,UG,,,Mubende,,Mityana,,Kikandwa,,Nakwaya,Africa/Kampala,UTC +3.0 ,0.670450310440565,32.1204480482532
Uganda,Uganda,UG,,,Mubende,,Mityana,,Kikandwa,,Namigavu,Africa/Kampala,UTC +3.0 ,0.611752416476665,32.1750087919928
Uganda,Uganda,UG,,,Mubende,,Mityana,,Kikandwa,,Namwene,Africa/Kampala,UTC +3.0 ,0.627723676197273,32.0349225844306
Uganda,Uganda,UG,,,Mubende,,Mityana,,Mityana Tc,,Central Ward,Africa/Kampala,UTC +3.0 ,0.399103571584135,32.0444890561913
Uganda,Uganda,UG,,,Mubende,,Mityana,,Mityana Tc,,East Ward,Africa/Kampala,UTC +3.0 ,0.405243144811064,32.0529582278563
Uganda,Uganda,UG,,,Mubende,,Mityana,,Mityana Tc,,North Ward,Africa/Kampala,UTC +3.0 ,0.41285115031856,32.0356138922316
Uganda,Uganda,UG,,,Mubende,,Mityana,,Mityana Tc,,South Ward,Africa/Kampala,UTC +3.0 ,0.396632540297622,32.0629173213859
Uganda,Uganda,UG,,,Mubende,,Mityana,,Mityana Tc,,West Ward,Africa/Kampala,UTC +3.0 ,0.387482932100462,32.0363925107203
Uganda,Uganda,UG,,,Mubende,,Mityana,,Ssekanyonyi,,Bulyankuyege,Africa/Kampala,UTC +3.0 ,0.466351035145567,32.1094886814496
Uganda,Uganda,UG,,,Mubende,,Mityana,,Ssekanyonyi,,Busunju,Africa/Kampala,UTC +3.0 ,0.563610818314436,32.1967729787404
Uganda,Uganda,UG,,,Mubende,,Mityana,,Ssekanyonyi,,Kagerekamu,Africa/Kampala,UTC +3.0 ,0.560468405743624,32.108408058774
Uganda,Uganda,UG,,,Mubende,,Mityana,,Ssekanyonyi,,Kisaana,Africa/Kampala,UTC +3.0 ,0.403474434163751,32.2200226027042
Uganda,Uganda,UG,,,Mubende,,Mityana,,Ssekanyonyi,,Magala,Africa/Kampala,UTC +3.0 ,0.547747116459767,32.1457796734159
Uganda,Uganda,UG,,,Mubende,,Mityana,,Ssekanyonyi,,Mpiriggwa,Africa/Kampala,UTC +3.0 ,0.449857137781192,32.1575524452122
Uganda,Uganda,UG,,,Mubende,,Mityana,,Ssekanyonyi,,Namungo,Africa/Kampala,UTC +3.0 ,0.438736384320298,32.1880400152207
Uganda,Uganda,UG,,,Mubende,,Mityana,,Ssekanyonyi,,Sekanyonyi,Africa/Kampala,UTC +3.0 ,0.501675415256508,32.1501897983513
Uganda,Uganda,UG,,,Mukono,,Buikwe,,Buikwe,,Buikwe,Africa/Kampala,UTC +3.0 ,0.350565200799547,33.0246999941369
Uganda,Uganda,UG,,,Mukono,,Buikwe,,Buikwe,,Kitazi,Africa/Kampala,UTC +3.0 ,0.306655980191752,32.9844786381961
Uganda,Uganda,UG,,,Mukono,,Buikwe,,Buikwe,,Lweru,Africa/Kampala,UTC +3.0 ,0.334081299844914,33.0465267407107
Uganda,Uganda,UG,,,Mukono,,Buikwe,,Buikwe,,Malongwe,Africa/Kampala,UTC +3.0 ,0.306282592757422,33.0249927930985
Uganda,Uganda,UG,,,Mukono,,Buikwe,,Buikwe,,Ssugu,Africa/Kampala,UTC +3.0 ,0.274166564304005,32.9748749666698
Uganda,Uganda,UG,,,Mukono,,Buikwe,,Kawolo,,Bibbo,Africa/Kampala,UTC +3.0 ,0.337385609168489,32.8819870238281
Uganda,Uganda,UG,,,Mukono,,Buikwe,,Kawolo,,Bulyantete,Africa/Kampala,UTC +3.0 ,0.381238155175358,32.9645981787532
Uganda,Uganda,UG,,,Mukono,,Buikwe,,Kawolo,,Busabaga,Africa/Kampala,UTC +3.0 ,0.309152825658849,32.9024407968321
Uganda,Uganda,UG,,,Mukono,,Buikwe,,Kawolo,,Butinindi,Africa/Kampala,UTC +3.0 ,0.362626094473214,32.9086871556882
Uganda,Uganda,UG,,,Mukono,,Buikwe,,Kawolo,,Kigenda,Africa/Kampala,UTC +3.0 ,0.286229096295524,32.9210324154525
Uganda,Uganda,UG,,,Mukono,,Buikwe,,Kawolo,,Kiteza,Africa/Kampala,UTC +3.0 ,0.348730339910968,32.9478966224411
Uganda,Uganda,UG,,,Mukono,,Buikwe,,Kawolo,,Luwayo,Africa/Kampala,UTC +3.0 ,0.318598151020577,32.9474991856271
Uganda,Uganda,UG,,,Mukono,,Buikwe,,Kawolo,,Sagazi,Africa/Kampala,UTC +3.0 ,0.397051085047601,32.9742988997536
Uganda,Uganda,UG,,,Mukono,,Buikwe,,Lugazi Tc,,Kabowa,Africa/Kampala,UTC +3.0 ,0.393443187703993,32.9479058735115
Uganda,Uganda,UG,,,Mukono,,Buikwe,,Lugazi Tc,,Kawotto,Africa/Kampala,UTC +3.0 ,0.387404291735633,32.9280253547286
Uganda,Uganda,UG,,,Mukono,,Buikwe,,Lugazi Tc,,Kikaula,Africa/Kampala,UTC +3.0 ,0.368597637646523,32.9314202753432
Uganda,Uganda,UG,,,Mukono,,Buikwe,,Lugazi Tc,,Lugazi Central,Africa/Kampala,UTC +3.0 ,0.374368135975769,32.9475053527715
Uganda,Uganda,UG,,,Mukono,,Buikwe,,Lugazi Tc,,Nakazadde,Africa/Kampala,UTC +3.0 ,0.374726312065009,32.9327776841809
Uganda,Uganda,UG,,,Mukono,,Buikwe,,Lugazi Tc,,Namengo,Africa/Kampala,UTC +3.0 ,0.365680297197836,32.9395800311301
Uganda,Uganda,UG,,,Mukono,,Buikwe,,Najja,,Busagazi,Africa/Kampala,UTC +3.0 ,0.228517656553114,33.1238826335313
Uganda,Uganda,UG,,,Mukono,,Buikwe,,Najja,,Gulama,Africa/Kampala,UTC +3.0 ,0.323056647982998,33.1331922991946
Uganda,Uganda,UG,,,Mukono,,Buikwe,,Najja,,Kisiimba,Africa/Kampala,UTC +3.0 ,0.320522330435641,33.1020196997642
Uganda,Uganda,UG,,,Mukono,,Buikwe,,Najja,,Kiyindi,Africa/Kampala,UTC +3.0 ,0.28033186033337,33.1351240939959
Uganda,Uganda,UG,,,Mukono,,Buikwe,,Najja,,Mawotto,Africa/Kampala,UTC +3.0 ,0.282523914955255,33.0838122091434
Uganda,Uganda,UG,,,Mukono,,Buikwe,,Najja,,Namatovu,Africa/Kampala,UTC +3.0 ,0.311530037070654,33.070087006502
Uganda,Uganda,UG,,,Mukono,,Buikwe,,Najja,,Tukulu,Africa/Kampala,UTC +3.0 ,0.254829952772703,33.0726898054965
Uganda,Uganda,UG,,,Mukono,,Buikwe,,Najja,,Tukulu,Africa/Kampala,UTC +3.0 ,0.260259978868248,33.1138451573085
Uganda,Uganda,UG,,,Mukono,,Buikwe,,Najjembe,,Buvunya,Africa/Kampala,UTC +3.0 ,0.393335757698945,33.0782069566059
Uganda,Uganda,UG,,,Mukono,,Buikwe,,Najjembe,,Buwoola,Africa/Kampala,UTC +3.0 ,0.433841437283859,33.0541431791939
Uganda,Uganda,UG,,,Mukono,,Buikwe,,Najjembe,,Kabanga,Africa/Kampala,UTC +3.0 ,0.354269779222746,32.9932744787799
Uganda,Uganda,UG,,,Mukono,,Buikwe,,Najjembe,,Kinoni,Africa/Kampala,UTC +3.0 ,0.382882465039988,33.0444388154863
Uganda,Uganda,UG,,,Mukono,,Buikwe,,Najjembe,,Kitigoma,Africa/Kampala,UTC +3.0 ,0.416307765918758,33.0948398492435
Uganda,Uganda,UG,,,Mukono,,Buikwe,,Najjembe,,Kizigo,Africa/Kampala,UTC +3.0 ,0.360045591681827,33.0812834012539
Uganda,Uganda,UG,,,Mukono,,Buikwe,,Najjembe,,Nsakya,Africa/Kampala,UTC +3.0 ,0.427587441497168,32.9969741779304
Uganda,Uganda,UG,,,Mukono,,Buikwe,,Ngogwe,,Ddungi,Africa/Kampala,UTC +3.0 ,0.263500371462281,33.0411328117007
Uganda,Uganda,UG,,,Mukono,,Buikwe,,Ngogwe,,Kikwayi,Africa/Kampala,UTC +3.0 ,0.208229776851665,32.906840323814
Uganda,Uganda,UG,,,Mukono,,Buikwe,,Ngogwe,,Kiringo,Africa/Kampala,UTC +3.0 ,0.196194561049134,33.0497271039745
Uganda,Uganda,UG,,,Mukono,,Buikwe,,Ngogwe,,Lubongo,Africa/Kampala,UTC +3.0 ,0.21703360488269,32.9688301072505
Uganda,Uganda,UG,,,Mukono,,Buikwe,,Ngogwe,,Namulesa,Africa/Kampala,UTC +3.0 ,0.243869983086193,33.0089470319814
Uganda,Uganda,UG,,,Mukono,,Buikwe,,Ngogwe,,Ndolwa,Africa/Kampala,UTC +3.0 ,0.242630888473964,32.9443912489869
Uganda,Uganda,UG,,,Mukono,,Buikwe,,Njeru Tc,,Njeru East,Africa/Kampala,UTC +3.0 ,0.433008507109265,33.1791750951857
Uganda,Uganda,UG,,,Mukono,,Buikwe,,Njeru Tc,,Njeru North,Africa/Kampala,UTC +3.0 ,0.444902004407416,33.1619507792209
Uganda,Uganda,UG,,,Mukono,,Buikwe,,Njeru Tc,,Njeru South,Africa/Kampala,UTC +3.0 ,0.403929384433149,33.1727058711785
Uganda,Uganda,UG,,,Mukono,,Buikwe,,Njeru Tc,,Njeru West,Africa/Kampala,UTC +3.0 ,0.428281783847739,33.144684386179
Uganda,Uganda,UG,,,Mukono,,Buikwe,,Nkonkonjeru Tc,,Bukasa,Africa/Kampala,UTC +3.0 ,0.240891535659993,32.9134203490434
Uganda,Uganda,UG,,,Mukono,,Buikwe,,Nkonkonjeru Tc,,Mulajje,Africa/Kampala,UTC +3.0 ,0.259561286380642,32.9134802665556
Uganda,Uganda,UG,,,Mukono,,Buikwe,,Nkonkonjeru Tc,,Nkonkonjeru,Africa/Kampala,UTC +3.0 ,0.233661276792926,32.9204172893915
Uganda,Uganda,UG,,,Mukono,,Buikwe,,Nyenga,,Buziika,Africa/Kampala,UTC +3.0 ,0.384351258847876,33.1835532247488
Uganda,Uganda,UG,,,Mukono,,Buikwe,,Nyenga,,Kabizzi,Africa/Kampala,UTC +3.0 ,0.34641866677204,33.156022707069
Uganda,Uganda,UG,,,Mukono,,Buikwe,,Nyenga,,Namabu,Africa/Kampala,UTC +3.0 ,0.355989878262427,33.1909008805109
Uganda,Uganda,UG,,,Mukono,,Buikwe,,Nyenga,,Nyenga,Africa/Kampala,UTC +3.0 ,0.39553659524677,33.1381460777743
Uganda,Uganda,UG,,,Mukono,,Buikwe,,Nyenga,,Ssunga,Africa/Kampala,UTC +3.0 ,0.37468577197338,33.1161162676783
Uganda,Uganda,UG,,,Mukono,,Buikwe,,Nyenga,,Tongolo,Africa/Kampala,UTC +3.0 ,0.353754021452903,33.2611218860227
Uganda,Uganda,UG,,,Mukono,,Buikwe,,Nyenga,,Tongolo,Africa/Kampala,UTC +3.0 ,0.373328438929707,33.2330263691727
Uganda,Uganda,UG,,,Mukono,,Buikwe,,Ssi-Bukunja,,Kimera,Africa/Kampala,UTC +3.0 ,0.193291148272741,32.9986972521084
Uganda,Uganda,UG,,,Mukono,,Buikwe,,Ssi-Bukunja,,Kkoba,Africa/Kampala,UTC +3.0 ,0.160940131961964,33.0232321848202
Uganda,Uganda,UG,,,Mukono,,Buikwe,,Ssi-Bukunja,,Lugala,Africa/Kampala,UTC +3.0 ,0.165360290989373,32.9665821085978
Uganda,Uganda,UG,,,Mukono,,Buikwe,,Ssi-Bukunja,,Lugoba,Africa/Kampala,UTC +3.0 ,0.109418469531883,32.9124236430877
Uganda,Uganda,UG,,,Mukono,,Buikwe,,Ssi-Bukunja,,Muvo,Africa/Kampala,UTC +3.0 ,0.136608846394526,33.0012579942194
Uganda,Uganda,UG,,,Mukono,,Buikwe,,Ssi-Bukunja,,Muvo,Africa/Kampala,UTC +3.0 ,0.140198332333398,33.031375942
Uganda,Uganda,UG,,,Mukono,,Buikwe,,Ssi-Bukunja,,Muvo,Africa/Kampala,UTC +3.0 ,0.140470666666753,33.0308086673334
Uganda,Uganda,UG,,,Mukono,,Buikwe,,Ssi-Bukunja,,Muvo,Africa/Kampala,UTC +3.0 ,0.140787257789317,33.0300591339015
Uganda,Uganda,UG,,,Mukono,,Buikwe,,Ssi-Bukunja,,Namukuma,Africa/Kampala,UTC +3.0 ,0.167077419571814,32.923823805317
Uganda,Uganda,UG,,,Mukono,,Buikwe,,Ssi-Bukunja,,Zzitwe,Africa/Kampala,UTC +3.0 ,0.10546842568616,32.9613394969073
Uganda,Uganda,UG,,,Mukono,,Buikwe,,Ssi-Bukunja,,Zzitwe,Africa/Kampala,UTC +3.0 ,0.111301748880805,33.0104685861478
Uganda,Uganda,UG,,,Mukono,,Buikwe,,Wakisi,,Kalagala,Africa/Kampala,UTC +3.0 ,0.49632348312299,33.0099771433905
Uganda,Uganda,UG,,,Mukono,,Buikwe,,Wakisi,,Kkonko,Africa/Kampala,UTC +3.0 ,0.454738790985561,33.1074878647364
Uganda,Uganda,UG,,,Mukono,,Buikwe,,Wakisi,,Malindi,Africa/Kampala,UTC +3.0 ,0.489384974746304,33.1320953562875
Uganda,Uganda,UG,,,Mukono,,Buikwe,,Wakisi,,Nakalanga,Africa/Kampala,UTC +3.0 ,0.501867368622435,33.0780356831491
Uganda,Uganda,UG,,,Mukono,,Buikwe,,Wakisi,,Naminya,Africa/Kampala,UTC +3.0 ,0.461258017818476,33.147162498316
Uganda,Uganda,UG,,,Mukono,,Buikwe,,Wakisi,,Wakisi,Africa/Kampala,UTC +3.0 ,0.507126411827846,33.1060999154582
Uganda,Uganda,UG,,,Mukono,,Buvuma Islands,,Bugaya,,Buwaga,Africa/Kampala,UTC +3.0 ,-0.341552457889591,33.0718751868719
Uganda,Uganda,UG,,,Mukono,,Buvuma Islands,,Bugaya,,Buwaga,Africa/Kampala,UTC +3.0 ,-0.265799988219206,33.0917789927094
Uganda,Uganda,UG,,,Mukono,,Buvuma Islands,,Bugaya,,Buwaga,Africa/Kampala,UTC +3.0 ,-0.209752285205223,33.1714419425465
Uganda,Uganda,UG,,,Mukono,,Buvuma Islands,,Bugaya,,Buwaga,Africa/Kampala,UTC +3.0 ,-0.065583870721007,33.1526345537821
Uganda,Uganda,UG,,,Mukono,,Buvuma Islands,,Bugaya,,Buwaga,Africa/Kampala,UTC +3.0 ,-0.176711812536853,33.1820726031494
Uganda,Uganda,UG,,,Mukono,,Buvuma Islands,,Bugaya,,Buwaga,Africa/Kampala,UTC +3.0 ,-0.13513875639593,33.2176542864017
Uganda,Uganda,UG,,,Mukono,,Buvuma Islands,,Bugaya,,Buwaga,Africa/Kampala,UTC +3.0 ,-0.116029685781262,33.2285109930227
Uganda,Uganda,UG,,,Mukono,,Buvuma Islands,,Bugaya,,Buwaga,Africa/Kampala,UTC +3.0 ,-0.104575539247592,33.2346540598082
Uganda,Uganda,UG,,,Mukono,,Buvuma Islands,,Bugaya,,Buwaga,Africa/Kampala,UTC +3.0 ,-0.056934134532443,33.1818854445676
Uganda,Uganda,UG,,,Mukono,,Buvuma Islands,,Bugaya,,Buwaga,Africa/Kampala,UTC +3.0 ,-0.04941830427732,33.1518272560001
Uganda,Uganda,UG,,,Mukono,,Buvuma Islands,,Bugaya,,Buwaga,Africa/Kampala,UTC +3.0 ,-0.044172971581445,33.1806503414938
Uganda,Uganda,UG,,,Mukono,,Buvuma Islands,,Bugaya,,Buwaga,Africa/Kampala,UTC +3.0 ,-0.099462585681276,33.2492315808511
Uganda,Uganda,UG,,,Mukono,,Buvuma Islands,,Bugaya,,Buwaga,Africa/Kampala,UTC +3.0 ,0.047546816026358,33.255522974628
Uganda,Uganda,UG,,,Mukono,,Buvuma Islands,,Bugaya,,Buye,Africa/Kampala,UTC +3.0 ,0.043754670753874,33.2773119767271
Uganda,Uganda,UG,,,Mukono,,Buvuma Islands,,Bugaya,,Buye,Africa/Kampala,UTC +3.0 ,0.079087379513466,33.2681748463996
Uganda,Uganda,UG,,,Mukono,,Buvuma Islands,,Bugaya,,Buye,Africa/Kampala,UTC +3.0 ,0.082412116305423,33.2767268137395
Uganda,Uganda,UG,,,Mukono,,Buvuma Islands,,Busamuzi,,Busamuzi,Africa/Kampala,UTC +3.0 ,0.274962499155073,33.2540994707457
Uganda,Uganda,UG,,,Mukono,,Buvuma Islands,,Busamuzi,,Lingira,Africa/Kampala,UTC +3.0 ,0.198186998221552,33.4230482473821
Uganda,Uganda,UG,,,Mukono,,Buvuma Islands,,Busamuzi,,Lingira,Africa/Kampala,UTC +3.0 ,0.205808229963811,33.4156850155955
Uganda,Uganda,UG,,,Mukono,,Buvuma Islands,,Busamuzi,,Lingira,Africa/Kampala,UTC +3.0 ,0.241541444481269,33.4042018003728
Uganda,Uganda,UG,,,Mukono,,Buvuma Islands,,Busamuzi,,Lingira,Africa/Kampala,UTC +3.0 ,0.25521632802424,33.3534139904672
Uganda,Uganda,UG,,,Mukono,,Buvuma Islands,,Busamuzi,,Lingira,Africa/Kampala,UTC +3.0 ,0.273239612150447,33.3476071463632
Uganda,Uganda,UG,,,Mukono,,Buvuma Islands,,Busamuzi,,Lingira,Africa/Kampala,UTC +3.0 ,0.267907081224387,33.2967182209088
Uganda,Uganda,UG,,,Mukono,,Buvuma Islands,,Busamuzi,,Lingira,Africa/Kampala,UTC +3.0 ,0.269219024760312,33.2956321567368
Uganda,Uganda,UG,,,Mukono,,Buvuma Islands,,Busamuzi,,Lingira,Africa/Kampala,UTC +3.0 ,0.271478957599816,33.2944280185332
Uganda,Uganda,UG,,,Mukono,,Buvuma Islands,,Busamuzi,,Lingira,Africa/Kampala,UTC +3.0 ,0.298231506106509,33.2912010227132
Uganda,Uganda,UG,,,Mukono,,Buvuma Islands,,Busamuzi,,Lingira,Africa/Kampala,UTC +3.0 ,0.318343373261911,33.3451482639188
Uganda,Uganda,UG,,,Mukono,,Buvuma Islands,,Busamuzi,,Lunyanjja,Africa/Kampala,UTC +3.0 ,0.243411491549208,33.261309656995
Uganda,Uganda,UG,,,Mukono,,Buvuma Islands,,Busamuzi,,Lunyanjja,Africa/Kampala,UTC +3.0 ,0.248677677291893,33.2073134599076
Uganda,Uganda,UG,,,Mukono,,Buvuma Islands,,Bwema,,Bweema,Africa/Kampala,UTC +3.0 ,0.043911463238702,32.9875841122542
Uganda,Uganda,UG,,,Mukono,,Buvuma Islands,,Bwema,,Bweema,Africa/Kampala,UTC +3.0 ,0.044234150049023,32.9738477474893
Uganda,Uganda,UG,,,Mukono,,Buvuma Islands,,Bwema,,Bweema,Africa/Kampala,UTC +3.0 ,0.045042626359965,33.007099529789
Uganda,Uganda,UG,,,Mukono,,Buvuma Islands,,Bwema,,Bweema,Africa/Kampala,UTC +3.0 ,0.047809678618719,33.042306736809
Uganda,Uganda,UG,,,Mukono,,Buvuma Islands,,Bwema,,Bweema,Africa/Kampala,UTC +3.0 ,0.048542815499688,33.0993921930547
Uganda,Uganda,UG,,,Mukono,,Buvuma Islands,,Bwema,,Bweema,Africa/Kampala,UTC +3.0 ,0.052973642841309,33.0495417410265
Uganda,Uganda,UG,,,Mukono,,Buvuma Islands,,Bwema,,Bweema,Africa/Kampala,UTC +3.0 ,0.057986543696044,33.101014641381
Uganda,Uganda,UG,,,Mukono,,Buvuma Islands,,Bwema,,Bweema,Africa/Kampala,UTC +3.0 ,0.069047801448518,33.1016979321603
Uganda,Uganda,UG,,,Mukono,,Buvuma Islands,,Bwema,,Bweema,Africa/Kampala,UTC +3.0 ,0.048302491813879,32.9823215649137
Uganda,Uganda,UG,,,Mukono,,Buvuma Islands,,Bwema,,Bweema,Africa/Kampala,UTC +3.0 ,0.063290852748363,33.0053535546743
Uganda,Uganda,UG,,,Mukono,,Buvuma Islands,,Bwema,,Bweema,Africa/Kampala,UTC +3.0 ,0.097223705056684,33.0377679180573
Uganda,Uganda,UG,,,Mukono,,Buvuma Islands,,Bwema,,Bweema,Africa/Kampala,UTC +3.0 ,0.069982184600747,33.0871651317082
Uganda,Uganda,UG,,,Mukono,,Buvuma Islands,,Bwema,,Bweema,Africa/Kampala,UTC +3.0 ,0.085437066883021,33.0586159370597
Uganda,Uganda,UG,,,Mukono,,Buvuma Islands,,Bwema,,Bweema,Africa/Kampala,UTC +3.0 ,0.100025805969398,33.0987497774813
Uganda,Uganda,UG,,,Mukono,,Buvuma Islands,,Bwema,,Bweema,Africa/Kampala,UTC +3.0 ,0.122163865262957,33.1391640453191
Uganda,Uganda,UG,,,Mukono,,Buvuma Islands,,Bwema,,Bweema,Africa/Kampala,UTC +3.0 ,0.148583844188801,33.1696423584653
Uganda,Uganda,UG,,,Mukono,,Buvuma Islands,,Bwema,,Bweema,Africa/Kampala,UTC +3.0 ,0.151425852833215,33.1513895398643
Uganda,Uganda,UG,,,Mukono,,Buvuma Islands,,Bwema,,Bweema,Africa/Kampala,UTC +3.0 ,0.159119040018492,33.1372786797912
Uganda,Uganda,UG,,,Mukono,,Buvuma Islands,,Bwema,,Bweema,Africa/Kampala,UTC +3.0 ,0.195615291952276,33.1686739130719
Uganda,Uganda,UG,,,Mukono,,Buvuma Islands,,Bwema,,Bweema,Africa/Kampala,UTC +3.0 ,0.211280600598672,33.1866350636522
Uganda,Uganda,UG,,,Mukono,,Buvuma Islands,,Bwema,,Lwajje,Africa/Kampala,UTC +3.0 ,-0.014909956257856,32.8737704891622
Uganda,Uganda,UG,,,Mukono,,Buvuma Islands,,Bwema,,Lwajje,Africa/Kampala,UTC +3.0 ,-0.011355462428737,32.9124480669836
Uganda,Uganda,UG,,,Mukono,,Buvuma Islands,,Bwema,,Lwajje,Africa/Kampala,UTC +3.0 ,0.009604737707587,32.9232416472236
Uganda,Uganda,UG,,,Mukono,,Buvuma Islands,,Bwema,,Lwajje,Africa/Kampala,UTC +3.0 ,0.042615476211015,32.9737886837588
Uganda,Uganda,UG,,,Mukono,,Buvuma Islands,,Nairambi,,Buwanga,Africa/Kampala,UTC +3.0 ,0.146342398265232,33.3086993299362
Uganda,Uganda,UG,,,Mukono,,Buvuma Islands,,Nairambi,,Buwanga,Africa/Kampala,UTC +3.0 ,0.146627167640963,33.3089250387055
Uganda,Uganda,UG,,,Mukono,,Buvuma Islands,,Nairambi,,Buwanga,Africa/Kampala,UTC +3.0 ,0.177911049831995,33.3063754258847
Uganda,Uganda,UG,,,Mukono,,Buvuma Islands,,Nairambi,,Buwanga,Africa/Kampala,UTC +3.0 ,0.140355083991835,33.3426953128942
Uganda,Uganda,UG,,,Mukono,,Buvuma Islands,,Nairambi,,Buwanga,Africa/Kampala,UTC +3.0 ,0.190963063576892,33.3265891025869
Uganda,Uganda,UG,,,Mukono,,Buvuma Islands,,Nairambi,,Magyo,Africa/Kampala,UTC +3.0 ,0.161986919500369,33.2720705708229
Uganda,Uganda,UG,,,Mukono,,Buvuma Islands,,Nairambi,,Magyo,Africa/Kampala,UTC +3.0 ,0.157299429417328,33.2309548259965
Uganda,Uganda,UG,,,Mukono,,Mukono,,Goma,,Bukerere,Africa/Kampala,UTC +3.0 ,0.441752657685226,32.6897028213896
Uganda,Uganda,UG,,,Mukono,,Mukono,,Goma,,Misindye,Africa/Kampala,UTC +3.0 ,0.404263099876181,32.6925468908309
Uganda,Uganda,UG,,,Mukono,,Mukono,,Goma,,Nantabulirwa,Africa/Kampala,UTC +3.0 ,0.336327991897264,32.7002813812867
Uganda,Uganda,UG,,,Mukono,,Mukono,,Goma,,Nyenje,Africa/Kampala,UTC +3.0 ,0.399972286091919,32.7276236548897
Uganda,Uganda,UG,,,Mukono,,Mukono,,Goma,,Seeta,Africa/Kampala,UTC +3.0 ,0.356141157467163,32.7215191235441
Uganda,Uganda,UG,,,Mukono,,Mukono,,Kkome Islands,,Bugombe,Africa/Kampala,UTC +3.0 ,-0.074877065545721,32.7354363519726
Uganda,Uganda,UG,,,Mukono,,Mukono,,Kkome Islands,,Bugombe,Africa/Kampala,UTC +3.0 ,-0.036796339244127,32.6951265009517
Uganda,Uganda,UG,,,Mukono,,Mukono,,Kkome Islands,,Bugombe,Africa/Kampala,UTC +3.0 ,-0.031999321671601,32.6323455251187
Uganda,Uganda,UG,,,Mukono,,Mukono,,Kkome Islands,,Bugombe,Africa/Kampala,UTC +3.0 ,-0.025990651279087,32.6656221854826
Uganda,Uganda,UG,,,Mukono,,Mukono,,Kkome Islands,,Busanga,Africa/Kampala,UTC +3.0 ,-0.122901142990844,32.7100175334559
Uganda,Uganda,UG,,,Mukono,,Mukono,,Kkome Islands,,Busanga,Africa/Kampala,UTC +3.0 ,-0.105104712290011,32.7119286223444
Uganda,Uganda,UG,,,Mukono,,Mukono,,Kkome Islands,,Busanga,Africa/Kampala,UTC +3.0 ,-0.104129552277979,32.6526709448497
Uganda,Uganda,UG,,,Mukono,,Mukono,,Kkome Islands,,Busanga,Africa/Kampala,UTC +3.0 ,-0.093534385691395,32.6092907382804
Uganda,Uganda,UG,,,Mukono,,Mukono,,Kkome Islands,,Busanga,Africa/Kampala,UTC +3.0 ,-0.086869881428701,32.6482887948985
Uganda,Uganda,UG,,,Mukono,,Mukono,,Kkome Islands,,Lwomolo,Africa/Kampala,UTC +3.0 ,-0.107472669920605,32.7491421847792
Uganda,Uganda,UG,,,Mukono,,Mukono,,Kkome Islands,,Lwomolo,Africa/Kampala,UTC +3.0 ,-0.099135041033152,32.7886433362398
Uganda,Uganda,UG,,,Mukono,,Mukono,,Kkome Islands,,Lwomolo,Africa/Kampala,UTC +3.0 ,-0.06931798334185,32.7897031610484
Uganda,Uganda,UG,,,Mukono,,Mukono,,Kkome Islands,,Lwomolo,Africa/Kampala,UTC +3.0 ,-0.057404511246855,32.8072031538238
Uganda,Uganda,UG,,,Mukono,,Mukono,,Kkome Islands,,Lwomolo,Africa/Kampala,UTC +3.0 ,-0.075230806197201,32.831315038065
Uganda,Uganda,UG,,,Mukono,,Mukono,,Kkome Islands,,Lwomolo,Africa/Kampala,UTC +3.0 ,-0.061813039908854,32.8252643077624
Uganda,Uganda,UG,,,Mukono,,Mukono,,Kkome Islands,,Lwomolo,Africa/Kampala,UTC +3.0 ,-0.056322343208491,32.8263444842747
Uganda,Uganda,UG,,,Mukono,,Mukono,,Kkome Islands,,Lwomolo,Africa/Kampala,UTC +3.0 ,-0.015984578970253,32.8723824876991
Uganda,Uganda,UG,,,Mukono,,Mukono,,Kkome Islands,,Mubembe,Africa/Kampala,UTC +3.0 ,-0.077201422048217,32.7611839433111
Uganda,Uganda,UG,,,Mukono,,Mukono,,Kkome Islands,,Mubembe,Africa/Kampala,UTC +3.0 ,0.000590756537344,32.7851659266327
Uganda,Uganda,UG,,,Mukono,,Mukono,,Kkome Islands,,Mubembe,Africa/Kampala,UTC +3.0 ,0.021595444652898,32.8265635053741
Uganda,Uganda,UG,,,Mukono,,Mukono,,Kyampisi,,Bulijjo,Africa/Kampala,UTC +3.0 ,0.484186345552368,32.7796194682449
Uganda,Uganda,UG,,,Mukono,,Mukono,,Kyampisi,,Ddundu,Africa/Kampala,UTC +3.0 ,0.473823144067949,32.7104799191552
Uganda,Uganda,UG,,,Mukono,,Mukono,,Kyampisi,,Kabembe,Africa/Kampala,UTC +3.0 ,0.456807600768236,32.7742446768763
Uganda,Uganda,UG,,,Mukono,,Mukono,,Kyampisi,,Kyabakadde,Africa/Kampala,UTC +3.0 ,0.507561918205547,32.7248145571738
Uganda,Uganda,UG,,,Mukono,,Mukono,,Kyampisi,,Ntonto,Africa/Kampala,UTC +3.0 ,0.530604302209439,32.6861081781811
Uganda,Uganda,UG,,,Mukono,,Mukono,,Mukono Tc,,Ggulu Ward,Africa/Kampala,UTC +3.0 ,0.363464362956657,32.7634820754018
Uganda,Uganda,UG,,,Mukono,,Mukono,,Mukono Tc,,Namumira-Anthony,Africa/Kampala,UTC +3.0 ,0.342966535993556,32.7591217536578
Uganda,Uganda,UG,,,Mukono,,Mukono,,Mukono Tc,,Nsuube-Kauga,Africa/Kampala,UTC +3.0 ,0.330745924841107,32.7353933417919
Uganda,Uganda,UG,,,Mukono,,Mukono,,Mukono Tc,,Ntaawo Ward,Africa/Kampala,UTC +3.0 ,0.375580589587676,32.7460264182142
Uganda,Uganda,UG,,,Mukono,,Mukono,,Nakisunga,,Katente,Africa/Kampala,UTC +3.0 ,0.271835488313763,32.8830612307789
Uganda,Uganda,UG,,,Mukono,,Mukono,,Nakisunga,,Kiyoola,Africa/Kampala,UTC +3.0 ,0.239297632640817,32.8670102618179
Uganda,Uganda,UG,,,Mukono,,Mukono,,Nakisunga,,Kyabalogo,Africa/Kampala,UTC +3.0 ,0.280572993767024,32.8050057628765
Uganda,Uganda,UG,,,Mukono,,Mukono,,Nakisunga,,Kyetume,Africa/Kampala,UTC +3.0 ,0.321979780863441,32.7620822070519
Uganda,Uganda,UG,,,Mukono,,Mukono,,Nakisunga,,Namaiba,Africa/Kampala,UTC +3.0 ,0.291739339592723,32.7505964980239
Uganda,Uganda,UG,,,Mukono,,Mukono,,Nakisunga,,Namuyenje,Africa/Kampala,UTC +3.0 ,0.332188016900462,32.7955994985275
Uganda,Uganda,UG,,,Mukono,,Mukono,,Nakisunga,,Seeta - Nazigo,Africa/Kampala,UTC +3.0 ,0.304127777746188,32.8388020458253
Uganda,Uganda,UG,,,Mukono,,Mukono,,Nakisunga,,Wankoba,Africa/Kampala,UTC +3.0 ,0.345333003216267,32.8487760986575
Uganda,Uganda,UG,,,Mukono,,Mukono,,Nama,,Bulika,Africa/Kampala,UTC +3.0 ,0.422296849287653,32.8156651772937
Uganda,Uganda,UG,,,Mukono,,Mukono,,Nama,,Kasenge,Africa/Kampala,UTC +3.0 ,0.374542986400228,32.8090904477641
Uganda,Uganda,UG,,,Mukono,,Mukono,,Nama,,Katoogo,Africa/Kampala,UTC +3.0 ,0.446964267876967,32.8246578238461
Uganda,Uganda,UG,,,Mukono,,Mukono,,Nama,,Mpoma,Africa/Kampala,UTC +3.0 ,0.418721963088195,32.7699156630784
Uganda,Uganda,UG,,,Mukono,,Mukono,,Nama,,Namawojjolo,Africa/Kampala,UTC +3.0 ,0.383283174976931,32.8380832045181
Uganda,Uganda,UG,,,Mukono,,Mukono,,Nama,,Namubiru,Africa/Kampala,UTC +3.0 ,0.378243678325292,32.773919660156
Uganda,Uganda,UG,,,Mukono,,Mukono,,Ntenjeru,,Bugoye,Africa/Kampala,UTC +3.0 ,0.208296220230626,32.7597409811017
Uganda,Uganda,UG,,,Mukono,,Mukono,,Ntenjeru,,Bunakijja,Africa/Kampala,UTC +3.0 ,0.097362183923703,32.8618519253421
Uganda,Uganda,UG,,,Mukono,,Mukono,,Ntenjeru,,Bunakijja,Africa/Kampala,UTC +3.0 ,0.132439608515073,32.8585610895128
Uganda,Uganda,UG,,,Mukono,,Mukono,,Ntenjeru,,Bunakijja,Africa/Kampala,UTC +3.0 ,0.167777400284785,32.8273326428189
Uganda,Uganda,UG,,,Mukono,,Mukono,,Ntenjeru,,Kabanga,Africa/Kampala,UTC +3.0 ,0.151295800864755,32.6338495926118
Uganda,Uganda,UG,,,Mukono,,Mukono,,Ntenjeru,,Kabanga,Africa/Kampala,UTC +3.0 ,0.15929829616169,32.6490428861692
Uganda,Uganda,UG,,,Mukono,,Mukono,,Ntenjeru,,Kabanga,Africa/Kampala,UTC +3.0 ,0.204800897052417,32.6817323936417
Uganda,Uganda,UG,,,Mukono,,Mukono,,Ntenjeru,,Mpatta,Africa/Kampala,UTC +3.0 ,0.240233166229541,32.6561336241449
Uganda,Uganda,UG,,,Mukono,,Mukono,,Ntenjeru,,Mpatta,Africa/Kampala,UTC +3.0 ,0.249422200931444,32.7107862220795
Uganda,Uganda,UG,,,Mukono,,Mukono,,Ntenjeru,,Mpunge,Africa/Kampala,UTC +3.0 ,0.07169483586217,32.6435127608955
Uganda,Uganda,UG,,,Mukono,,Mukono,,Ntenjeru,,Mpunge,Africa/Kampala,UTC +3.0 ,0.075285747920168,32.6554414057588
Uganda,Uganda,UG,,,Mukono,,Mukono,,Ntenjeru,,Mpunge,Africa/Kampala,UTC +3.0 ,0.106429922671706,32.7867494505429
Uganda,Uganda,UG,,,Mukono,,Mukono,,Ntenjeru,,Mpunge,Africa/Kampala,UTC +3.0 ,0.127702634631959,32.7268851058813
Uganda,Uganda,UG,,,Mukono,,Mukono,,Ntenjeru,,Nsanja,Africa/Kampala,UTC +3.0 ,0.166197824181768,32.7861851567556
Uganda,Uganda,UG,,,Mukono,,Mukono,,Ntenjeru,,Ntanzi,Africa/Kampala,UTC +3.0 ,0.229169226733592,32.8124131695874
Uganda,Uganda,UG,,,Mukono,,Mukono,,Ntenjeru,,Ssaayi,Africa/Kampala,UTC +3.0 ,0.254898326426238,32.7782456785145
Uganda,Uganda,UG,,,Mukono,,Mukono,,Ntenjeru,,Terere,Africa/Kampala,UTC +3.0 ,0.194133754811912,32.8824066991585
Uganda,Uganda,UG,,,Mukono,,Mukono,,Ntenjeru,,Terere,Africa/Kampala,UTC +3.0 ,0.197706311515728,32.8742128895551
Uganda,Uganda,UG,,,Mukono,,Mukono,,Ntenjeru,,Terere,Africa/Kampala,UTC +3.0 ,0.182146411500992,32.8721712038777
Uganda,Uganda,UG,,,Mukono,,Mukono,,Ntenjeru,,Terere,Africa/Kampala,UTC +3.0 ,0.198288882767356,32.8726836234812
Uganda,Uganda,UG,,,Mukono,,Mukono,,Ntenjeru,,Terere,Africa/Kampala,UTC +3.0 ,0.204297207819565,32.8517345588089
Uganda,Uganda,UG,,,Mukono,,Nakifuma,,Kasawo,,Kabimbiri,Africa/Kampala,UTC +3.0 ,0.659318172853351,32.853888168386
Uganda,Uganda,UG,,,Mukono,,Nakifuma,,Kasawo,,Kakukuulu,Africa/Kampala,UTC +3.0 ,0.613557624107219,32.8620745752697
Uganda,Uganda,UG,,,Mukono,,Nakifuma,,Kasawo,,Kasana,Africa/Kampala,UTC +3.0 ,0.634002097355968,32.7926513159019
Uganda,Uganda,UG,,,Mukono,,Nakifuma,,Kasawo,,Kigogola,Africa/Kampala,UTC +3.0 ,0.586147759982907,32.8610607927405
Uganda,Uganda,UG,,,Mukono,,Nakifuma,,Kasawo,,Kitovu,Africa/Kampala,UTC +3.0 ,0.666579054011422,32.8194860485674
Uganda,Uganda,UG,,,Mukono,,Nakifuma,,Kasawo,,Namaliiri,Africa/Kampala,UTC +3.0 ,0.622969012178184,32.8282518748785
Uganda,Uganda,UG,,,Mukono,,Nakifuma,,Kimenyedde,,Bukasa,Africa/Kampala,UTC +3.0 ,0.559255768090502,32.8652296601428
Uganda,Uganda,UG,,,Mukono,,Nakifuma,,Kimenyedde,,Kawongo,Africa/Kampala,UTC +3.0 ,0.51587894696555,32.8332664400177
Uganda,Uganda,UG,,,Mukono,,Nakifuma,,Kimenyedde,,Kiwafu,Africa/Kampala,UTC +3.0 ,0.519794777364475,32.8655757557526
Uganda,Uganda,UG,,,Mukono,,Nakifuma,,Kimenyedde,,Namaliga,Africa/Kampala,UTC +3.0 ,0.548865786031602,32.8073075580093
Uganda,Uganda,UG,,,Mukono,,Nakifuma,,Kimenyedde,,Nanga,Africa/Kampala,UTC +3.0 ,0.507499593848359,32.8082857118671
Uganda,Uganda,UG,,,Mukono,,Nakifuma,,Nabaale,,Bamusuuta,Africa/Kampala,UTC +3.0 ,0.584615711246471,32.7999422575004
Uganda,Uganda,UG,,,Mukono,,Nakifuma,,Nabaale,,Makukuba,Africa/Kampala,UTC +3.0 ,0.571773743767028,32.7336655397698
Uganda,Uganda,UG,,,Mukono,,Nakifuma,,Nabaale,,Nabalanga,Africa/Kampala,UTC +3.0 ,0.605110294679481,32.7616751816853
Uganda,Uganda,UG,,,Mukono,,Nakifuma,,Nabaale,,Naggalama,Africa/Kampala,UTC +3.0 ,0.51744944582443,32.7755319692624
Uganda,Uganda,UG,,,Mukono,,Nakifuma,,Nabaale,,Nakanyonyi,Africa/Kampala,UTC +3.0 ,0.541779269695022,32.7587616518897
Uganda,Uganda,UG,,,Mukono,,Nakifuma,,Nagojje,,Kyajja,Africa/Kampala,UTC +3.0 ,0.482931251127625,32.912528291488
Uganda,Uganda,UG,,,Mukono,,Nakifuma,,Nagojje,,Nagojje,Africa/Kampala,UTC +3.0 ,0.433281093790059,32.8769786653318
Uganda,Uganda,UG,,,Mukono,,Nakifuma,,Nagojje,,Nakibano,Africa/Kampala,UTC +3.0 ,0.471838517382715,32.8544669705406
Uganda,Uganda,UG,,,Mukono,,Nakifuma,,Nagojje,,Namagunga,Africa/Kampala,UTC +3.0 ,0.39240833386216,32.8921194294413
Uganda,Uganda,UG,,,Mukono,,Nakifuma,,Nagojje,,Namataba,Africa/Kampala,UTC +3.0 ,0.401348899222409,32.8625322628337
Uganda,Uganda,UG,,,Mukono,,Nakifuma,,Nagojje,,Wagala,Africa/Kampala,UTC +3.0 ,0.429325408136636,32.9300691603346
Uganda,Uganda,UG,,,Mukono,,Nakifuma,,Ntunda,,Kateete,Africa/Kampala,UTC +3.0 ,0.529706642124332,32.933656192803
Uganda,Uganda,UG,,,Mukono,,Nakifuma,,Ntunda,,Kyabazaala,Africa/Kampala,UTC +3.0 ,0.614479323864263,32.9186720489192
Uganda,Uganda,UG,,,Mukono,,Nakifuma,,Ntunda,,Namayuba,Africa/Kampala,UTC +3.0 ,0.648368464820128,32.8980811116229
Uganda,Uganda,UG,,,Mukono,,Nakifuma,,Ntunda,,Ntunda,Africa/Kampala,UTC +3.0 ,0.576412258718429,32.9391838714192
Uganda,Uganda,UG,,,Mukono,,Nakifuma,,Seeta-Namuganga,,Kayini,Africa/Kampala,UTC +3.0 ,0.668746258427378,32.7667636756164
Uganda,Uganda,UG,,,Mukono,,Nakifuma,,Seeta-Namuganga,,Kitale,Africa/Kampala,UTC +3.0 ,0.723563475471839,32.8387534575205
Uganda,Uganda,UG,,,Mukono,,Nakifuma,,Seeta-Namuganga,,Kituula,Africa/Kampala,UTC +3.0 ,0.696887356686062,32.7923717080028
Uganda,Uganda,UG,,,Mukono,,Nakifuma,,Seeta-Namuganga,,Namanoga,Africa/Kampala,UTC +3.0 ,0.806088857919503,32.7928705773944
Uganda,Uganda,UG,,,Mukono,,Nakifuma,,Seeta-Namuganga,,Namuganga,Africa/Kampala,UTC +3.0 ,0.747601479922916,32.7856471501932
Uganda,Uganda,UG,,,Nakapiripirit,,Chekwii,,Kakomongole,,Akuyam,Africa/Kampala,UTC +3.0 ,1.91975960759032,34.6271170853772
Uganda,Uganda,UG,,,Nakapiripirit,,Chekwii,,Kakomongole,,Grazing Area,Africa/Kampala,UTC +3.0 ,1.7317663057663,34.3964302519881
Uganda,Uganda,UG,,,Nakapiripirit,,Chekwii,,Kakomongole,,Grazing Area,Africa/Kampala,UTC +3.0 ,1.96228324494665,34.6882216424428
Uganda,Uganda,UG,,,Nakapiripirit,,Chekwii,,Kakomongole,,Nabolith,Africa/Kampala,UTC +3.0 ,1.93860943484612,34.5885841423109
Uganda,Uganda,UG,,,Nakapiripirit,,Chekwii,,Kakomongole,,Namorotot,Africa/Kampala,UTC +3.0 ,1.82419229047668,34.7219220250109
Uganda,Uganda,UG,,,Nakapiripirit,,Chekwii,,Kakomongole,,Okwapon,Africa/Kampala,UTC +3.0 ,1.8812378678854,34.6579422101443
Uganda,Uganda,UG,,,Nakapiripirit,,Chekwii,,Kakomongole,,Tokora,Africa/Kampala,UTC +3.0 ,1.82858970797042,34.6872342635144
Uganda,Uganda,UG,,,Nakapiripirit,,Chekwii,,Moruita,,Katabok,Africa/Kampala,UTC +3.0 ,1.70487767376631,34.7449912349776
Uganda,Uganda,UG,,,Nakapiripirit,,Chekwii,,Moruita,,Moruita,Africa/Kampala,UTC +3.0 ,1.9688170573641,34.7856458306425
Uganda,Uganda,UG,,,Nakapiripirit,,Chekwii,,Nakapiripirit T.C.,,Katanga/Township,Africa/Kampala,UTC +3.0 ,1.85875933763023,34.7091616209729
Uganda,Uganda,UG,,,Nakapiripirit,,Chekwii,,Nakapiripirit T.C.,,Lobulio-Lomuu,Africa/Kampala,UTC +3.0 ,1.84771450620096,34.7126358737007
Uganda,Uganda,UG,,,Nakapiripirit,,Chekwii,,Nakapiripirit T.C.,,Lobuneit,Africa/Kampala,UTC +3.0 ,1.84327488195552,34.7155153590653
Uganda,Uganda,UG,,,Nakapiripirit,,Chekwii,,Namalu,,Kaiku,Africa/Kampala,UTC +3.0 ,1.74125795650761,34.6371909836998
Uganda,Uganda,UG,,,Nakapiripirit,,Chekwii,,Namalu,,Kokuwaum,Africa/Kampala,UTC +3.0 ,1.79360619086838,34.6311579056831
Uganda,Uganda,UG,,,Nakapiripirit,,Chekwii,,Namalu,,Lokatapan,Africa/Kampala,UTC +3.0 ,1.79374369137781,34.5588888142235
Uganda,Uganda,UG,,,Nakapiripirit,,Chekwii,,Namalu,,Loperot/Lokatapan,Africa/Kampala,UTC +3.0 ,1.74195337422248,34.5644107458025
Uganda,Uganda,UG,,,Nakapiripirit,,Chekwii,,Namalu,,Loregae,Africa/Kampala,UTC +3.0 ,1.84953724496369,34.5246224834967
Uganda,Uganda,UG,,,Nakapiripirit,,Chekwii,,Namalu,,Napiananya,Africa/Kampala,UTC +3.0 ,1.86176681355274,34.6011751732246
Uganda,Uganda,UG,,,Nakapiripirit,,Pian,,Lolachat,,Lorukumo,Africa/Kampala,UTC +3.0 ,1.9760242854875,34.5238384626655
Uganda,Uganda,UG,,,Nakapiripirit,,Pian,,Lolachat,,Lotaruk,Africa/Kampala,UTC +3.0 ,1.99993145534599,34.634132948574
Uganda,Uganda,UG,,,Nakapiripirit,,Pian,,Lolachat,,Nakuri,Africa/Kampala,UTC +3.0 ,1.95214634090994,34.5051369067853
Uganda,Uganda,UG,,,Nakapiripirit,,Pian,,Lolachat,,Natirae,Africa/Kampala,UTC +3.0 ,1.87670188592088,34.4705983009107
Uganda,Uganda,UG,,,Nakapiripirit,,Pian,,Lolachat,,Sakale,Africa/Kampala,UTC +3.0 ,1.94368116951605,34.4650608605978
Uganda,Uganda,UG,,,Nakapiripirit,,Pian,,Lorengedwat,,Kamaturu,Africa/Kampala,UTC +3.0 ,2.39934978152042,34.6064049458174
Uganda,Uganda,UG,,,Nakapiripirit,,Pian,,Lorengedwat,,Narisae,Africa/Kampala,UTC +3.0 ,2.25541060472671,34.5803281949873
Uganda,Uganda,UG,,,Nakapiripirit,,Pian,,Lorengedwat,,Nathinyonoit,Africa/Kampala,UTC +3.0 ,2.23352477899553,34.6896924582206
Uganda,Uganda,UG,,,Nakapiripirit,,Pian,,Nabilatuk,,Acegeretolim,Africa/Kampala,UTC +3.0 ,2.1374171474836,34.6090490218743
Uganda,Uganda,UG,,,Nakapiripirit,,Pian,,Nabilatuk,,Kalokwameri,Africa/Kampala,UTC +3.0 ,2.00883941625901,34.4759304650475
Uganda,Uganda,UG,,,Nakapiripirit,,Pian,,Nabilatuk,,Kosike,Africa/Kampala,UTC +3.0 ,2.08738941029597,34.5034214598912
Uganda,Uganda,UG,,,Nakapiripirit,,Pian,,Nabilatuk,,Lokaala,Africa/Kampala,UTC +3.0 ,2.03828290665978,34.5503186190356
Uganda,Uganda,UG,,,Nakapiripirit,,Pian,,Nabilatuk,,Moruangibuin,Africa/Kampala,UTC +3.0 ,2.07694683519477,34.6605963070703
Uganda,Uganda,UG,,,Nakapiripirit,,Pian,,Nabilatuk,,Nakobekobe,Africa/Kampala,UTC +3.0 ,2.00237182057155,34.5555568037162
Uganda,Uganda,UG,,,Nakapiripirit,,Pian,,Nabilatuk,,Natopojo,Africa/Kampala,UTC +3.0 ,2.03173950946042,34.6011122788477
Uganda,Uganda,UG,,,Nakapiripirit,,Pokot,,Amudat,,Amudat,Africa/Kampala,UTC +3.0 ,1.88464080429332,34.9240274444293
Uganda,Uganda,UG,,,Nakapiripirit,,Pokot,,Amudat,,Katabok,Africa/Kampala,UTC +3.0 ,1.76404644676372,34.9180362894723
Uganda,Uganda,UG,,,Nakapiripirit,,Pokot,,Amudat,,Loburin,Africa/Kampala,UTC +3.0 ,1.98283072364856,34.9199363514841
Uganda,Uganda,UG,,,Nakapiripirit,,Pokot,,Karita,,Karita,Africa/Kampala,UTC +3.0 ,1.53756711872293,34.827731478733
Uganda,Uganda,UG,,,Nakapiripirit,,Pokot,,Karita,,Lokales,Africa/Kampala,UTC +3.0 ,1.45414456497716,34.7671878555932
Uganda,Uganda,UG,,,Nakapiripirit,,Pokot,,Karita,,Losidok,Africa/Kampala,UTC +3.0 ,1.63166754899703,34.8437518481022
Uganda,Uganda,UG,,,Nakapiripirit,,Pokot,,Loroo,,Abiliep,Africa/Kampala,UTC +3.0 ,2.08710508633462,34.9118725333559
Uganda,Uganda,UG,,,Nakapiripirit,,Pokot,,Loroo,,Achorichor,Africa/Kampala,UTC +3.0 ,2.14322911954774,34.8451640662978
Uganda,Uganda,UG,,,Nakapiripirit,,Pokot,,Loroo,,Loroo,Africa/Kampala,UTC +3.0 ,2.21630622654899,34.9020473354099
Uganda,Uganda,UG,,,Nakasongola,,Buruli,,Kakooge,,Kakooge,Africa/Kampala,UTC +3.0 ,1.0444343495658,32.4734142633709
Uganda,Uganda,UG,,,Nakasongola,,Buruli,,Kakooge,,Katuugo,Africa/Kampala,UTC +3.0 ,1.15865331692144,32.4949363670011
Uganda,Uganda,UG,,,Nakasongola,,Buruli,,Kakooge,,Kyabutayika,Africa/Kampala,UTC +3.0 ,1.11765595039142,32.4387473763204
Uganda,Uganda,UG,,,Nakasongola,,Buruli,,Kakooge,,Kyambogo,Africa/Kampala,UTC +3.0 ,1.00572264901237,32.537440948675
Uganda,Uganda,UG,,,Nakasongola,,Buruli,,Kakooge,,Kyankonwa,Africa/Kampala,UTC +3.0 ,1.22072112734569,32.4007821454141
Uganda,Uganda,UG,,,Nakasongola,,Buruli,,Kakooge,,Kyeyindula,Africa/Kampala,UTC +3.0 ,1.09578387869875,32.5386792520208
Uganda,Uganda,UG,,,Nakasongola,,Buruli,,Kalongo,,Bamugolodde,Africa/Kampala,UTC +3.0 ,1.12339659651449,32.7366197467442
Uganda,Uganda,UG,,,Nakasongola,,Buruli,,Kalongo,,Kamirampango,Africa/Kampala,UTC +3.0 ,1.21791414397554,32.7672669868447
Uganda,Uganda,UG,,,Nakasongola,,Buruli,,Kalongo,,Kiswera-Mainda,Africa/Kampala,UTC +3.0 ,1.21151526602825,32.6367854205129
Uganda,Uganda,UG,,,Nakasongola,,Buruli,,Kalongo,,Kiwambya,Africa/Kampala,UTC +3.0 ,1.16817576975024,32.7007434006989
Uganda,Uganda,UG,,,Nakasongola,,Buruli,,Kalongo,,Mayirikiti,Africa/Kampala,UTC +3.0 ,1.24889586634071,32.7253361190288
Uganda,Uganda,UG,,,Nakasongola,,Buruli,,Kalungi,,Irima,Africa/Kampala,UTC +3.0 ,1.33675786188563,32.7283926366855
Uganda,Uganda,UG,,,Nakasongola,,Buruli,,Kalungi,,Kazwama,Africa/Kampala,UTC +3.0 ,1.38903352687675,32.628134722151
Uganda,Uganda,UG,,,Nakasongola,,Buruli,,Kalungi,,Kisenyi,Africa/Kampala,UTC +3.0 ,1.37656993545689,32.6815685256508
Uganda,Uganda,UG,,,Nakasongola,,Buruli,,Kalungi,,Namungolo,Africa/Kampala,UTC +3.0 ,1.29164619543147,32.7031084766503
Uganda,Uganda,UG,,,Nakasongola,,Buruli,,Kalungi,,Wanzogi,Africa/Kampala,UTC +3.0 ,1.29760578551574,32.6187302677481
Uganda,Uganda,UG,,,Nakasongola,,Buruli,,Lwabyata,,Kansira,Africa/Kampala,UTC +3.0 ,1.58339176080319,32.334940139343
Uganda,Uganda,UG,,,Nakasongola,,Buruli,,Lwabyata,,Nalukonge,Africa/Kampala,UTC +3.0 ,1.52613321708858,32.3772218827235
Uganda,Uganda,UG,,,Nakasongola,,Buruli,,Lwabyata,,Namikka,Africa/Kampala,UTC +3.0 ,1.49176758766306,32.4192373130494
Uganda,Uganda,UG,,,Nakasongola,,Buruli,,Lwampanga,,Kikoiro,Africa/Kampala,UTC +3.0 ,1.40379518524064,32.5771848934804
Uganda,Uganda,UG,,,Nakasongola,,Buruli,,Lwampanga,,Kikoiro,Africa/Kampala,UTC +3.0 ,1.4580268953232,32.5571135505708
Uganda,Uganda,UG,,,Nakasongola,,Buruli,,Lwampanga,,Kisaalizi,Africa/Kampala,UTC +3.0 ,1.54308377716114,32.4373501257513
Uganda,Uganda,UG,,,Nakasongola,,Buruli,,Lwampanga,,Kiwembi,Africa/Kampala,UTC +3.0 ,1.51055350464379,32.4703570831134
Uganda,Uganda,UG,,,Nakasongola,,Buruli,,Lwampanga,,Lwampanga,Africa/Kampala,UTC +3.0 ,1.50597893626458,32.521760173872
Uganda,Uganda,UG,,,Nakasongola,,Buruli,,Lwampanga,,Wajjala,Africa/Kampala,UTC +3.0 ,1.41504001231348,32.5262077296901
Uganda,Uganda,UG,,,Nakasongola,,Buruli,,Lwampanga,,Zengebe,Africa/Kampala,UTC +3.0 ,1.46952446409053,32.5202622958106
Uganda,Uganda,UG,,,Nakasongola,,Buruli,,Nabiswera,,Kalengedde,Africa/Kampala,UTC +3.0 ,1.40435330042445,32.3386150168448
Uganda,Uganda,UG,,,Nakasongola,,Buruli,,Nabiswera,,Katubba,Africa/Kampala,UTC +3.0 ,1.61711885023992,32.2662689735543
Uganda,Uganda,UG,,,Nakasongola,,Buruli,,Nabiswera,,Kyamukonda,Africa/Kampala,UTC +3.0 ,1.42899840514664,32.1863688974349
Uganda,Uganda,UG,,,Nakasongola,,Buruli,,Nabiswera,,Kyangogolo,Africa/Kampala,UTC +3.0 ,1.48740849313092,32.2610322446277
Uganda,Uganda,UG,,,Nakasongola,,Buruli,,Nabiswera,,Migyera,Africa/Kampala,UTC +3.0 ,1.33851641208228,32.2592774252107
Uganda,Uganda,UG,,,Nakasongola,,Buruli,,Nabiswera,,Mulonzi,Africa/Kampala,UTC +3.0 ,1.60450786385115,32.2105348513521
Uganda,Uganda,UG,,,Nakasongola,,Buruli,,Nakasongola Tc,,Central,Africa/Kampala,UTC +3.0 ,1.31526461333406,32.4609713837833
Uganda,Uganda,UG,,,Nakasongola,,Buruli,,Nakasongola Tc,,Eastern,Africa/Kampala,UTC +3.0 ,1.31036278952063,32.4786445753959
Uganda,Uganda,UG,,,Nakasongola,,Buruli,,Nakasongola Tc,,Western,Africa/Kampala,UTC +3.0 ,1.33216744115446,32.4517150542604
Uganda,Uganda,UG,,,Nakasongola,,Buruli,,Nakitoma,,Bujjabe,Africa/Kampala,UTC +3.0 ,1.50690802918348,32.0336367376264
Uganda,Uganda,UG,,,Nakasongola,,Buruli,,Nakitoma,,Kasozi,Africa/Kampala,UTC +3.0 ,1.45072873665893,32.1002270978858
Uganda,Uganda,UG,,,Nakasongola,,Buruli,,Nakitoma,,Kigwera,Africa/Kampala,UTC +3.0 ,1.56212743494424,32.1133057674216
Uganda,Uganda,UG,,,Nakasongola,,Buruli,,Nakitoma,,Njeru,Africa/Kampala,UTC +3.0 ,1.57383803459443,32.1621666437615
Uganda,Uganda,UG,,,Nakasongola,,Buruli,,Wabinyonyi,,Kageeri,Africa/Kampala,UTC +3.0 ,1.35739681647145,32.5188319104959
Uganda,Uganda,UG,,,Nakasongola,,Buruli,,Wabinyonyi,,Kamunina,Africa/Kampala,UTC +3.0 ,1.1687567831254,32.5705722341644
Uganda,Uganda,UG,,,Nakasongola,,Buruli,,Wabinyonyi,,Kiwongoire,Africa/Kampala,UTC +3.0 ,1.30935401624203,32.3967016243518
Uganda,Uganda,UG,,,Nakasongola,,Buruli,,Wabinyonyi,,Kyamuyingo,Africa/Kampala,UTC +3.0 ,1.41125367663102,32.441504479738
Uganda,Uganda,UG,,,Nakasongola,,Buruli,,Wabinyonyi,,Ssaasira,Africa/Kampala,UTC +3.0 ,1.34557541718187,32.4171504312545
Uganda,Uganda,UG,,,Nakasongola,,Buruli,,Wabinyonyi,,Wabigalo,Africa/Kampala,UTC +3.0 ,1.26048200081099,32.4642976022701
Uganda,Uganda,UG,,,Nakasongola,,Buruli,,Wabinyonyi,,Wampiti,Africa/Kampala,UTC +3.0 ,1.26025330874492,32.5548678897825
Uganda,Uganda,UG,,,Nebbi,,Jonam,,Pakwach,,Atiak,Africa/Kampala,UTC +3.0 ,2.3954542470955,31.4527970291506
Uganda,Uganda,UG,,,Nebbi,,Jonam,,Pakwach,,Mukale,Africa/Kampala,UTC +3.0 ,2.37032289399446,31.407137398285
Uganda,Uganda,UG,,,Nebbi,,Jonam,,Pakwach,,Paroketo,Africa/Kampala,UTC +3.0 ,2.44373099951344,31.4532869724972
Uganda,Uganda,UG,,,Nebbi,,Jonam,,Pakwach Tc,,Amor,Africa/Kampala,UTC +3.0 ,2.48439434132543,31.5033789386435
Uganda,Uganda,UG,,,Nebbi,,Jonam,,Pakwach Tc,,Povungu,Africa/Kampala,UTC +3.0 ,2.46693236876979,31.4846736863815
Uganda,Uganda,UG,,,Nebbi,,Jonam,,Panyango,,Alwi,Africa/Kampala,UTC +3.0 ,2.46254315642179,31.3581693125449
Uganda,Uganda,UG,,,Nebbi,,Jonam,,Panyango,,Pacego,Africa/Kampala,UTC +3.0 ,2.49517463810401,31.4493226336096
Uganda,Uganda,UG,,,Nebbi,,Jonam,,Panyango,,Pakia,Africa/Kampala,UTC +3.0 ,2.53450681579331,31.4334251227051
Uganda,Uganda,UG,,,Nebbi,,Jonam,,Panyango,,Pokwero,Africa/Kampala,UTC +3.0 ,2.56814946761764,31.3648739854754
Uganda,Uganda,UG,,,Nebbi,,Jonam,,Panyimur,,Baro,Africa/Kampala,UTC +3.0 ,2.33789193303605,31.3352157813949
Uganda,Uganda,UG,,,Nebbi,,Jonam,,Panyimur,,Ganda,Africa/Kampala,UTC +3.0 ,2.26560839394962,31.2995800092151
Uganda,Uganda,UG,,,Nebbi,,Jonam,,Panyimur,,Nyakagei,Africa/Kampala,UTC +3.0 ,2.21104373263851,31.289103475663
Uganda,Uganda,UG,,,Nebbi,,Jonam,,Wadelai,,Mutir,Africa/Kampala,UTC +3.0 ,2.74952806919325,31.3789210986939
Uganda,Uganda,UG,,,Nebbi,,Jonam,,Wadelai,,Pakwinyo,Africa/Kampala,UTC +3.0 ,2.71205147312516,31.4305197955342
Uganda,Uganda,UG,,,Nebbi,,Jonam,,Wadelai,,Ragem,Africa/Kampala,UTC +3.0 ,2.65846603814522,31.3579805344665
Uganda,Uganda,UG,,,Nebbi,,Okoro,,Atyak,,Angol,Africa/Kampala,UTC +3.0 ,2.66309494431031,30.9482064847866
Uganda,Uganda,UG,,,Nebbi,,Okoro,,Atyak,,Anyola,Africa/Kampala,UTC +3.0 ,2.57312343722482,30.9642455245808
Uganda,Uganda,UG,,,Nebbi,,Okoro,,Atyak,,Juloka,Africa/Kampala,UTC +3.0 ,2.61883035057921,30.8906426148475
Uganda,Uganda,UG,,,Nebbi,,Okoro,,Atyak,,Ogusi,Africa/Kampala,UTC +3.0 ,2.59410085297121,30.917067850859
Uganda,Uganda,UG,,,Nebbi,,Okoro,,Atyak,,Pakia,Africa/Kampala,UTC +3.0 ,2.55789279356028,30.8930275379123
Uganda,Uganda,UG,,,Nebbi,,Okoro,,Atyak,,Pamach,Africa/Kampala,UTC +3.0 ,2.62010271519074,30.922723976091
Uganda,Uganda,UG,,,Nebbi,,Okoro,,Jangokoro,,Abaji,Africa/Kampala,UTC +3.0 ,2.4551053526546,30.8697464555763
Uganda,Uganda,UG,,,Nebbi,,Okoro,,Jangokoro,,Jupadindo,Africa/Kampala,UTC +3.0 ,2.37649477873652,30.8799501742431
Uganda,Uganda,UG,,,Nebbi,,Okoro,,Jangokoro,,Patek,Africa/Kampala,UTC +3.0 ,2.41504786438051,30.905761438061
Uganda,Uganda,UG,,,Nebbi,,Okoro,,Kango,,Angar,Africa/Kampala,UTC +3.0 ,2.6121571469966,30.8057984441617
Uganda,Uganda,UG,,,Nebbi,,Okoro,,Kango,,Gamba,Africa/Kampala,UTC +3.0 ,2.56263842714095,30.7750161078103
Uganda,Uganda,UG,,,Nebbi,,Okoro,,Kango,,Oliri,Africa/Kampala,UTC +3.0 ,2.64355334690007,30.8252079852842
Uganda,Uganda,UG,,,Nebbi,,Okoro,,Kango,,Omua,Africa/Kampala,UTC +3.0 ,2.61344936073428,30.8567331730559
Uganda,Uganda,UG,,,Nebbi,,Okoro,,Kango,,Paduba,Africa/Kampala,UTC +3.0 ,2.65811106400841,30.8795116400716
Uganda,Uganda,UG,,,Nebbi,,Okoro,,Kango,,Pasai,Africa/Kampala,UTC +3.0 ,2.57967115415464,30.8217308301217
Uganda,Uganda,UG,,,Nebbi,,Okoro,,Nyapea,,Abeju,Africa/Kampala,UTC +3.0 ,2.48827904473829,30.972041691905
Uganda,Uganda,UG,,,Nebbi,,Okoro,,Nyapea,,Abira,Africa/Kampala,UTC +3.0 ,2.52267247423139,30.9026302459114
Uganda,Uganda,UG,,,Nebbi,,Okoro,,Nyapea,,Oyeyo,Africa/Kampala,UTC +3.0 ,2.46811831348816,30.9458605165296
Uganda,Uganda,UG,,,Nebbi,,Okoro,,Nyapea,,Paley,Africa/Kampala,UTC +3.0 ,2.48878837050756,30.9198534628746
Uganda,Uganda,UG,,,Nebbi,,Okoro,,Paidha,,Chana,Africa/Kampala,UTC +3.0 ,2.44972181488964,31.0080638149165
Uganda,Uganda,UG,,,Nebbi,,Okoro,,Paidha,,Kaya,Africa/Kampala,UTC +3.0 ,2.41692652393384,31.01864568606
Uganda,Uganda,UG,,,Nebbi,,Okoro,,Paidha,,Otheko,Africa/Kampala,UTC +3.0 ,2.49653184689655,31.0162695506639
Uganda,Uganda,UG,,,Nebbi,,Okoro,,Paidha,,Pakadha,Africa/Kampala,UTC +3.0 ,2.39391933124142,30.9212983040179
Uganda,Uganda,UG,,,Nebbi,,Okoro,,Paidha,,Pamitu,Africa/Kampala,UTC +3.0 ,2.37710427997188,30.935465879338
Uganda,Uganda,UG,,,Nebbi,,Okoro,,Paidha,,Thanga,Africa/Kampala,UTC +3.0 ,2.42124207603713,30.9545416888435
Uganda,Uganda,UG,,,Nebbi,,Okoro,,Paidha Tc,,Central,Africa/Kampala,UTC +3.0 ,2.41639946695081,30.9845454977549
Uganda,Uganda,UG,,,Nebbi,,Okoro,,Paidha Tc,,Dwonga,Africa/Kampala,UTC +3.0 ,2.41964622098926,30.9990589048397
Uganda,Uganda,UG,,,Nebbi,,Okoro,,Paidha Tc,,Omua,Africa/Kampala,UTC +3.0 ,2.43180247623148,30.9818627844907
Uganda,Uganda,UG,,,Nebbi,,Okoro,,Paidha Tc,,Oturgang,Africa/Kampala,UTC +3.0 ,2.41366815990727,30.9711073883147
Uganda,Uganda,UG,,,Nebbi,,Okoro,,Zeu,,Abanga,Africa/Kampala,UTC +3.0 ,2.47934102686655,30.8318850606913
Uganda,Uganda,UG,,,Nebbi,,Okoro,,Zeu,,Ayaka,Africa/Kampala,UTC +3.0 ,2.45159219005452,30.8182671688301
Uganda,Uganda,UG,,,Nebbi,,Okoro,,Zeu,,Jupamatho,Africa/Kampala,UTC +3.0 ,2.46065476728002,30.7806250110853
Uganda,Uganda,UG,,,Nebbi,,Okoro,,Zeu,,Lendu,Africa/Kampala,UTC +3.0 ,2.49698170994726,30.766983226208
Uganda,Uganda,UG,,,Nebbi,,Okoro,,Zeu,,Omoyo,Africa/Kampala,UTC +3.0 ,2.54310841052371,30.8150337772366
Uganda,Uganda,UG,,,Nebbi,,Okoro,,Zeu,,Pagei,Africa/Kampala,UTC +3.0 ,2.54665415870415,30.8531836634606
Uganda,Uganda,UG,,,Nebbi,,Okoro,,Zeu,,Papoga,Africa/Kampala,UTC +3.0 ,2.51349658788922,30.827851825504
Uganda,Uganda,UG,,,Nebbi,,Padyere,,Akworo,,Kasatu,Africa/Kampala,UTC +3.0 ,2.24430968714112,31.2324459425711
Uganda,Uganda,UG,,,Nebbi,,Padyere,,Akworo,,Kituna,Africa/Kampala,UTC +3.0 ,2.3051919022758,31.237539529911
Uganda,Uganda,UG,,,Nebbi,,Padyere,,Akworo,,Murusi,Africa/Kampala,UTC +3.0 ,2.22073797280733,31.2303114427957
Uganda,Uganda,UG,,,Nebbi,,Padyere,,Akworo,,Rero,Africa/Kampala,UTC +3.0 ,2.27581754231817,31.2542406680439
Uganda,Uganda,UG,,,Nebbi,,Padyere,,Erussi,,Abar,Africa/Kampala,UTC +3.0 ,2.37936964114902,31.1049306711361
Uganda,Uganda,UG,,,Nebbi,,Padyere,,Erussi,,Abongo,Africa/Kampala,UTC +3.0 ,2.2909540962001,31.1315968949335
Uganda,Uganda,UG,,,Nebbi,,Padyere,,Erussi,,Oweko,Africa/Kampala,UTC +3.0 ,2.42005085298916,31.0956780264357
Uganda,Uganda,UG,,,Nebbi,,Padyere,,Erussi,,Pacaka,Africa/Kampala,UTC +3.0 ,2.38088204193676,31.0657753932746
Uganda,Uganda,UG,,,Nebbi,,Padyere,,Erussi,,Padolo,Africa/Kampala,UTC +3.0 ,2.3306172599985,31.0928592293372
Uganda,Uganda,UG,,,Nebbi,,Padyere,,Erussi,,Pajur,Africa/Kampala,UTC +3.0 ,2.30408036845241,31.1067228083589
Uganda,Uganda,UG,,,Nebbi,,Padyere,,Erussi,,Payera,Africa/Kampala,UTC +3.0 ,2.35237629923873,31.1390378497073
Uganda,Uganda,UG,,,Nebbi,,Padyere,,Kucwiny,,Olago,Africa/Kampala,UTC +3.0 ,2.48086104003422,31.2292676191265
Uganda,Uganda,UG,,,Nebbi,,Padyere,,Kucwiny,,Ramogi,Africa/Kampala,UTC +3.0 ,2.57412869807132,31.2613334128745
Uganda,Uganda,UG,,,Nebbi,,Padyere,,Kucwiny,,Vurr,Africa/Kampala,UTC +3.0 ,2.54306319941972,31.1906746176538
Uganda,Uganda,UG,,,Nebbi,,Padyere,,Nebbi,,Jupangira-Pawong,Africa/Kampala,UTC +3.0 ,2.40895307014923,31.04104246029
Uganda,Uganda,UG,,,Nebbi,,Padyere,,Nebbi,,Jupangira-Pawong,Africa/Kampala,UTC +3.0 ,2.44890165008762,31.0655304786365
Uganda,Uganda,UG,,,Nebbi,,Padyere,,Nebbi,,Kalowang,Africa/Kampala,UTC +3.0 ,2.53720161737838,31.0542094802226
Uganda,Uganda,UG,,,Nebbi,,Padyere,,Nebbi,,Koch,Africa/Kampala,UTC +3.0 ,2.53566245462935,31.1417317868175
Uganda,Uganda,UG,,,Nebbi,,Padyere,,Nebbi Tc,,Abindu,Africa/Kampala,UTC +3.0 ,2.44997563030788,31.0987256216213
Uganda,Uganda,UG,,,Nebbi,,Padyere,,Nebbi Tc,,Central,Africa/Kampala,UTC +3.0 ,2.4819284172644,31.0870153559962
Uganda,Uganda,UG,,,Nebbi,,Padyere,,Nebbi Tc,,Forest Zone,Africa/Kampala,UTC +3.0 ,2.49185450744205,31.0895319164199
Uganda,Uganda,UG,,,Nebbi,,Padyere,,Nebbi Tc,,Jukia,Africa/Kampala,UTC +3.0 ,2.47479637499796,31.072303270564
Uganda,Uganda,UG,,,Nebbi,,Padyere,,Nebbi Tc,,Namrwodho,Africa/Kampala,UTC +3.0 ,2.48500608891702,31.1149819457715
Uganda,Uganda,UG,,,Nebbi,,Padyere,,Nebbi Tc,,Namthin,Africa/Kampala,UTC +3.0 ,2.4808573904311,31.0657282703702
Uganda,Uganda,UG,,,Nebbi,,Padyere,,Nebbi Tc,,Nebbi Hill Ward,Africa/Kampala,UTC +3.0 ,2.48448108236629,31.1034192745627
Uganda,Uganda,UG,,,Nebbi,,Padyere,,Nebbi Tc,,Nyacara,Africa/Kampala,UTC +3.0 ,2.47013921528314,31.0923218942335
Uganda,Uganda,UG,,,Nebbi,,Padyere,,Nebbi Tc,,Thatha,Africa/Kampala,UTC +3.0 ,2.50977579490617,31.0937584184283
Uganda,Uganda,UG,,,Nebbi,,Padyere,,Nyaravur,,Mbaro,Africa/Kampala,UTC +3.0 ,2.43655532390604,31.2290515852618
Uganda,Uganda,UG,,,Nebbi,,Padyere,,Nyaravur,,Owaro,Africa/Kampala,UTC +3.0 ,2.39849365488504,31.2268395340149
Uganda,Uganda,UG,,,Nebbi,,Padyere,,Nyaravur,,Paminya,Africa/Kampala,UTC +3.0 ,2.44494346465966,31.1365606952329
Uganda,Uganda,UG,,,Nebbi,,Padyere,,Nyaravur,,Pamora,Africa/Kampala,UTC +3.0 ,2.4041317765265,31.1713803465819
Uganda,Uganda,UG,,,Nebbi,,Padyere,,Parombo,,Ossi,Africa/Kampala,UTC +3.0 ,2.36011563125795,31.247443207064
Uganda,Uganda,UG,,,Nebbi,,Padyere,,Parombo,,Padel,Africa/Kampala,UTC +3.0 ,2.35099561394475,31.1818481063117
Uganda,Uganda,UG,,,Nebbi,,Padyere,,Parombo,,Pagwata,Africa/Kampala,UTC +3.0 ,2.32879581292727,31.1589613350422
Uganda,Uganda,UG,,,Nebbi,,Padyere,,Parombo,,Pangere,Africa/Kampala,UTC +3.0 ,2.29063102072,31.1643862353198
Uganda,Uganda,UG,,,Nebbi,,Padyere,,Parombo,,Parwo,Africa/Kampala,UTC +3.0 ,2.3073646172873,31.1975520771074
Uganda,Uganda,UG,,,Nebbi,,Padyere,,Parombo,,Pulum,Africa/Kampala,UTC +3.0 ,2.31486374819378,31.1735631875625
Uganda,Uganda,UG,,,Ntungamo,,Kajara,,Bwongyera,,Iterero,Africa/Kampala,UTC +3.0 ,-0.818505735119551,30.0650748476966
Uganda,Uganda,UG,,,Ntungamo,,Kajara,,Bwongyera,,Kakiika,Africa/Kampala,UTC +3.0 ,-0.830078275067927,30.1177527732228
Uganda,Uganda,UG,,,Ntungamo,,Kajara,,Bwongyera,,Katomi,Africa/Kampala,UTC +3.0 ,-0.816617912765744,30.0927424835159
Uganda,Uganda,UG,,,Ntungamo,,Kajara,,Bwongyera,,Kitojo,Africa/Kampala,UTC +3.0 ,-0.780711594319133,30.0734908821947
Uganda,Uganda,UG,,,Ntungamo,,Kajara,,Bwongyera,,Kyabashenyi,Africa/Kampala,UTC +3.0 ,-0.855351241652775,30.0632963017274
Uganda,Uganda,UG,,,Ntungamo,,Kajara,,Bwongyera,,Kyaruhanga / Kyaruhungu,Africa/Kampala,UTC +3.0 ,-0.855778086046372,30.0868300061891
Uganda,Uganda,UG,,,Ntungamo,,Kajara,,Bwongyera,,Nyabubare,Africa/Kampala,UTC +3.0 ,-0.803050533759486,30.1138425985501
Uganda,Uganda,UG,,,Ntungamo,,Kajara,,Bwongyera,,Rwanda,Africa/Kampala,UTC +3.0 ,-0.774370480346193,30.0980486385326
Uganda,Uganda,UG,,,Ntungamo,,Kajara,,Ihunga,,Butanda,Africa/Kampala,UTC +3.0 ,-0.840241170302925,30.2046655907653
Uganda,Uganda,UG,,,Ntungamo,,Kajara,,Ihunga,,Kagamba,Africa/Kampala,UTC +3.0 ,-0.816955539414157,30.150476808614
Uganda,Uganda,UG,,,Ntungamo,,Kajara,,Ihunga,,Kitondo,Africa/Kampala,UTC +3.0 ,-0.7944496022572,30.1646844956764
Uganda,Uganda,UG,,,Ntungamo,,Kajara,,Ihunga,,Nyakibigi,Africa/Kampala,UTC +3.0 ,-0.785995097187876,30.2060673275266
Uganda,Uganda,UG,,,Ntungamo,,Kajara,,Ihunga,,Rutunguru,Africa/Kampala,UTC +3.0 ,-0.826455606441335,30.1783339812547
Uganda,Uganda,UG,,,Ntungamo,,Kajara,,Kibatsi,,Ibaare,Africa/Kampala,UTC +3.0 ,-0.755897651468362,30.175231073244
Uganda,Uganda,UG,,,Ntungamo,,Kajara,,Kibatsi,,Kibaruko,Africa/Kampala,UTC +3.0 ,-0.75047087793532,30.1489542842149
Uganda,Uganda,UG,,,Ntungamo,,Kajara,,Kibatsi,,Nyamugoye,Africa/Kampala,UTC +3.0 ,-0.771932994128648,30.1234846780839
Uganda,Uganda,UG,,,Ntungamo,,Kajara,,Kibatsi,,Rukarango,Africa/Kampala,UTC +3.0 ,-0.77946199732096,30.1880118309155
Uganda,Uganda,UG,,,Ntungamo,,Kajara,,Kibatsi,,Rukoni,Africa/Kampala,UTC +3.0 ,-0.78672506430223,30.1353593370389
Uganda,Uganda,UG,,,Ntungamo,,Kajara,,Nyabihoko,,Kinoni,Africa/Kampala,UTC +3.0 ,-0.8644776426122,30.1832722793798
Uganda,Uganda,UG,,,Ntungamo,,Kajara,,Nyabihoko,,Kiyaga,Africa/Kampala,UTC +3.0 ,-0.876344784290545,30.1625880032576
Uganda,Uganda,UG,,,Ntungamo,,Kajara,,Nyabihoko,,Nkongoro,Africa/Kampala,UTC +3.0 ,-0.882292573820876,30.1329596424297
Uganda,Uganda,UG,,,Ntungamo,,Kajara,,Nyabihoko,,Nyabushenyi,Africa/Kampala,UTC +3.0 ,-0.89900802331151,30.1935929788551
Uganda,Uganda,UG,,,Ntungamo,,Kajara,,Nyabihoko,,Rukanga,Africa/Kampala,UTC +3.0 ,-0.867918137650726,30.1093715780541
Uganda,Uganda,UG,,,Ntungamo,,Kajara,,Nyabihoko,,Rwashamaire,Africa/Kampala,UTC +3.0 ,-0.840377306891357,30.1376782041063
Uganda,Uganda,UG,,,Ntungamo,,Ruhaama,,Itojo,,Buhanama,Africa/Kampala,UTC +3.0 ,-0.744452223225405,30.3001488410721
Uganda,Uganda,UG,,,Ntungamo,,Ruhaama,,Itojo,,Itojo,Africa/Kampala,UTC +3.0 ,-0.80569952605179,30.3076569152658
Uganda,Uganda,UG,,,Ntungamo,,Ruhaama,,Itojo,,Nyongozi,Africa/Kampala,UTC +3.0 ,-0.792337410535531,30.3424622237303
Uganda,Uganda,UG,,,Ntungamo,,Ruhaama,,Itojo,,Ruhunga,Africa/Kampala,UTC +3.0 ,-0.773310781608874,30.2565110477508
Uganda,Uganda,UG,,,Ntungamo,,Ruhaama,,Ntungamo,,Butare,Africa/Kampala,UTC +3.0 ,-0.794256940253492,30.2332723958908
Uganda,Uganda,UG,,,Ntungamo,,Ruhaama,,Ntungamo,,Kahunga,Africa/Kampala,UTC +3.0 ,-0.828569117523161,30.2614791204649
Uganda,Uganda,UG,,,Ntungamo,,Ruhaama,,Ntungamo,,Kikoni,Africa/Kampala,UTC +3.0 ,-0.897900224281456,30.2309913437772
Uganda,Uganda,UG,,,Ntungamo,,Ruhaama,,Ntungamo,,Nyaburiza,Africa/Kampala,UTC +3.0 ,-0.930082439738791,30.2738029592119
Uganda,Uganda,UG,,,Ntungamo,,Ruhaama,,Ntungamo,,Nyarubare,Africa/Kampala,UTC +3.0 ,-0.844767481892182,30.2264618895039
Uganda,Uganda,UG,,,Ntungamo,,Ruhaama,,Ntungamo,,Ruhoko,Africa/Kampala,UTC +3.0 ,-0.885919686052629,30.3209678578785
Uganda,Uganda,UG,,,Ntungamo,,Ruhaama,,Ntungamo Tc,,Central,Africa/Kampala,UTC +3.0 ,-0.872115249771716,30.261108424973
Uganda,Uganda,UG,,,Ntungamo,,Ruhaama,,Ntungamo Tc,,Kahunga Ward,Africa/Kampala,UTC +3.0 ,-0.848361913838547,30.2629178591764
Uganda,Uganda,UG,,,Ntungamo,,Ruhaama,,Ntungamo Tc,,Kikoni,Africa/Kampala,UTC +3.0 ,-0.88410789350988,30.2508283084273
Uganda,Uganda,UG,,,Ntungamo,,Ruhaama,,Ntungamo Tc,,Kyamate Ward,Africa/Kampala,UTC +3.0 ,-0.880808587227697,30.2817199432319
Uganda,Uganda,UG,,,Ntungamo,,Ruhaama,,Ntungamo Tc,,Muko,Africa/Kampala,UTC +3.0 ,-0.865227231125764,30.2642973593793
Uganda,Uganda,UG,,,Ntungamo,,Ruhaama,,Ntungamo Tc,,Park,Africa/Kampala,UTC +3.0 ,-0.864258368840111,30.2696688053533
Uganda,Uganda,UG,,,Ntungamo,,Ruhaama,,Nyakyera,,Kagorora,Africa/Kampala,UTC +3.0 ,-0.906804039190849,30.4022871975436
Uganda,Uganda,UG,,,Ntungamo,,Ruhaama,,Nyakyera,,Kataraaka,Africa/Kampala,UTC +3.0 ,-0.861564854113759,30.3627941131598
Uganda,Uganda,UG,,,Ntungamo,,Ruhaama,,Nyakyera,,Kibingo,Africa/Kampala,UTC +3.0 ,-0.908874614016169,30.4287451327851
Uganda,Uganda,UG,,,Ntungamo,,Ruhaama,,Nyakyera,,Kiyoora,Africa/Kampala,UTC +3.0 ,-0.842075083257756,30.3241241219363
Uganda,Uganda,UG,,,Ntungamo,,Ruhaama,,Nyakyera,,Kiziba,Africa/Kampala,UTC +3.0 ,-0.86170765867163,30.4531078455911
Uganda,Uganda,UG,,,Ntungamo,,Ruhaama,,Nyakyera,,Ngoma,Africa/Kampala,UTC +3.0 ,-0.916460451583868,30.3511057188375
Uganda,Uganda,UG,,,Ntungamo,,Ruhaama,,Nyakyera,,Ngomba,Africa/Kampala,UTC +3.0 ,-0.84607610377248,30.4003046195156
Uganda,Uganda,UG,,,Ntungamo,,Ruhaama,,Ruhaama,,Kafunjo,Africa/Kampala,UTC +3.0 ,-1.02984175651089,30.4353545166993
Uganda,Uganda,UG,,,Ntungamo,,Ruhaama,,Ruhaama,,Katojo,Africa/Kampala,UTC +3.0 ,-0.957652944423636,30.3374691137081
Uganda,Uganda,UG,,,Ntungamo,,Ruhaama,,Ruhaama,,Kishami,Africa/Kampala,UTC +3.0 ,-0.950619264421802,30.3881456934117
Uganda,Uganda,UG,,,Ntungamo,,Ruhaama,,Ruhaama,,Ruhaama,Africa/Kampala,UTC +3.0 ,-0.978695904704888,30.3643336737025
Uganda,Uganda,UG,,,Ntungamo,,Ruhaama,,Ruhaama,,Rwamwire,Africa/Kampala,UTC +3.0 ,-0.996758197676911,30.3894515120121
Uganda,Uganda,UG,,,Ntungamo,,Ruhaama,,Ruhaama,,Rwengoma,Africa/Kampala,UTC +3.0 ,-0.982217077970159,30.3247680000137
Uganda,Uganda,UG,,,Ntungamo,,Ruhaama,,Rukoni,,Kihanga,Africa/Kampala,UTC +3.0 ,-0.894363576538015,30.5436041712169
Uganda,Uganda,UG,,,Ntungamo,,Ruhaama,,Rukoni,,Kyamwasha,Africa/Kampala,UTC +3.0 ,-0.921853734879991,30.5086686341271
Uganda,Uganda,UG,,,Ntungamo,,Ruhaama,,Rukoni,,Nshenyi,Africa/Kampala,UTC +3.0 ,-0.994546793837745,30.4599767051984
Uganda,Uganda,UG,,,Ntungamo,,Ruhaama,,Rukoni,,Nyakabaare,Africa/Kampala,UTC +3.0 ,-0.948014343199397,30.443798454164
Uganda,Uganda,UG,,,Ntungamo,,Ruhaama,,Rukoni,,Rukoni,Africa/Kampala,UTC +3.0 ,-0.922808070297947,30.472626408585
Uganda,Uganda,UG,,,Ntungamo,,Ruhaama,,Rukoni,,Rwoho,Africa/Kampala,UTC +3.0 ,-0.85187147148811,30.5186524196841
Uganda,Uganda,UG,,,Ntungamo,,Ruhaama,,Rukoni,,Rwoho Fr,Africa/Kampala,UTC +3.0 ,-0.855214960260597,30.5853045463553
Uganda,Uganda,UG,,,Ntungamo,,Ruhaama,,Rweikiniro,,Kabungo,Africa/Kampala,UTC +3.0 ,-0.961040274148067,30.2341361917554
Uganda,Uganda,UG,,,Ntungamo,,Ruhaama,,Rweikiniro,,Kayenje,Africa/Kampala,UTC +3.0 ,-1.02461048678457,30.3201873570787
Uganda,Uganda,UG,,,Ntungamo,,Ruhaama,,Rweikiniro,,Kitashekwa,Africa/Kampala,UTC +3.0 ,-0.964860252223377,30.2911744812459
Uganda,Uganda,UG,,,Ntungamo,,Ruhaama,,Rweikiniro,,Murambi,Africa/Kampala,UTC +3.0 ,-1.03456580691771,30.3793278921072
Uganda,Uganda,UG,,,Ntungamo,,Ruhaama,,Rweikiniro,,Rushebeya,Africa/Kampala,UTC +3.0 ,-1.00131659364556,30.2827952474555
Uganda,Uganda,UG,,,Ntungamo,,Rushenyi,,Kayonza,,Kabasheshe,Africa/Kampala,UTC +3.0 ,-1.08015262367211,30.1229463864274
Uganda,Uganda,UG,,,Ntungamo,,Rushenyi,,Kayonza,,Kaina,Africa/Kampala,UTC +3.0 ,-1.08394814412405,30.1549096140869
Uganda,Uganda,UG,,,Ntungamo,,Rushenyi,,Kayonza,,Katooma,Africa/Kampala,UTC +3.0 ,-1.1399052360417,30.1270188868672
Uganda,Uganda,UG,,,Ntungamo,,Rushenyi,,Kayonza,,Kijubwe,Africa/Kampala,UTC +3.0 ,-1.10405378655321,30.0932709742836
Uganda,Uganda,UG,,,Ntungamo,,Rushenyi,,Kayonza,,Kyobwe,Africa/Kampala,UTC +3.0 ,-1.13551490919733,30.1626742221111
Uganda,Uganda,UG,,,Ntungamo,,Rushenyi,,Kayonza,,Ruhega,Africa/Kampala,UTC +3.0 ,-1.1152880285595,30.119470563599
Uganda,Uganda,UG,,,Ntungamo,,Rushenyi,,Ngoma,,Kashenyi,Africa/Kampala,UTC +3.0 ,-1.08019080052742,30.3215752307783
Uganda,Uganda,UG,,,Ntungamo,,Rushenyi,,Ngoma,,Kiyanja,Africa/Kampala,UTC +3.0 ,-1.10761890501059,30.1986766956468
Uganda,Uganda,UG,,,Ntungamo,,Rushenyi,,Ngoma,,Kizinga,Africa/Kampala,UTC +3.0 ,-1.12810937970508,30.3110348728261
Uganda,Uganda,UG,,,Ntungamo,,Rushenyi,,Ngoma,,Mugyera,Africa/Kampala,UTC +3.0 ,-1.16422531131843,30.2121705089913
Uganda,Uganda,UG,,,Ntungamo,,Rushenyi,,Ngoma,,Mukoni,Africa/Kampala,UTC +3.0 ,-1.09892672111965,30.2418023742615
Uganda,Uganda,UG,,,Ntungamo,,Rushenyi,,Ngoma,,Nyakariro,Africa/Kampala,UTC +3.0 ,-1.05746744654084,30.2676594313516
Uganda,Uganda,UG,,,Ntungamo,,Rushenyi,,Ngoma,,Ruhara,Africa/Kampala,UTC +3.0 ,-1.14263494984778,30.2533775706019
Uganda,Uganda,UG,,,Ntungamo,,Rushenyi,,Rubaare,,Kagugu,Africa/Kampala,UTC +3.0 ,-0.940411002180706,30.1548748473099
Uganda,Uganda,UG,,,Ntungamo,,Rushenyi,,Rubaare,,Mutojo,Africa/Kampala,UTC +3.0 ,-1.00284156542668,30.1760583058672
Uganda,Uganda,UG,,,Ntungamo,,Rushenyi,,Rubaare,,Nyanga,Africa/Kampala,UTC +3.0 ,-0.981560701016638,30.1484192985997
Uganda,Uganda,UG,,,Ntungamo,,Rushenyi,,Rubaare,,Nyarwanya,Africa/Kampala,UTC +3.0 ,-1.01800708793227,30.1342461550857
Uganda,Uganda,UG,,,Ntungamo,,Rushenyi,,Rubaare,,Omungenyi,Africa/Kampala,UTC +3.0 ,-0.969681036822608,30.2023079196627
Uganda,Uganda,UG,,,Ntungamo,,Rushenyi,,Rubaare,,Rukiri,Africa/Kampala,UTC +3.0 ,-1.04208163012079,30.1995257806913
Uganda,Uganda,UG,,,Ntungamo,,Rushenyi,,Rugarama,,Kagongi,Africa/Kampala,UTC +3.0 ,-1.00072265574284,30.0942199400978
Uganda,Uganda,UG,,,Ntungamo,,Rushenyi,,Rugarama,,Kakanena,Africa/Kampala,UTC +3.0 ,-0.94787969236925,30.1059594194067
Uganda,Uganda,UG,,,Ntungamo,,Rushenyi,,Rugarama,,Katungamo,Africa/Kampala,UTC +3.0 ,-1.06213697873715,30.1039622909486
Uganda,Uganda,UG,,,Ntungamo,,Rushenyi,,Rugarama,,Kyafoora,Africa/Kampala,UTC +3.0 ,-0.909665823674778,30.0727729544573
Uganda,Uganda,UG,,,Ntungamo,,Rushenyi,,Rugarama,,Ngomba,Africa/Kampala,UTC +3.0 ,-1.03569538615475,30.061402506269
Uganda,Uganda,UG,,,Ntungamo,,Rushenyi,,Rugarama,,Nyakabungo,Africa/Kampala,UTC +3.0 ,-1.04615414541024,30.0886035207442
Uganda,Uganda,UG,,,Pader,,Agago,,Adilang,,Labwa,Africa/Kampala,UTC +3.0 ,2.66222676546428,33.4796133785838
Uganda,Uganda,UG,,,Pader,,Agago,,Adilang,,Lalal,Africa/Kampala,UTC +3.0 ,2.76992178870998,33.5194290677938
Uganda,Uganda,UG,,,Pader,,Agago,,Adilang,,Ngekidi,Africa/Kampala,UTC +3.0 ,2.7659259455521,33.4035312106374
Uganda,Uganda,UG,,,Pader,,Agago,,Adilang,,Orina,Africa/Kampala,UTC +3.0 ,2.72896327771789,33.4304362346348
Uganda,Uganda,UG,,,Pader,,Agago,,Lapono,,Amyel,Africa/Kampala,UTC +3.0 ,2.94742490166162,33.4421746662489
Uganda,Uganda,UG,,,Pader,,Agago,,Lapono,,Hunting Area,Africa/Kampala,UTC +3.0 ,2.91845796748462,33.537382657544
Uganda,Uganda,UG,,,Pader,,Agago,,Lapono,,Kaket,Africa/Kampala,UTC +3.0 ,3.00680076341564,33.4507112759381
Uganda,Uganda,UG,,,Pader,,Agago,,Lapono,,Lapono Omuk,Africa/Kampala,UTC +3.0 ,2.85689457110259,33.4545973361948
Uganda,Uganda,UG,,,Pader,,Agago,,Lapono,,Lirakato,Africa/Kampala,UTC +3.0 ,2.8662657267741,33.4889688302409
Uganda,Uganda,UG,,,Pader,,Agago,,Lira Palwo,,Agengo,Africa/Kampala,UTC +3.0 ,2.89023857903562,33.2027161210236
Uganda,Uganda,UG,,,Pader,,Agago,,Lira Palwo,,Lanyirinyigi,Africa/Kampala,UTC +3.0 ,2.7599797054189,33.1894681569829
Uganda,Uganda,UG,,,Pader,,Agago,,Lira Palwo,,Lotome,Africa/Kampala,UTC +3.0 ,2.81452187290301,33.2209227699844
Uganda,Uganda,UG,,,Pader,,Agago,,Lira Palwo,,Omungo,Africa/Kampala,UTC +3.0 ,2.77863310005274,33.148481911645
Uganda,Uganda,UG,,,Pader,,Agago,,Lira Palwo,,Otaka,Africa/Kampala,UTC +3.0 ,2.75969873974049,33.0620516336197
Uganda,Uganda,UG,,,Pader,,Agago,,Lira Palwo,,Paicam,Africa/Kampala,UTC +3.0 ,2.80486148383875,33.118171060427
Uganda,Uganda,UG,,,Pader,,Agago,,Lukole,,Ajali,Africa/Kampala,UTC +3.0 ,2.82233262019693,33.3704304770793
Uganda,Uganda,UG,,,Pader,,Agago,,Lukole,,Kiteny,Africa/Kampala,UTC +3.0 ,2.79745154455302,33.317031327159
Uganda,Uganda,UG,,,Pader,,Agago,,Lukole,,Kiteny,Africa/Kampala,UTC +3.0 ,2.88996119742477,33.2817314830071
Uganda,Uganda,UG,,,Pader,,Agago,,Lukole,,Ngudi,Africa/Kampala,UTC +3.0 ,2.89421523918538,33.3599094697668
Uganda,Uganda,UG,,,Pader,,Agago,,Omot,,Achol - Pii,Africa/Kampala,UTC +3.0 ,2.6699112743376,33.115158464126
Uganda,Uganda,UG,,,Pader,,Agago,,Omot,,Agelec,Africa/Kampala,UTC +3.0 ,2.68504739780294,33.1708466304636
Uganda,Uganda,UG,,,Pader,,Agago,,Omot,,Atece,Africa/Kampala,UTC +3.0 ,2.65919597390384,33.2176329894603
Uganda,Uganda,UG,,,Pader,,Agago,,Omot,,Tenge,Africa/Kampala,UTC +3.0 ,2.76080592231841,33.2401985647618
Uganda,Uganda,UG,,,Pader,,Agago,,Paimol,,Ha,Africa/Kampala,UTC +3.0 ,3.16939522706776,33.5196613962897
Uganda,Uganda,UG,,,Pader,,Agago,,Paimol,,Laita,Africa/Kampala,UTC +3.0 ,3.25888911755874,33.3943618997738
Uganda,Uganda,UG,,,Pader,,Agago,,Paimol,,Mutto,Africa/Kampala,UTC +3.0 ,3.15576599840824,33.4309038187496
Uganda,Uganda,UG,,,Pader,,Agago,,Paimol,,Omia Pachwa,Africa/Kampala,UTC +3.0 ,3.20801733947728,33.4042165441647
Uganda,Uganda,UG,,,Pader,,Agago,,Paimol,,Pacabol,Africa/Kampala,UTC +3.0 ,3.08858327025322,33.4438683507863
Uganda,Uganda,UG,,,Pader,,Agago,,Parabongo,,Pabala,Africa/Kampala,UTC +3.0 ,2.99007730607592,33.3741981736696
Uganda,Uganda,UG,,,Pader,,Agago,,Parabongo,,Pacer,Africa/Kampala,UTC +3.0 ,2.97592695442982,33.292311167811
Uganda,Uganda,UG,,,Pader,,Agago,,Parabongo,,Parumu,Africa/Kampala,UTC +3.0 ,3.10969082600171,33.35283885937
Uganda,Uganda,UG,,,Pader,,Agago,,Parabongo,,Town Board,Africa/Kampala,UTC +3.0 ,3.03701695499381,33.3696419812607
Uganda,Uganda,UG,,,Pader,,Agago,,Patongo,,Kal,Africa/Kampala,UTC +3.0 ,2.70312574524133,33.3015398033301
Uganda,Uganda,UG,,,Pader,,Agago,,Patongo,,Lakwa,Africa/Kampala,UTC +3.0 ,2.75521647595093,33.2786322985542
Uganda,Uganda,UG,,,Pader,,Agago,,Patongo,,Lukee,Africa/Kampala,UTC +3.0 ,2.63949803914503,33.2923976353623
Uganda,Uganda,UG,,,Pader,,Agago,,Patongo,,Lukwangole,Africa/Kampala,UTC +3.0 ,2.72256879785229,33.3513965483544
Uganda,Uganda,UG,,,Pader,,Agago,,Patongo,,Omato Wee,Africa/Kampala,UTC +3.0 ,2.63945285396165,33.3793209721598
Uganda,Uganda,UG,,,Pader,,Agago,,Wol,,Guda,Africa/Kampala,UTC +3.0 ,3.14779889227745,33.2521902255373
Uganda,Uganda,UG,,,Pader,,Agago,,Wol,,Kal-Agum,Africa/Kampala,UTC +3.0 ,3.09163645557944,33.2682998943869
Uganda,Uganda,UG,,,Pader,,Agago,,Wol,,Ogole,Africa/Kampala,UTC +3.0 ,3.0733667737139,33.1794983091503
Uganda,Uganda,UG,,,Pader,,Agago,,Wol,,Paluti,Africa/Kampala,UTC +3.0 ,3.02556514824853,33.2766276511955
Uganda,Uganda,UG,,,Pader,,Agago,,Wol,,Parabong Fr,Africa/Kampala,UTC +3.0 ,3.07960161055424,33.3344651542985
Uganda,Uganda,UG,,,Pader,,Agago,,Wol,,Rogo,Africa/Kampala,UTC +3.0 ,3.14349104480594,33.1733902585122
Uganda,Uganda,UG,,,Pader,,Aruu,,Acholibur,,Gem Central,Africa/Kampala,UTC +3.0 ,3.14994772900735,32.9231964217372
Uganda,Uganda,UG,,,Pader,,Aruu,,Acholibur,,Gemonyot,Africa/Kampala,UTC +3.0 ,3.1027394698678,32.865652642873
Uganda,Uganda,UG,,,Pader,,Aruu,,Acholibur,,Latigi,Africa/Kampala,UTC +3.0 ,3.08385570474301,32.9596989534651
Uganda,Uganda,UG,,,Pader,,Aruu,,Acholibur,,Ngekidi,Africa/Kampala,UTC +3.0 ,3.14541401161353,32.9924495282418
Uganda,Uganda,UG,,,Pader,,Aruu,,Atanga,,Kal,Africa/Kampala,UTC +3.0 ,2.99623157849344,32.725190586698
Uganda,Uganda,UG,,,Pader,,Aruu,,Atanga,,Ngoto,Africa/Kampala,UTC +3.0 ,2.90133090558374,32.739490667486
Uganda,Uganda,UG,,,Pader,,Aruu,,Atanga,,Pucota,Africa/Kampala,UTC +3.0 ,2.9005350864779,32.6635918061061
Uganda,Uganda,UG,,,Pader,,Aruu,,Atanga,,Pungole,Africa/Kampala,UTC +3.0 ,3.07155151385218,32.5919906989478
Uganda,Uganda,UG,,,Pader,,Aruu,,Awere,,Angole,Africa/Kampala,UTC +3.0 ,2.6728284568686,32.850645179707
Uganda,Uganda,UG,,,Pader,,Aruu,,Awere,,Bolo,Africa/Kampala,UTC +3.0 ,2.76344583793247,32.7605101492664
Uganda,Uganda,UG,,,Pader,,Aruu,,Awere,,Lagile,Africa/Kampala,UTC +3.0 ,2.73256095358287,32.8876193525581
Uganda,Uganda,UG,,,Pader,,Aruu,,Kilak,,Kilak,Africa/Kampala,UTC +3.0 ,2.79872971218948,32.9411042070208
Uganda,Uganda,UG,,,Pader,,Aruu,,Kilak,,Ogom,Africa/Kampala,UTC +3.0 ,2.9746249218875,33.1474545402801
Uganda,Uganda,UG,,,Pader,,Aruu,,Kilak,,Otong,Africa/Kampala,UTC +3.0 ,2.89831821943138,33.0367856041565
Uganda,Uganda,UG,,,Pader,,Aruu,,Kilak,,Pukor,Africa/Kampala,UTC +3.0 ,2.89794392917825,33.1428401270877
Uganda,Uganda,UG,,,Pader,,Aruu,,Laguti,,Lapyem,Africa/Kampala,UTC +3.0 ,3.13302445512541,32.7695502215697
Uganda,Uganda,UG,,,Pader,,Aruu,,Laguti,,Paibwor,Africa/Kampala,UTC +3.0 ,3.08771186823664,32.7042031464424
Uganda,Uganda,UG,,,Pader,,Aruu,,Laguti,,Pakeyo,Africa/Kampala,UTC +3.0 ,2.96937688750315,32.7987340683044
Uganda,Uganda,UG,,,Pader,,Aruu,,Lapul,,Ato,Africa/Kampala,UTC +3.0 ,3.00941127481946,32.8683835216052
Uganda,Uganda,UG,,,Pader,,Aruu,,Lapul,,Koyo,Africa/Kampala,UTC +3.0 ,2.86829359338302,32.8450618864632
Uganda,Uganda,UG,,,Pader,,Aruu,,Lapul,,Lukaci,Africa/Kampala,UTC +3.0 ,2.89051676698063,32.9323344639829
Uganda,Uganda,UG,,,Pader,,Aruu,,Lapul,,Ogole,Africa/Kampala,UTC +3.0 ,2.96539745100333,32.8864215219297
Uganda,Uganda,UG,,,Pader,,Aruu,,Pader T.C.,,Acoro,Africa/Kampala,UTC +3.0 ,2.89101934842031,33.0756844873182
Uganda,Uganda,UG,,,Pader,,Aruu,,Pader T.C.,,Lagwai/Paipe,Africa/Kampala,UTC +3.0 ,2.87238426510974,33.1020222944439
Uganda,Uganda,UG,,,Pader,,Aruu,,Pader T.C.,,Luna,Africa/Kampala,UTC +3.0 ,2.84519691559392,33.0801112416084
Uganda,Uganda,UG,,,Pader,,Aruu,,Pajule,,Ogago,Africa/Kampala,UTC +3.0 ,2.99430916776776,33.0806477281825
Uganda,Uganda,UG,,,Pader,,Aruu,,Pajule,,Oryang,Africa/Kampala,UTC +3.0 ,3.03057397688419,32.993993189298
Uganda,Uganda,UG,,,Pader,,Aruu,,Pajule,,Otok,Africa/Kampala,UTC +3.0 ,3.03102579978796,32.9482982931995
Uganda,Uganda,UG,,,Pader,,Aruu,,Pajule,,Paiula,Africa/Kampala,UTC +3.0 ,2.90497859894287,32.9914384941533
Uganda,Uganda,UG,,,Pader,,Aruu,,Pajule,,Palenga,Africa/Kampala,UTC +3.0 ,3.05590793294633,33.072574264628
Uganda,Uganda,UG,,,Pader,,Aruu,,Pajule,,Palwo,Africa/Kampala,UTC +3.0 ,2.97140137776987,32.9628635242016
Uganda,Uganda,UG,,,Pader,,Aruu,,Puranga,,Apwor,Africa/Kampala,UTC +3.0 ,2.63571789725117,32.9998936601994
Uganda,Uganda,UG,,,Pader,,Aruu,,Puranga,,Aringa,Africa/Kampala,UTC +3.0 ,2.65966562619958,32.9670549731671
Uganda,Uganda,UG,,,Pader,,Aruu,,Puranga,,Oret,Africa/Kampala,UTC +3.0 ,2.62197629981293,33.0491802730153
Uganda,Uganda,UG,,,Pader,,Aruu,,Puranga,,Parwech,Africa/Kampala,UTC +3.0 ,2.63742353453668,32.9176452444396
Uganda,Uganda,UG,,,Pallisa,,Budaka,,Budaka,,Budaka,Africa/Kampala,UTC +3.0 ,1.01901750184429,33.9264039646932
Uganda,Uganda,UG,,,Pallisa,,Budaka,,Budaka,,Chali,Africa/Kampala,UTC +3.0 ,1.01395210669351,33.9938662294104
Uganda,Uganda,UG,,,Pallisa,,Budaka,,Budaka,,Macholi,Africa/Kampala,UTC +3.0 ,1.03478352688912,33.9560425805082
Uganda,Uganda,UG,,,Pallisa,,Budaka,,Budaka,,Namengo,Africa/Kampala,UTC +3.0 ,1.00339489008584,33.9538172060453
Uganda,Uganda,UG,,,Pallisa,,Budaka,,Budaka,,Sapiri,Africa/Kampala,UTC +3.0 ,1.00323624813536,33.9772510122601
Uganda,Uganda,UG,,,Pallisa,,Budaka,,Iki-Iki,,Iki -Iki,Africa/Kampala,UTC +3.0 ,1.09836974594357,34.0030359423211
Uganda,Uganda,UG,,,Pallisa,,Budaka,,Iki-Iki,,Kadatumi,Africa/Kampala,UTC +3.0 ,1.1363290315215,34.0228045554104
Uganda,Uganda,UG,,,Pallisa,,Budaka,,Iki-Iki,,Kaitangole,Africa/Kampala,UTC +3.0 ,1.11858796055412,34.0139420342622
Uganda,Uganda,UG,,,Pallisa,,Budaka,,Iki-Iki,,Kakoli,Africa/Kampala,UTC +3.0 ,1.08173621867031,34.0349347333114
Uganda,Uganda,UG,,,Pallisa,,Budaka,,Iki-Iki,,Katira,Africa/Kampala,UTC +3.0 ,1.10558170395617,34.0401295919831
Uganda,Uganda,UG,,,Pallisa,,Budaka,,Iki-Iki,,Kerekerene,Africa/Kampala,UTC +3.0 ,1.13908496225488,34.0426682626634
Uganda,Uganda,UG,,,Pallisa,,Budaka,,Iki-Iki,,Petete,Africa/Kampala,UTC +3.0 ,1.10892812207637,33.9803197150302
Uganda,Uganda,UG,,,Pallisa,,Budaka,,Kaderuna,,Kabuna,Africa/Kampala,UTC +3.0 ,1.06412996662648,33.951892861636
Uganda,Uganda,UG,,,Pallisa,,Budaka,,Kaderuna,,Kachomo,Africa/Kampala,UTC +3.0 ,1.11999752588084,33.9376731807381
Uganda,Uganda,UG,,,Pallisa,,Budaka,,Kaderuna,,Kadenge,Africa/Kampala,UTC +3.0 ,1.10247135081222,33.9579093879726
Uganda,Uganda,UG,,,Pallisa,,Budaka,,Kaderuna,,Kaderuna,Africa/Kampala,UTC +3.0 ,1.0828615149318,33.9408190130731
Uganda,Uganda,UG,,,Pallisa,,Budaka,,Kaderuna,,Kiryolo,Africa/Kampala,UTC +3.0 ,1.08415290377886,33.9191699344267
Uganda,Uganda,UG,,,Pallisa,,Budaka,,Kaderuna,,Kodiri,Africa/Kampala,UTC +3.0 ,1.15635500638997,33.9415346187337
Uganda,Uganda,UG,,,Pallisa,,Budaka,,Kaderuna,,Kotinyanga,Africa/Kampala,UTC +3.0 ,1.13580059388008,33.9527021450605
Uganda,Uganda,UG,,,Pallisa,,Budaka,,Kameruka,,Bupuchai,Africa/Kampala,UTC +3.0 ,1.13902988808713,33.974078651427
Uganda,Uganda,UG,,,Pallisa,,Budaka,,Kameruka,,Kameruka,Africa/Kampala,UTC +3.0 ,1.15353259464924,33.9915121803503
Uganda,Uganda,UG,,,Pallisa,,Budaka,,Kameruka,,Lerya,Africa/Kampala,UTC +3.0 ,1.17591383846574,33.9744685828607
Uganda,Uganda,UG,,,Pallisa,,Budaka,,Kamonkoli,,Jami,Africa/Kampala,UTC +3.0 ,1.05876840288064,34.0751961672712
Uganda,Uganda,UG,,,Pallisa,,Budaka,,Kamonkoli,,Kadimukoli,Africa/Kampala,UTC +3.0 ,1.11438896090644,34.0609659357209
Uganda,Uganda,UG,,,Pallisa,,Budaka,,Kamonkoli,,Kamonkoli,Africa/Kampala,UTC +3.0 ,1.08445474986649,34.0948773073937
Uganda,Uganda,UG,,,Pallisa,,Budaka,,Kamonkoli,,Mugiti,Africa/Kampala,UTC +3.0 ,1.11853757666634,34.0923628214641
Uganda,Uganda,UG,,,Pallisa,,Budaka,,Kamonkoli,,Nyanza,Africa/Kampala,UTC +3.0 ,1.08901504609635,34.1106534772143
Uganda,Uganda,UG,,,Pallisa,,Budaka,,Kamonkoli,,Sekulo,Africa/Kampala,UTC +3.0 ,1.08935728595351,34.067708439397
Uganda,Uganda,UG,,,Pallisa,,Budaka,,Lyama,,Lyama,Africa/Kampala,UTC +3.0 ,0.963737898685487,33.9155007176806
Uganda,Uganda,UG,,,Pallisa,,Budaka,,Lyama,,Nansanga,Africa/Kampala,UTC +3.0 ,0.982210084138349,33.890675940794
Uganda,Uganda,UG,,,Pallisa,,Budaka,,Lyama,,Tademeri,Africa/Kampala,UTC +3.0 ,0.975199287457588,33.9641000216686
Uganda,Uganda,UG,,,Pallisa,,Budaka,,Naboa,,Kakule,Africa/Kampala,UTC +3.0 ,1.07315062599814,34.0082956418989
Uganda,Uganda,UG,,,Pallisa,,Budaka,,Naboa,,Lupada,Africa/Kampala,UTC +3.0 ,1.05211918936142,34.0186531485793
Uganda,Uganda,UG,,,Pallisa,,Budaka,,Naboa,,Naboa,Africa/Kampala,UTC +3.0 ,1.02966447470114,34.0255134030647
Uganda,Uganda,UG,,,Pallisa,,Budaka,,Naboa,,Namusita,Africa/Kampala,UTC +3.0 ,1.06715783953795,33.9784469008511
Uganda,Uganda,UG,,,Pallisa,,Butebo,,Butebo,,Butebo,Africa/Kampala,UTC +3.0 ,1.20723430627798,33.8819065661607
Uganda,Uganda,UG,,,Pallisa,,Butebo,,Butebo,,Kabelai,Africa/Kampala,UTC +3.0 ,1.20057040712451,33.9552326097343
Uganda,Uganda,UG,,,Pallisa,,Butebo,,Butebo,,Kanyum,Africa/Kampala,UTC +3.0 ,1.24465027367262,33.8953606223404
Uganda,Uganda,UG,,,Pallisa,,Butebo,,Butebo,,Kasiebai,Africa/Kampala,UTC +3.0 ,1.22092317768969,33.9279898127549
Uganda,Uganda,UG,,,Pallisa,,Butebo,,Kabwangasi,,Kabwangasi,Africa/Kampala,UTC +3.0 ,1.13954315145168,34.1169310387301
Uganda,Uganda,UG,,,Pallisa,,Butebo,,Kabwangasi,,Kachuru,Africa/Kampala,UTC +3.0 ,1.1703476115728,34.1104939604525
Uganda,Uganda,UG,,,Pallisa,,Butebo,,Kabwangasi,,Maizimasa,Africa/Kampala,UTC +3.0 ,1.16726719081493,34.0820575585959
Uganda,Uganda,UG,,,Pallisa,,Butebo,,Kabwangasi,,Nasenyi,Africa/Kampala,UTC +3.0 ,1.10759092412549,34.1247572671947
Uganda,Uganda,UG,,,Pallisa,,Butebo,,Kabwangasi,,Putti,Africa/Kampala,UTC +3.0 ,1.14146783908233,34.0815001332023
Uganda,Uganda,UG,,,Pallisa,,Butebo,,Kakoro,,Kadokolen,Africa/Kampala,UTC +3.0 ,1.16626097985858,34.0124223243228
Uganda,Uganda,UG,,,Pallisa,,Butebo,,Kakoro,,Kaitisya,Africa/Kampala,UTC +3.0 ,1.16648782768152,34.0356352877825
Uganda,Uganda,UG,,,Pallisa,,Butebo,,Kakoro,,Kakoro,Africa/Kampala,UTC +3.0 ,1.1787637020207,34.055696307296
Uganda,Uganda,UG,,,Pallisa,,Butebo,,Kakoro,,Kanginima,Africa/Kampala,UTC +3.0 ,1.19361931356135,33.9962429358866
Uganda,Uganda,UG,,,Pallisa,,Butebo,,Kakoro,,Kasajja,Africa/Kampala,UTC +3.0 ,1.18447966909959,34.0219450169619
Uganda,Uganda,UG,,,Pallisa,,Butebo,,Kakoro,,Kitoikawononi,Africa/Kampala,UTC +3.0 ,1.21686504719512,33.9740859973473
Uganda,Uganda,UG,,,Pallisa,,Butebo,,Kakoro,,Tekwana,Africa/Kampala,UTC +3.0 ,1.20101699369286,34.0296186626066
Uganda,Uganda,UG,,,Pallisa,,Butebo,,Kibale,,Kadesok,Africa/Kampala,UTC +3.0 ,1.24572253539077,33.8615090360188
Uganda,Uganda,UG,,,Pallisa,,Butebo,,Kibale,,Kapuwai,Africa/Kampala,UTC +3.0 ,1.26630379253274,33.8222916207458
Uganda,Uganda,UG,,,Pallisa,,Butebo,,Kibale,,Kibale,Africa/Kampala,UTC +3.0 ,1.21882446838687,33.7531974430792
Uganda,Uganda,UG,,,Pallisa,,Butebo,,Kibale,,Omukulai,Africa/Kampala,UTC +3.0 ,1.231421308797,33.7870733576568
Uganda,Uganda,UG,,,Pallisa,,Butebo,,Kibale,,Opogono,Africa/Kampala,UTC +3.0 ,1.20116462505581,33.7857856566982
Uganda,Uganda,UG,,,Pallisa,,Butebo,,Kibale,,Opwateta,Africa/Kampala,UTC +3.0 ,1.25247410727616,33.8379358330711
Uganda,Uganda,UG,,,Pallisa,,Butebo,,Petete,,Kachabali,Africa/Kampala,UTC +3.0 ,1.16758623888795,33.8737223535479
Uganda,Uganda,UG,,,Pallisa,,Butebo,,Petete,,Kachocha,Africa/Kampala,UTC +3.0 ,1.17400122431034,33.9102942820342
Uganda,Uganda,UG,,,Pallisa,,Butebo,,Petete,,Kapunyasi,Africa/Kampala,UTC +3.0 ,1.1891378924217,33.869921619182
Uganda,Uganda,UG,,,Pallisa,,Butebo,,Petete,,Petete,Africa/Kampala,UTC +3.0 ,1.1781954271174,33.9490168677235
Uganda,Uganda,UG,,,Pallisa,,Butebo,,Petete,,Sidanyi,Africa/Kampala,UTC +3.0 ,1.15476833686827,33.8865355984135
Uganda,Uganda,UG,,,Pallisa,,Kibuku,,Bulangira,,Bulangira,Africa/Kampala,UTC +3.0 ,1.12948013619423,33.8884568141428
Uganda,Uganda,UG,,,Pallisa,,Kibuku,,Bulangira,,Kakutu,Africa/Kampala,UTC +3.0 ,1.10777932997334,33.9089697265565
Uganda,Uganda,UG,,,Pallisa,,Kibuku,,Bulangira,,Lyama,Africa/Kampala,UTC +3.0 ,1.08295125419864,33.8874625606291
Uganda,Uganda,UG,,,Pallisa,,Kibuku,,Bulangira,,Pulaka,Africa/Kampala,UTC +3.0 ,1.14470945211466,33.9186582931678
Uganda,Uganda,UG,,,Pallisa,,Kibuku,,Buseta,,Bugiri,Africa/Kampala,UTC +3.0 ,1.06701426772994,33.7061086900309
Uganda,Uganda,UG,,,Pallisa,,Kibuku,,Buseta,,Buseta,Africa/Kampala,UTC +3.0 ,1.09264863326541,33.7518795121048
Uganda,Uganda,UG,,,Pallisa,,Kibuku,,Buseta,,Kapyani,Africa/Kampala,UTC +3.0 ,1.09337430257243,33.6613980352659
Uganda,Uganda,UG,,,Pallisa,,Kibuku,,Buseta,,Kasasira,Africa/Kampala,UTC +3.0 ,1.10083829865904,33.7152301680077
Uganda,Uganda,UG,,,Pallisa,,Kibuku,,Buseta,,Kituti,Africa/Kampala,UTC +3.0 ,1.0619028900586,33.7662407131932
Uganda,Uganda,UG,,,Pallisa,,Kibuku,,Buseta,,Nankodo,Africa/Kampala,UTC +3.0 ,1.1126927316321,33.6882279586007
Uganda,Uganda,UG,,,Pallisa,,Kibuku,,Kadama,,Dodoi,Africa/Kampala,UTC +3.0 ,1.05839151548765,33.8580661390748
Uganda,Uganda,UG,,,Pallisa,,Kibuku,,Kadama,,Kabweri,Africa/Kampala,UTC +3.0 ,1.05331602375317,33.8798964583365
Uganda,Uganda,UG,,,Pallisa,,Kibuku,,Kadama,,Kadama,Africa/Kampala,UTC +3.0 ,1.00996913390911,33.8817232539367
Uganda,Uganda,UG,,,Pallisa,,Kibuku,,Kadama,,Kenkebu,Africa/Kampala,UTC +3.0 ,1.05313096974371,33.9143027073859
Uganda,Uganda,UG,,,Pallisa,,Kibuku,,Kadama,,Molokochomo,Africa/Kampala,UTC +3.0 ,1.03097463851176,33.8990479998312
Uganda,Uganda,UG,,,Pallisa,,Kibuku,,Kadama,,Nandere,Africa/Kampala,UTC +3.0 ,0.975308595253695,33.8532267866245
Uganda,Uganda,UG,,,Pallisa,,Kibuku,,Kagumu,,Goli - Goli,Africa/Kampala,UTC +3.0 ,1.14713044639437,33.8478654850844
Uganda,Uganda,UG,,,Pallisa,,Kibuku,,Kagumu,,Kagumu,Africa/Kampala,UTC +3.0 ,1.09430259146404,33.8585362005618
Uganda,Uganda,UG,,,Pallisa,,Kibuku,,Kagumu,,Nabuli,Africa/Kampala,UTC +3.0 ,1.11229737072513,33.8212593660797
Uganda,Uganda,UG,,,Pallisa,,Kibuku,,Kagumu,,Nankokoli,Africa/Kampala,UTC +3.0 ,1.11478085584098,33.8516823642103
Uganda,Uganda,UG,,,Pallisa,,Kibuku,,Kibuku,,Bumiza,Africa/Kampala,UTC +3.0 ,1.07629853031498,33.8098958622199
Uganda,Uganda,UG,,,Pallisa,,Kibuku,,Kibuku,,Kibuku,Africa/Kampala,UTC +3.0 ,1.05800487631469,33.7930328563511
Uganda,Uganda,UG,,,Pallisa,,Kibuku,,Kibuku,,Nalubembe,Africa/Kampala,UTC +3.0 ,1.05466709267904,33.8334117332408
Uganda,Uganda,UG,,,Pallisa,,Kibuku,,Kibuku,,Namawondo,Africa/Kampala,UTC +3.0 ,1.04059359109396,33.808936822426
Uganda,Uganda,UG,,,Pallisa,,Kibuku,,Kirika,,Kajoko,Africa/Kampala,UTC +3.0 ,1.03275803736607,33.8519736496746
Uganda,Uganda,UG,,,Pallisa,,Kibuku,,Kirika,,Kirika,Africa/Kampala,UTC +3.0 ,0.978275583461339,33.8257921034424
Uganda,Uganda,UG,,,Pallisa,,Kibuku,,Kirika,,Mikombe,Africa/Kampala,UTC +3.0 ,0.983710601234396,33.8050563719406
Uganda,Uganda,UG,,,Pallisa,,Kibuku,,Kirika,,Nabiswa,Africa/Kampala,UTC +3.0 ,1.01564074015696,33.8396853816079
Uganda,Uganda,UG,,,Pallisa,,Kibuku,,Tirinyi,,Kataka,Africa/Kampala,UTC +3.0 ,1.01689897249715,33.7934305206206
Uganda,Uganda,UG,,,Pallisa,,Kibuku,,Tirinyi,,Kitantalo,Africa/Kampala,UTC +3.0 ,0.980922502015626,33.7494015334433
Uganda,Uganda,UG,,,Pallisa,,Kibuku,,Tirinyi,,Lwatama,Africa/Kampala,UTC +3.0 ,1.01920535280648,33.7295816910467
Uganda,Uganda,UG,,,Pallisa,,Kibuku,,Tirinyi,,Nanoko,Africa/Kampala,UTC +3.0 ,1.04392926311394,33.7304318120891
Uganda,Uganda,UG,,,Pallisa,,Kibuku,,Tirinyi,,Tirinyi,Africa/Kampala,UTC +3.0 ,1.00542111547243,33.7736560249632
Uganda,Uganda,UG,,,Pallisa,,Pallisa,,Agule,,Agule,Africa/Kampala,UTC +3.0 ,1.32802405921472,33.7192491884412
Uganda,Uganda,UG,,,Pallisa,,Pallisa,,Agule,,Akwamor,Africa/Kampala,UTC +3.0 ,1.30897999526238,33.690080220526
Uganda,Uganda,UG,,,Pallisa,,Pallisa,,Agule,,Chelekura,Africa/Kampala,UTC +3.0 ,1.29433814383922,33.6582645720366
Uganda,Uganda,UG,,,Pallisa,,Pallisa,,Agule,,Morukokume,Africa/Kampala,UTC +3.0 ,1.28485898386876,33.7151840033795
Uganda,Uganda,UG,,,Pallisa,,Pallisa,,Agule,,Odusai,Africa/Kampala,UTC +3.0 ,1.26280173706105,33.7020592716778
Uganda,Uganda,UG,,,Pallisa,,Pallisa,,Agule,,Okunguro,Africa/Kampala,UTC +3.0 ,1.30588817786193,33.7340929922791
Uganda,Uganda,UG,,,Pallisa,,Pallisa,,Apopong,,Adal,Africa/Kampala,UTC +3.0 ,1.24907588176014,33.6748753573416
Uganda,Uganda,UG,,,Pallisa,,Pallisa,,Apopong,,Apopong,Africa/Kampala,UTC +3.0 ,1.21583847208519,33.6749569544274
Uganda,Uganda,UG,,,Pallisa,,Pallisa,,Apopong,,Kapala,Africa/Kampala,UTC +3.0 ,1.24120772338702,33.6365993130479
Uganda,Uganda,UG,,,Pallisa,,Pallisa,,Apopong,,Kaukura,Africa/Kampala,UTC +3.0 ,1.23362080644006,33.6984147830804
Uganda,Uganda,UG,,,Pallisa,,Pallisa,,Apopong,,Obwanai,Africa/Kampala,UTC +3.0 ,1.24743623869523,33.6549797663485
Uganda,Uganda,UG,,,Pallisa,,Pallisa,,Gogonyo,,Ajepet,Africa/Kampala,UTC +3.0 ,1.2813371718511,33.6172063562445
Uganda,Uganda,UG,,,Pallisa,,Pallisa,,Gogonyo,,Gogonyo,Africa/Kampala,UTC +3.0 ,1.28430533148103,33.5117478449701
Uganda,Uganda,UG,,,Pallisa,,Pallisa,,Gogonyo,,Kachango,Africa/Kampala,UTC +3.0 ,1.22587296356661,33.5858581301123
Uganda,Uganda,UG,,,Pallisa,,Pallisa,,Kameke,,Akisim,Africa/Kampala,UTC +3.0 ,1.25774978915799,33.7497612739968
Uganda,Uganda,UG,,,Pallisa,,Pallisa,,Kameke,,Kameke,Africa/Kampala,UTC +3.0 ,1.25955576584257,33.7881851237845
Uganda,Uganda,UG,,,Pallisa,,Pallisa,,Kameke,,Nyakoi,Africa/Kampala,UTC +3.0 ,1.28424562158001,33.8007958981751
Uganda,Uganda,UG,,,Pallisa,,Pallisa,,Kameke,,Oboliso,Africa/Kampala,UTC +3.0 ,1.30585743605184,33.7915895636839
Uganda,Uganda,UG,,,Pallisa,,Pallisa,,Kameke,,Okisiran,Africa/Kampala,UTC +3.0 ,1.28995129037948,33.7583019633678
Uganda,Uganda,UG,,,Pallisa,,Pallisa,,Kameke,,Opadoi,Africa/Kampala,UTC +3.0 ,1.24561122266677,33.7343060673046
Uganda,Uganda,UG,,,Pallisa,,Pallisa,,Kamuge,,Kagoli,Africa/Kampala,UTC +3.0 ,1.21059586252623,33.8207270003716
Uganda,Uganda,UG,,,Pallisa,,Pallisa,,Kamuge,,Kalapata,Africa/Kampala,UTC +3.0 ,1.1801958467023,33.8348459404101
Uganda,Uganda,UG,,,Pallisa,,Pallisa,,Kamuge,,Kamuge,Africa/Kampala,UTC +3.0 ,1.17742435614564,33.8038106054675
Uganda,Uganda,UG,,,Pallisa,,Pallisa,,Kasodo,,Apapa,Africa/Kampala,UTC +3.0 ,1.18444178070278,33.6036027834643
Uganda,Uganda,UG,,,Pallisa,,Pallisa,,Kasodo,,Kasodo,Africa/Kampala,UTC +3.0 ,1.14136157168389,33.6300773147497
Uganda,Uganda,UG,,,Pallisa,,Pallisa,,Kasodo,,Najeniti,Africa/Kampala,UTC +3.0 ,1.14207631088507,33.6748277726848
Uganda,Uganda,UG,,,Pallisa,,Pallisa,,Kasodo,,Ngalwe,Africa/Kampala,UTC +3.0 ,1.17525095470733,33.6726161743309
Uganda,Uganda,UG,,,Pallisa,,Pallisa,,Kasodo,,Olok,Africa/Kampala,UTC +3.0 ,1.19502589825081,33.6481955196929
Uganda,Uganda,UG,,,Pallisa,,Pallisa,,Pallisa,,Akadot,Africa/Kampala,UTC +3.0 ,1.19419256015633,33.7467325281551
Uganda,Uganda,UG,,,Pallisa,,Pallisa,,Pallisa,,Kaboloi,Africa/Kampala,UTC +3.0 ,1.22290447479582,33.7215097317718
Uganda,Uganda,UG,,,Pallisa,,Pallisa,,Pallisa,,Kagoli,Africa/Kampala,UTC +3.0 ,1.14121345852703,33.7207065398066
Uganda,Uganda,UG,,,Pallisa,,Pallisa,,Pallisa Tc,,Hospital,Africa/Kampala,UTC +3.0 ,1.18899133014061,33.7034025985763
Uganda,Uganda,UG,,,Pallisa,,Pallisa,,Pallisa Tc,,Kagwese,Africa/Kampala,UTC +3.0 ,1.15000349075202,33.7029004487388
Uganda,Uganda,UG,,,Pallisa,,Pallisa,,Pallisa Tc,,Kaucho,Africa/Kampala,UTC +3.0 ,1.18298197175027,33.7195580512222
Uganda,Uganda,UG,,,Pallisa,,Pallisa,,Pallisa Tc,,Odwarat,Africa/Kampala,UTC +3.0 ,1.17878811561879,33.6939572992347
Uganda,Uganda,UG,,,Pallisa,,Pallisa,,Pallisa Tc,,Supa,Africa/Kampala,UTC +3.0 ,1.17190198383533,33.7352061458988
Uganda,Uganda,UG,,,Pallisa,,Pallisa,,Puti-Puti,,Boliso I,Africa/Kampala,UTC +3.0 ,1.16155345569332,33.773473226638
Uganda,Uganda,UG,,,Pallisa,,Pallisa,,Puti-Puti,,Limoto,Africa/Kampala,UTC +3.0 ,1.1345205575139,33.7464028047816
Uganda,Uganda,UG,,,Pallisa,,Pallisa,,Puti-Puti,,Mpongi,Africa/Kampala,UTC +3.0 ,1.11942198959243,33.7824412741556
Uganda,Uganda,UG,,,Pallisa,,Pallisa,,Puti-Puti,,Puti-Puti,Africa/Kampala,UTC +3.0 ,1.13960216737535,33.8059478366147
Uganda,Uganda,UG,,,Rakai,,Kabula,,Kaliiro,,Kabatema,Africa/Kampala,UTC +3.0 ,-0.30121542545107,31.2042268680878
Uganda,Uganda,UG,,,Rakai,,Kabula,,Kaliiro,,Kaliiro,Africa/Kampala,UTC +3.0 ,-0.285545616781897,31.1767519453699
Uganda,Uganda,UG,,,Rakai,,Kabula,,Kaliiro,,Kasambya,Africa/Kampala,UTC +3.0 ,-0.334362750943131,31.1945620081121
Uganda,Uganda,UG,,,Rakai,,Kabula,,Kaliiro,,Kiyinda,Africa/Kampala,UTC +3.0 ,-0.32234402077481,31.162760631924
Uganda,Uganda,UG,,,Rakai,,Kabula,,Kaliiro,,Kyakuterekera,Africa/Kampala,UTC +3.0 ,-0.231540922588748,31.1725694444525
Uganda,Uganda,UG,,,Rakai,,Kabula,,Kasagama,,Buyanja,Africa/Kampala,UTC +3.0 ,-0.082147802820602,31.1185776898235
Uganda,Uganda,UG,,,Rakai,,Kabula,,Kasagama,,Katebe,Africa/Kampala,UTC +3.0 ,-0.075966314568456,31.1768211610725
Uganda,Uganda,UG,,,Rakai,,Kabula,,Kasagama,,Kisaluwoko,Africa/Kampala,UTC +3.0 ,-0.137224666643883,31.1678972935232
Uganda,Uganda,UG,,,Rakai,,Kabula,,Kinuuka,,Bwamuramira,Africa/Kampala,UTC +3.0 ,-0.206068604641673,31.1145940028843
Uganda,Uganda,UG,,,Rakai,,Kabula,,Kinuuka,,Nakasozi,Africa/Kampala,UTC +3.0 ,-0.276072224972846,31.0962550599422
Uganda,Uganda,UG,,,Rakai,,Kabula,,Kinuuka,,Wabusaana,Africa/Kampala,UTC +3.0 ,-0.284997805644018,31.1401373284791
Uganda,Uganda,UG,,,Rakai,,Kabula,,Lyantonde,,Biwolobo,Africa/Kampala,UTC +3.0 ,-0.460401025806185,31.17043314689
Uganda,Uganda,UG,,,Rakai,,Kabula,,Lyantonde,,Kalagala,Africa/Kampala,UTC +3.0 ,-0.363097625391605,31.1487214478168
Uganda,Uganda,UG,,,Rakai,,Kabula,,Lyantonde,,Katovu.,Africa/Kampala,UTC +3.0 ,-0.329606337702897,31.1208456193607
Uganda,Uganda,UG,,,Rakai,,Kabula,,Lyantonde,,Kirowooza,Africa/Kampala,UTC +3.0 ,-0.403633453890524,31.149318123573
Uganda,Uganda,UG,,,Rakai,,Kabula,,Lyantonde,,Kyewanula,Africa/Kampala,UTC +3.0 ,-0.438241200209833,31.1928032886237
Uganda,Uganda,UG,,,Rakai,,Kabula,,Lyantonde Tc,,Kaliiro Ward,Africa/Kampala,UTC +3.0 ,-0.397889724866244,31.148837235576
Uganda,Uganda,UG,,,Rakai,,Kabula,,Lyantonde Tc,,Kooki Ward,Africa/Kampala,UTC +3.0 ,-0.413280778679282,31.1485817835098
Uganda,Uganda,UG,,,Rakai,,Kabula,,Mpumudde,,Buyaga,Africa/Kampala,UTC +3.0 ,-0.239749066422705,31.2734675571167
Uganda,Uganda,UG,,,Rakai,,Kabula,,Mpumudde,,Kyemamba,Africa/Kampala,UTC +3.0 ,-0.145742220683794,31.2488695535816
Uganda,Uganda,UG,,,Rakai,,Kabula,,Mpumudde,,Lyakajula,Africa/Kampala,UTC +3.0 ,-0.179807631716242,31.2963324035469
Uganda,Uganda,UG,,,Rakai,,Kabula,,Mpumudde,,Mpumudde,Africa/Kampala,UTC +3.0 ,-0.291844763983512,31.2562169484108
Uganda,Uganda,UG,,,Rakai,,Kabula,,Mpumudde,,Nsiika,Africa/Kampala,UTC +3.0 ,-0.251248790410277,31.2188318638315
Uganda,Uganda,UG,,,Rakai,,Kakuuto,,Kakuuto,,Bigada,Africa/Kampala,UTC +3.0 ,-0.872595827544507,31.4423083311905
Uganda,Uganda,UG,,,Rakai,,Kakuuto,,Kakuuto,,Kakuuto,Africa/Kampala,UTC +3.0 ,-0.857355928950449,31.4752135213538
Uganda,Uganda,UG,,,Rakai,,Kakuuto,,Kakuuto,,Katovu,Africa/Kampala,UTC +3.0 ,-0.854127736334802,31.5195013004699
Uganda,Uganda,UG,,,Rakai,,Kakuuto,,Kakuuto,,Kyebisagazi,Africa/Kampala,UTC +3.0 ,-0.969307506632067,31.4079131986137
Uganda,Uganda,UG,,,Rakai,,Kakuuto,,Kakuuto,,Mayanja,Africa/Kampala,UTC +3.0 ,-0.830505380419975,31.5547872100168
Uganda,Uganda,UG,,,Rakai,,Kakuuto,,Kakuuto,,Sango Bay,Africa/Kampala,UTC +3.0 ,-0.917151579472778,31.4931335705626
Uganda,Uganda,UG,,,Rakai,,Kakuuto,,Kasasa,,Kabano,Africa/Kampala,UTC +3.0 ,-0.780410368420059,31.5173100731967
Uganda,Uganda,UG,,,Rakai,,Kakuuto,,Kasasa,,Kijonjo,Africa/Kampala,UTC +3.0 ,-0.749592257953849,31.5641095175455
Uganda,Uganda,UG,,,Rakai,,Kakuuto,,Kasasa,,Kimukunda,Africa/Kampala,UTC +3.0 ,-0.747042429202474,31.5075893048233
Uganda,Uganda,UG,,,Rakai,,Kakuuto,,Kasasa,,Kisuula,Africa/Kampala,UTC +3.0 ,-0.664330358696486,31.5097189912144
Uganda,Uganda,UG,,,Rakai,,Kakuuto,,Kasasa,,Mityebiri,Africa/Kampala,UTC +3.0 ,-0.709284519305487,31.5259282083927
Uganda,Uganda,UG,,,Rakai,,Kakuuto,,Kibanda,,Bbaale,Africa/Kampala,UTC +3.0 ,-0.836287282676108,31.3961429110383
Uganda,Uganda,UG,,,Rakai,,Kakuuto,,Kibanda,,Kakinga,Africa/Kampala,UTC +3.0 ,-0.856015826781933,31.3430319949463
Uganda,Uganda,UG,,,Rakai,,Kakuuto,,Kibanda,,Kyabiwa,Africa/Kampala,UTC +3.0 ,-0.938778675665383,31.3121149351609
Uganda,Uganda,UG,,,Rakai,,Kakuuto,,Kibanda,,Kyalugaba,Africa/Kampala,UTC +3.0 ,-0.931506052126679,31.2598157036643
Uganda,Uganda,UG,,,Rakai,,Kakuuto,,Kibanda,,Kyalugaba,Africa/Kampala,UTC +3.0 ,-0.911944340875508,31.3746425761875
Uganda,Uganda,UG,,,Rakai,,Kakuuto,,Kitumba,,Kabala,Africa/Kampala,UTC +3.0 ,-0.793808135043138,31.3922475591324
Uganda,Uganda,UG,,,Rakai,,Kakuuto,,Kitumba,,Kawunguli,Africa/Kampala,UTC +3.0 ,-0.805172512232714,31.4304198466287
Uganda,Uganda,UG,,,Rakai,,Kakuuto,,Kitumba,,Kifamba,Africa/Kampala,UTC +3.0 ,-0.785899442521579,31.449264747746
Uganda,Uganda,UG,,,Rakai,,Kakuuto,,Kitumba,,Kisaasa,Africa/Kampala,UTC +3.0 ,-0.769084569915337,31.4698546447836
Uganda,Uganda,UG,,,Rakai,,Kakuuto,,Kyebe,,Gwanda,Africa/Kampala,UTC +3.0 ,-0.887495954155335,31.7060254385209
Uganda,Uganda,UG,,,Rakai,,Kakuuto,,Kyebe,,Kanabulemu,Africa/Kampala,UTC +3.0 ,-0.919338713792413,31.6383535144407
Uganda,Uganda,UG,,,Rakai,,Kakuuto,,Kyebe,,Minziro,Africa/Kampala,UTC +3.0 ,-0.971335581352475,31.5580720452347
Uganda,Uganda,UG,,,Rakai,,Kakuuto,,Kyebe,,Nangoma,Africa/Kampala,UTC +3.0 ,-0.975813215653953,31.7479854202731
Uganda,Uganda,UG,,,Rakai,,Kakuuto,,Kyebe,,Nangoma,Africa/Kampala,UTC +3.0 ,-0.958555876366965,31.783630541746
Uganda,Uganda,UG,,,Rakai,,Kooki,,Byakabanda,,Byakabanda,Africa/Kampala,UTC +3.0 ,-0.75587051609535,31.4012812062357
Uganda,Uganda,UG,,,Rakai,,Kooki,,Byakabanda,,Kamukalo,Africa/Kampala,UTC +3.0 ,-0.74791637690833,31.3485968448457
Uganda,Uganda,UG,,,Rakai,,Kooki,,Byakabanda,,Kitaasa,Africa/Kampala,UTC +3.0 ,-0.734421040948431,31.4295951484874
Uganda,Uganda,UG,,,Rakai,,Kooki,,Ddwaniro,,Buyamba,Africa/Kampala,UTC +3.0 ,-0.654927597228651,31.3940235040781
Uganda,Uganda,UG,,,Rakai,,Kooki,,Ddwaniro,,Ddwaniro,Africa/Kampala,UTC +3.0 ,-0.615126314883795,31.3720365202051
Uganda,Uganda,UG,,,Rakai,,Kooki,,Ddwaniro,,Kaleere/Malemba,Africa/Kampala,UTC +3.0 ,-0.673912231965401,31.3361524730627
Uganda,Uganda,UG,,,Rakai,,Kooki,,Ddwaniro,,Kayonza..,Africa/Kampala,UTC +3.0 ,-0.693081410286696,31.3364426765404
Uganda,Uganda,UG,,,Rakai,,Kooki,,Ddwaniro,,Lwakaloolo,Africa/Kampala,UTC +3.0 ,-0.570942760084628,31.3712710029789
Uganda,Uganda,UG,,,Rakai,,Kooki,,Kacheera,,Kaju,Africa/Kampala,UTC +3.0 ,-0.550136392585345,31.1833919466107
Uganda,Uganda,UG,,,Rakai,,Kooki,,Kacheera,,Kakiri,Africa/Kampala,UTC +3.0 ,-0.584932662502542,31.1437294884106
Uganda,Uganda,UG,,,Rakai,,Kooki,,Kacheera,,Kayonza,Africa/Kampala,UTC +3.0 ,-0.639465810292314,31.1845756151422
Uganda,Uganda,UG,,,Rakai,,Kooki,,Kacheera,,Lwanga,Africa/Kampala,UTC +3.0 ,-0.658748157163153,31.1365543160882
Uganda,Uganda,UG,,,Rakai,,Kooki,,Kacheera,,Lyakisana,Africa/Kampala,UTC +3.0 ,-0.50097046001712,31.1830194007301
Uganda,Uganda,UG,,,Rakai,,Kooki,,Kagamba,,Kagamba,Africa/Kampala,UTC +3.0 ,-0.645011260999373,31.3332849002077
Uganda,Uganda,UG,,,Rakai,,Kooki,,Kagamba,,Kasankala,Africa/Kampala,UTC +3.0 ,-0.575406130315493,31.3339397391771
Uganda,Uganda,UG,,,Rakai,,Kooki,,Kagamba,,Kimuli,Africa/Kampala,UTC +3.0 ,-0.62054888064681,31.3033578757768
Uganda,Uganda,UG,,,Rakai,,Kooki,,Kagamba,,Kirangira,Africa/Kampala,UTC +3.0 ,-0.588041538243992,31.2963971856496
Uganda,Uganda,UG,,,Rakai,,Kooki,,Kagamba,,Lwabakooba,Africa/Kampala,UTC +3.0 ,-0.655091466428562,31.2802039126398
Uganda,Uganda,UG,,,Rakai,,Kooki,,Kyalulangira,,Kalungi,Africa/Kampala,UTC +3.0 ,-0.785956974415999,31.3196490347198
Uganda,Uganda,UG,,,Rakai,,Kooki,,Kyalulangira,,Kasula,Africa/Kampala,UTC +3.0 ,-0.730505402650021,31.2651841762865
Uganda,Uganda,UG,,,Rakai,,Kooki,,Kyalulangira,,Lwambajjo,Africa/Kampala,UTC +3.0 ,-0.747546185306304,31.2117716642
Uganda,Uganda,UG,,,Rakai,,Kooki,,Kyalulangira,,Lwesinga,Africa/Kampala,UTC +3.0 ,-0.880297973637939,31.2601114462832
Uganda,Uganda,UG,,,Rakai,,Kooki,,Kyalulangira,,Mweruka (Kiziba),Africa/Kampala,UTC +3.0 ,-0.83161331309807,31.2653854805143
Uganda,Uganda,UG,,,Rakai,,Kooki,,Lwamaggwa,,Bugona,Africa/Kampala,UTC +3.0 ,-0.515983220861854,31.2790523982884
Uganda,Uganda,UG,,,Rakai,,Kooki,,Lwamaggwa,,Kabusota,Africa/Kampala,UTC +3.0 ,-0.481039260126444,31.2462112364947
Uganda,Uganda,UG,,,Rakai,,Kooki,,Lwamaggwa,,Kakundi,Africa/Kampala,UTC +3.0 ,-0.615750318547528,31.2260188565674
Uganda,Uganda,UG,,,Rakai,,Kooki,,Lwamaggwa,,Kibuuka,Africa/Kampala,UTC +3.0 ,-0.532466392796729,31.3214510834733
Uganda,Uganda,UG,,,Rakai,,Kooki,,Lwamaggwa,,Kiweeka,Africa/Kampala,UTC +3.0 ,-0.567792935447216,31.2472684622872
Uganda,Uganda,UG,,,Rakai,,Kooki,,Lwamaggwa,,Kyabigondo,Africa/Kampala,UTC +3.0 ,-0.505207823252577,31.2239298941307
Uganda,Uganda,UG,,,Rakai,,Kooki,,Lwanda,,Bitabago,Africa/Kampala,UTC +3.0 ,-0.694779313136279,31.4455919682749
Uganda,Uganda,UG,,,Rakai,,Kooki,,Lwanda,,Butiti,Africa/Kampala,UTC +3.0 ,-0.609332919513371,31.4306741893222
Uganda,Uganda,UG,,,Rakai,,Kooki,,Lwanda,,Kanoni,Africa/Kampala,UTC +3.0 ,-0.643425169415379,31.4666194684379
Uganda,Uganda,UG,,,Rakai,,Kooki,,Lwanda,,Kasensero,Africa/Kampala,UTC +3.0 ,-0.656808256039033,31.4383367946335
Uganda,Uganda,UG,,,Rakai,,Kooki,,Lwanda,,Kiyovu,Africa/Kampala,UTC +3.0 ,-0.700656216810532,31.4915909135687
Uganda,Uganda,UG,,,Rakai,,Kooki,,Rakai Tc,,Katuntu Ward,Africa/Kampala,UTC +3.0 ,-0.710995288516997,31.419756701743
Uganda,Uganda,UG,,,Rakai,,Kooki,,Rakai Tc,,Kibona Ward,Africa/Kampala,UTC +3.0 ,-0.70270926109774,31.3889062180156
Uganda,Uganda,UG,,,Rakai,,Kyotera,,Kabira,,Bisanje,Africa/Kampala,UTC +3.0 ,-0.630970304990883,31.6546521962236
Uganda,Uganda,UG,,,Rakai,,Kyotera,,Kabira,,Bwamijja,Africa/Kampala,UTC +3.0 ,-0.719581657389285,31.6792672478925
Uganda,Uganda,UG,,,Rakai,,Kyotera,,Kabira,,Kyanika,Africa/Kampala,UTC +3.0 ,-0.676048504086123,31.6061096832314
Uganda,Uganda,UG,,,Rakai,,Kyotera,,Kabira,,Ndolo,Africa/Kampala,UTC +3.0 ,-0.80133294523019,31.7759457014466
Uganda,Uganda,UG,,,Rakai,,Kyotera,,Kabira,,Ndolo,Africa/Kampala,UTC +3.0 ,-0.761051801448862,31.613653652806
Uganda,Uganda,UG,,,Rakai,,Kyotera,,Kabira,,Njala,Africa/Kampala,UTC +3.0 ,-0.643369304209609,31.6182828741724
Uganda,Uganda,UG,,,Rakai,,Kyotera,,Kalisizo,,Kakoma,Africa/Kampala,UTC +3.0 ,-0.567578779199164,31.5939842810146
Uganda,Uganda,UG,,,Rakai,,Kyotera,,Kalisizo,,Kalisizo Tr,Africa/Kampala,UTC +3.0 ,-0.533972938273933,31.6238536534488
Uganda,Uganda,UG,,,Rakai,,Kyotera,,Kalisizo,,Kikungwe,Africa/Kampala,UTC +3.0 ,-0.542669421518053,31.5708761082287
Uganda,Uganda,UG,,,Rakai,,Kyotera,,Kalisizo,,Kyango,Africa/Kampala,UTC +3.0 ,-0.506597384381969,31.6465017816835
Uganda,Uganda,UG,,,Rakai,,Kyotera,,Kalisizo,,Matale,Africa/Kampala,UTC +3.0 ,-0.528096002788392,31.6117084910068
Uganda,Uganda,UG,,,Rakai,,Kyotera,,Kalisizo,,Miti,Africa/Kampala,UTC +3.0 ,-0.602905391421115,31.6055483738666
Uganda,Uganda,UG,,,Rakai,,Kyotera,,Kalisizo,,Ninzi,Africa/Kampala,UTC +3.0 ,-0.522749166355061,31.6315808821697
Uganda,Uganda,UG,,,Rakai,,Kyotera,,Kasaali,,Buziranduulu,Africa/Kampala,UTC +3.0 ,-0.580930189423138,31.5541562743387
Uganda,Uganda,UG,,,Rakai,,Kyotera,,Kasaali,,Gayaza,Africa/Kampala,UTC +3.0 ,-0.627641493395713,31.4954768589664
Uganda,Uganda,UG,,,Rakai,,Kyotera,,Kasaali,,Kigenya,Africa/Kampala,UTC +3.0 ,-0.615335945459999,31.5682244807774
Uganda,Uganda,UG,,,Rakai,,Kyotera,,Kasaali,,Kyakonda,Africa/Kampala,UTC +3.0 ,-0.658488038225523,31.544022063374
Uganda,Uganda,UG,,,Rakai,,Kyotera,,Kasaali,,Nkenge,Africa/Kampala,UTC +3.0 ,-0.601465547960156,31.5183303066678
Uganda,Uganda,UG,,,Rakai,,Kyotera,,Kirumba,,Buyiisa,Africa/Kampala,UTC +3.0 ,-0.476858571344292,31.6388713794131
Uganda,Uganda,UG,,,Rakai,,Kyotera,,Kirumba,,Byerima,Africa/Kampala,UTC +3.0 ,-0.513222485021983,31.5596819062433
Uganda,Uganda,UG,,,Rakai,,Kyotera,,Kirumba,,Kabwoko,Africa/Kampala,UTC +3.0 ,-0.452248377488972,31.6449832403305
Uganda,Uganda,UG,,,Rakai,,Kyotera,,Kirumba,,Kizibira,Africa/Kampala,UTC +3.0 ,-0.473382652158458,31.5773050656352
Uganda,Uganda,UG,,,Rakai,,Kyotera,,Kirumba,,Kyengeza,Africa/Kampala,UTC +3.0 ,-0.490800121093021,31.5964753644275
Uganda,Uganda,UG,,,Rakai,,Kyotera,,Kirumba,,Lwamba,Africa/Kampala,UTC +3.0 ,-0.449113469315106,31.612523831482
Uganda,Uganda,UG,,,Rakai,,Kyotera,,Kyotera Tc,,Central Zone,Africa/Kampala,UTC +3.0 ,-0.631601639689942,31.5461396241063
Uganda,Uganda,UG,,,Rakai,,Kyotera,,Kyotera Tc,,Mitukula Ward,Africa/Kampala,UTC +3.0 ,-0.62603246899091,31.5392149871513
Uganda,Uganda,UG,,,Rakai,,Kyotera,,Lwankoni,,Kayanja,Africa/Kampala,UTC +3.0 ,-0.587856399965362,31.6697443134385
Uganda,Uganda,UG,,,Rakai,,Kyotera,,Lwankoni,,Kibutamo,Africa/Kampala,UTC +3.0 ,-0.540649675201123,31.680389867303
Uganda,Uganda,UG,,,Rakai,,Kyotera,,Lwankoni,,Kisunku,Africa/Kampala,UTC +3.0 ,-0.535510028454941,31.6497730923372
Uganda,Uganda,UG,,,Rakai,,Kyotera,,Lwankoni,,Lwankoni,Africa/Kampala,UTC +3.0 ,-0.56088843316708,31.6553499417211
Uganda,Uganda,UG,,,Rakai,,Kyotera,,Lwankoni,,Nabyajwe,Africa/Kampala,UTC +3.0 ,-0.575997764374555,31.6336444592526
Uganda,Uganda,UG,,,Rakai,,Kyotera,,Nabigasa,,Bethelehem,Africa/Kampala,UTC +3.0 ,-0.574016925232104,31.456951220924
Uganda,Uganda,UG,,,Rakai,,Kyotera,,Nabigasa,,Kijejja,Africa/Kampala,UTC +3.0 ,-0.563686662881923,31.5367176290783
Uganda,Uganda,UG,,,Rakai,,Kyotera,,Nabigasa,,Kyasimbi,Africa/Kampala,UTC +3.0 ,-0.539173068109341,31.5079790245233
Uganda,Uganda,UG,,,Rakai,,Kyotera,,Nabigasa,,Nabigasa,Africa/Kampala,UTC +3.0 ,-0.571837416877187,31.4913312347819
Uganda,Uganda,UG,,,Rakai,,Kyotera,,Nabigasa,,Nakatoogo,Africa/Kampala,UTC +3.0 ,-0.515047601442168,31.5291336744744
Uganda,Uganda,UG,,,Rukungiri,,Bufumbira,,Bugangari,,Bugangari,Africa/Kampala,UTC +3.0 ,-0.713962783899019,29.8664829762035
Uganda,Uganda,UG,,,Rukungiri,,Bufumbira,,Bugangari,,Burama,Africa/Kampala,UTC +3.0 ,-0.661868498393749,29.8588033032203
Uganda,Uganda,UG,,,Rukungiri,,Bufumbira,,Bugangari,,Kakindo,Africa/Kampala,UTC +3.0 ,-0.694779503869751,29.8425276419422
Uganda,Uganda,UG,,,Rukungiri,,Bufumbira,,Bugangari,,Kashayo,Africa/Kampala,UTC +3.0 ,-0.762447552627458,29.8463206594714
Uganda,Uganda,UG,,,Rukungiri,,Bufumbira,,Bugangari,,Kazindiro,Africa/Kampala,UTC +3.0 ,-0.73614276824151,29.8327698439272
Uganda,Uganda,UG,,,Rukungiri,,Bufumbira,,Bugangari,,Kyabureere,Africa/Kampala,UTC +3.0 ,-0.707222775599541,29.8192342478989
Uganda,Uganda,UG,,,Rukungiri,,Bufumbira,,Bugangari,,Nyabiteete,Africa/Kampala,UTC +3.0 ,-0.698409015463514,29.8891628569486
Uganda,Uganda,UG,,,Rukungiri,,Bufumbira,,Buhunga,,Buhunga,Africa/Kampala,UTC +3.0 ,-0.741998529935938,29.9945768521227
Uganda,Uganda,UG,,,Rukungiri,,Bufumbira,,Buhunga,,Bwanda,Africa/Kampala,UTC +3.0 ,-0.712305346279633,29.9712318141433
Uganda,Uganda,UG,,,Rukungiri,,Bufumbira,,Buhunga,,Kabingo,Africa/Kampala,UTC +3.0 ,-0.768906046732936,29.9819570189156
Uganda,Uganda,UG,,,Rukungiri,,Bufumbira,,Buhunga,,Kihanga,Africa/Kampala,UTC +3.0 ,-0.775299468945849,30.0159014736194
Uganda,Uganda,UG,,,Rukungiri,,Bufumbira,,Buhunga,,Kyaruyenje,Africa/Kampala,UTC +3.0 ,-0.746542574546994,29.9628947122684
Uganda,Uganda,UG,,,Rukungiri,,Bufumbira,,Bwambara,,Bikurungu,Africa/Kampala,UTC +3.0 ,-0.63765478117334,29.8455487242718
Uganda,Uganda,UG,,,Rukungiri,,Bufumbira,,Bwambara,,Bwambara,Africa/Kampala,UTC +3.0 ,-0.601522756842341,29.7880627728262
Uganda,Uganda,UG,,,Rukungiri,,Bufumbira,,Bwambara,,Kikarara,Africa/Kampala,UTC +3.0 ,-0.574236051340222,29.7733594215053
Uganda,Uganda,UG,,,Rukungiri,,Bufumbira,,Bwambara,,Kikongi,Africa/Kampala,UTC +3.0 ,-0.658221037267078,29.8069490279853
Uganda,Uganda,UG,,,Rukungiri,,Bufumbira,,Bwambara,,Maramagambo Fr,Africa/Kampala,UTC +3.0 ,-0.545182132556006,29.8873450167204
Uganda,Uganda,UG,,,Rukungiri,,Bufumbira,,Bwambara,,Nyabubare,Africa/Kampala,UTC +3.0 ,-0.611069755549077,29.8337407586537
Uganda,Uganda,UG,,,Rukungiri,,Bufumbira,,Bwambara,,Queen Elizabeth Np,Africa/Kampala,UTC +3.0 ,-0.514979060280029,29.8402134564669
Uganda,Uganda,UG,,,Rukungiri,,Bufumbira,,Bwambara,,Rwenshama,Africa/Kampala,UTC +3.0 ,-0.432617471356726,29.7773880905181
Uganda,Uganda,UG,,,Rukungiri,,Bufumbira,,Kagunga,,Kanyinya,Africa/Kampala,UTC +3.0 ,-0.825586157303922,29.9110676872154
Uganda,Uganda,UG,,,Rukungiri,,Bufumbira,,Kagunga,,Karangaro,Africa/Kampala,UTC +3.0 ,-0.747334590321691,29.923575942353
Uganda,Uganda,UG,,,Rukungiri,,Bufumbira,,Kagunga,,Kyatoko,Africa/Kampala,UTC +3.0 ,-0.762162347024683,29.9394217898823
Uganda,Uganda,UG,,,Rukungiri,,Bufumbira,,Kagunga,,Ndorero,Africa/Kampala,UTC +3.0 ,-0.812981430303307,29.9299715204902
Uganda,Uganda,UG,,,Rukungiri,,Bufumbira,,Kagunga,,Rwentondo,Africa/Kampala,UTC +3.0 ,-0.790912155858013,29.9574575062042
Uganda,Uganda,UG,,,Rukungiri,,Bufumbira,,Nyakagyeme,,Kabwoma,Africa/Kampala,UTC +3.0 ,-0.787370343437441,29.8666107085673
Uganda,Uganda,UG,,,Rukungiri,,Bufumbira,,Nyakagyeme,,Kahoko,Africa/Kampala,UTC +3.0 ,-0.824267171156058,29.8573675020858
Uganda,Uganda,UG,,,Rukungiri,,Bufumbira,,Nyakagyeme,,Kigaaga,Africa/Kampala,UTC +3.0 ,-0.808959028893444,29.8910507638335
Uganda,Uganda,UG,,,Rukungiri,,Bufumbira,,Nyakagyeme,,Kitimba,Africa/Kampala,UTC +3.0 ,-0.778165038086582,29.8953298066918
Uganda,Uganda,UG,,,Rukungiri,,Bufumbira,,Nyakagyeme,,Masya,Africa/Kampala,UTC +3.0 ,-0.728757355398759,29.9057238233505
Uganda,Uganda,UG,,,Rukungiri,,Bufumbira,,Nyakagyeme,,Nyakinengo,Africa/Kampala,UTC +3.0 ,-0.85420969903845,29.8829083669838
Uganda,Uganda,UG,,,Rukungiri,,Bufumbira,,Nyakagyeme,,Rushasha,Africa/Kampala,UTC +3.0 ,-0.753770746844977,29.8844011613997
Uganda,Uganda,UG,,,Rukungiri,,Bufumbira,,Nyakagyeme,,Rwerere,Africa/Kampala,UTC +3.0 ,-0.792043217083904,29.836162924086
Uganda,Uganda,UG,,,Rukungiri,,Bufumbira,,Ruhinda,,Burombe,Africa/Kampala,UTC +3.0 ,-0.682229351185015,29.9464042446675
Uganda,Uganda,UG,,,Rukungiri,,Bufumbira,,Ruhinda,,Kicwamba,Africa/Kampala,UTC +3.0 ,-0.660292143829773,29.9324869102073
Uganda,Uganda,UG,,,Rukungiri,,Bufumbira,,Ruhinda,,Ndere,Africa/Kampala,UTC +3.0 ,-0.707362781547772,29.9280075976113
Uganda,Uganda,UG,,,Rukungiri,,Bufumbira,,Ruhinda,,Nyakitabire,Africa/Kampala,UTC +3.0 ,-0.663611276558162,29.9053286812216
Uganda,Uganda,UG,,,Rukungiri,,Bufumbira,,Ruhinda,,Nyarwimuka/Kanyamisekuru,Africa/Kampala,UTC +3.0 ,-0.633661064966467,29.8864381562373
Uganda,Uganda,UG,,,Rukungiri,,Bufumbira,,Ruhinda,,Rwamugoma,Africa/Kampala,UTC +3.0 ,-0.710971765573324,29.9490369170654
Uganda,Uganda,UG,,,Rukungiri,,Bufumbira,,Rukungiri Tc,,Eastern Ward,Africa/Kampala,UTC +3.0 ,-0.794250283889059,29.935210158967
Uganda,Uganda,UG,,,Rukungiri,,Bufumbira,,Rukungiri Tc,,Northern Ward,Africa/Kampala,UTC +3.0 ,-0.775386486201083,29.923482412561
Uganda,Uganda,UG,,,Rukungiri,,Bufumbira,,Rukungiri Tc,,Southern Ward,Africa/Kampala,UTC +3.0 ,-0.798357875913525,29.9204965207791
Uganda,Uganda,UG,,,Rukungiri,,Bufumbira,,Rukungiri Tc,,Western Ward,Africa/Kampala,UTC +3.0 ,-0.78621547325723,29.922253036764
Uganda,Uganda,UG,,,Rukungiri,,Rubabo,,Buyanja,,Bugyera,Africa/Kampala,UTC +3.0 ,-0.881578776670897,29.9401782883626
Uganda,Uganda,UG,,,Rukungiri,,Rubabo,,Buyanja,,Kasheeshe,Africa/Kampala,UTC +3.0 ,-0.880815207388506,29.9044399312589
Uganda,Uganda,UG,,,Rukungiri,,Rubabo,,Buyanja,,Kyamakanda,Africa/Kampala,UTC +3.0 ,-0.810114232021917,29.9617612037862
Uganda,Uganda,UG,,,Rukungiri,,Rubabo,,Buyanja,,Nyabiteete,Africa/Kampala,UTC +3.0 ,-0.846829344767771,29.9242879461048
Uganda,Uganda,UG,,,Rukungiri,,Rubabo,,Buyanja,,Nyakaina,Africa/Kampala,UTC +3.0 ,-0.838488670512735,29.9520943555332
Uganda,Uganda,UG,,,Rukungiri,,Rubabo,,Buyanja,,Rubanga,Africa/Kampala,UTC +3.0 ,-0.883305702311064,29.9865823095787
Uganda,Uganda,UG,,,Rukungiri,,Rubabo,,Buyanja,,Rwakirungura,Africa/Kampala,UTC +3.0 ,-0.840902951672425,29.9802126827883
Uganda,Uganda,UG,,,Rukungiri,,Rubabo,,Kebisoni,,Garubunda,Africa/Kampala,UTC +3.0 ,-0.82889797165538,30.0008968686956
Uganda,Uganda,UG,,,Rukungiri,,Rubabo,,Kebisoni,,Kabingo,Africa/Kampala,UTC +3.0 ,-0.837612462598315,30.0379351994305
Uganda,Uganda,UG,,,Rukungiri,,Rubabo,,Kebisoni,,Kakinga,Africa/Kampala,UTC +3.0 ,-0.869135616182486,30.0239910039916
Uganda,Uganda,UG,,,Rukungiri,,Rubabo,,Kebisoni,,Karuhembe,Africa/Kampala,UTC +3.0 ,-0.81034443740567,30.0384732076944
Uganda,Uganda,UG,,,Rukungiri,,Rubabo,,Kebisoni,,Kigiro,Africa/Kampala,UTC +3.0 ,-0.825894455907452,30.0184237964537
Uganda,Uganda,UG,,,Rukungiri,,Rubabo,,Kebisoni,,Mabanga,Africa/Kampala,UTC +3.0 ,-0.790229530919984,30.0353981480636
Uganda,Uganda,UG,,,Rukungiri,,Rubabo,,Kebisoni,,Nyeibingo,Africa/Kampala,UTC +3.0 ,-0.806554220753436,29.9915974891538
Uganda,Uganda,UG,,,Rukungiri,,Rubabo,,Nyakishenyi,,Bikongozo,Africa/Kampala,UTC +3.0 ,-0.999925941652028,29.9173756825717
Uganda,Uganda,UG,,,Rukungiri,,Rubabo,,Nyakishenyi,,Kacence,Africa/Kampala,UTC +3.0 ,-0.955938470011263,29.9034436929828
Uganda,Uganda,UG,,,Rukungiri,,Rubabo,,Nyakishenyi,,Kafunjo,Africa/Kampala,UTC +3.0 ,-1.0272968741678,29.9079894132443
Uganda,Uganda,UG,,,Rukungiri,,Rubabo,,Nyakishenyi,,Kahoko,Africa/Kampala,UTC +3.0 ,-0.963758193063208,29.9271760087506
Uganda,Uganda,UG,,,Rukungiri,,Rubabo,,Nyakishenyi,,Katonya,Africa/Kampala,UTC +3.0 ,-0.97441181491338,29.8777136903515
Uganda,Uganda,UG,,,Rukungiri,,Rubabo,,Nyakishenyi,,Murama,Africa/Kampala,UTC +3.0 ,-0.921736874495343,29.8706503773365
Uganda,Uganda,UG,,,Rukungiri,,Rubabo,,Nyakishenyi,,Ngoma,Africa/Kampala,UTC +3.0 ,-0.953136181353204,29.9579326660938
Uganda,Uganda,UG,,,Rukungiri,,Rubabo,,Nyakishenyi,,Nyarugando,Africa/Kampala,UTC +3.0 ,-0.92717677027583,29.9370731786934
Uganda,Uganda,UG,,,Rukungiri,,Rubabo,,Nyakishenyi,,Rwanyundo,Africa/Kampala,UTC +3.0 ,-0.928070581066781,29.8940431980363
Uganda,Uganda,UG,,,Rukungiri,,Rubabo,,Nyarushanje,,Bunono,Africa/Kampala,UTC +3.0 ,-1.02870023578331,30.0295881808748
Uganda,Uganda,UG,,,Rukungiri,,Rubabo,,Nyarushanje,,Burora,Africa/Kampala,UTC +3.0 ,-0.971298191794677,30.0440973681969
Uganda,Uganda,UG,,,Rukungiri,,Rubabo,,Nyarushanje,,Bwanga,Africa/Kampala,UTC +3.0 ,-0.933165844283908,30.030522326516
Uganda,Uganda,UG,,,Rukungiri,,Rubabo,,Nyarushanje,,Ibanda,Africa/Kampala,UTC +3.0 ,-1.0051781726259,29.9851844996876
Uganda,Uganda,UG,,,Rukungiri,,Rubabo,,Nyarushanje,,Ihunga,Africa/Kampala,UTC +3.0 ,-1.00052227443302,30.043759871628
Uganda,Uganda,UG,,,Rukungiri,,Rubabo,,Nyarushanje,,Kisiizi,Africa/Kampala,UTC +3.0 ,-0.989108891605339,29.9493209191961
Uganda,Uganda,UG,,,Rukungiri,,Rubabo,,Nyarushanje,,Ndago,Africa/Kampala,UTC +3.0 ,-0.96774262450132,30.0031440492509
Uganda,Uganda,UG,,,Rukungiri,,Rubabo,,Nyarushanje,,Nyabushenyi,Africa/Kampala,UTC +3.0 ,-0.924826037468245,29.9800896022492
Uganda,Uganda,UG,,,Rukungiri,,Rubabo,,Nyarushanje,,Ruyonza,Africa/Kampala,UTC +3.0 ,-0.970468355302348,29.9823123698166
Uganda,Uganda,UG,,,Sembabule,,Lwemiyaga,,Lwemiyaga,,Kakoma,Africa/Kampala,UTC +3.0 ,0.185847100869192,31.1116561275938
Uganda,Uganda,UG,,,Sembabule,,Lwemiyaga,,Lwemiyaga,,Kampala,Africa/Kampala,UTC +3.0 ,-0.000117511350571,31.0759794102025
Uganda,Uganda,UG,,,Sembabule,,Lwemiyaga,,Lwemiyaga,,Lwemibu,Africa/Kampala,UTC +3.0 ,0.073639792697878,31.1024062062356
Uganda,Uganda,UG,,,Sembabule,,Lwemiyaga,,Lwemiyaga,,Lwensankala,Africa/Kampala,UTC +3.0 ,0.123798181194721,31.0900001824185
Uganda,Uganda,UG,,,Sembabule,,Lwemiyaga,,Lwemiyaga,,Makoole,Africa/Kampala,UTC +3.0 ,0.198659068297349,31.1525877620371
Uganda,Uganda,UG,,,Sembabule,,Lwemiyaga,,Lwemiyaga,,Rubaale,Africa/Kampala,UTC +3.0 ,0.177687588219626,31.0579354580636
Uganda,Uganda,UG,,,Sembabule,,Lwemiyaga,,Ntusi,,Bulongo,Africa/Kampala,UTC +3.0 ,0.14535386413062,31.2220415026173
Uganda,Uganda,UG,,,Sembabule,,Lwemiyaga,,Ntusi,,Kabaale,Africa/Kampala,UTC +3.0 ,-0.033863568890185,31.2471859411149
Uganda,Uganda,UG,,,Sembabule,,Lwemiyaga,,Ntusi,,Kalushonshomezi,Africa/Kampala,UTC +3.0 ,0.0574042359621,31.2766732547452
Uganda,Uganda,UG,,,Sembabule,,Lwemiyaga,,Ntusi,,Kyambogo,Africa/Kampala,UTC +3.0 ,0.005359079899211,31.2102633938193
Uganda,Uganda,UG,,,Sembabule,,Lwemiyaga,,Ntusi,,Nabitanga,Africa/Kampala,UTC +3.0 ,0.015914251750785,31.142528090264
Uganda,Uganda,UG,,,Sembabule,,Lwemiyaga,,Ntusi,,Ntuusi,Africa/Kampala,UTC +3.0 ,0.074080994161936,31.1897156468338
Uganda,Uganda,UG,,,Sembabule,,Mawogola,,Lugusulu,,Kairasya,Africa/Kampala,UTC +3.0 ,0.049584422358605,31.3813346265529
Uganda,Uganda,UG,,,Sembabule,,Mawogola,,Lugusulu,,Kawanda,Africa/Kampala,UTC +3.0 ,0.054280645681777,31.4942334803289
Uganda,Uganda,UG,,,Sembabule,,Mawogola,,Lugusulu,,Lwentale,Africa/Kampala,UTC +3.0 ,-0.02809738967404,31.4367113677187
Uganda,Uganda,UG,,,Sembabule,,Mawogola,,Lugusulu,,Mitima,Africa/Kampala,UTC +3.0 ,-0.030414161317982,31.3392361349257
Uganda,Uganda,UG,,,Sembabule,,Mawogola,,Lugusulu,,Mussi,Africa/Kampala,UTC +3.0 ,0.14787356598981,31.3538265054381
Uganda,Uganda,UG,,,Sembabule,,Mawogola,,Lwebitakuli,,Kabaale,Africa/Kampala,UTC +3.0 ,-0.307323475498071,31.3850531581745
Uganda,Uganda,UG,,,Sembabule,,Mawogola,,Lwebitakuli,,Kasambya,Africa/Kampala,UTC +3.0 ,-0.281958911288398,31.3307491020114
Uganda,Uganda,UG,,,Sembabule,,Mawogola,,Lwebitakuli,,Kinywamazzi,Africa/Kampala,UTC +3.0 ,-0.183205352161272,31.451455778598
Uganda,Uganda,UG,,,Sembabule,,Mawogola,,Lwebitakuli,,Lugusulu,Africa/Kampala,UTC +3.0 ,-0.205145907641103,31.4085863206097
Uganda,Uganda,UG,,,Sembabule,,Mawogola,,Lwebitakuli,,Lwebitakuli,Africa/Kampala,UTC +3.0 ,-0.221830709193015,31.3459962578583
Uganda,Uganda,UG,,,Sembabule,,Mawogola,,Lwebitakuli,,Nakasenyi,Africa/Kampala,UTC +3.0 ,-0.271838190438103,31.4301069412347
Uganda,Uganda,UG,,,Sembabule,,Mawogola,,Mateete,,Kasambya,Africa/Kampala,UTC +3.0 ,-0.305698408250952,31.5549300261995
Uganda,Uganda,UG,,,Sembabule,,Mawogola,,Mateete,,Kayunga,Africa/Kampala,UTC +3.0 ,-0.202353559895732,31.5176398928833
Uganda,Uganda,UG,,,Sembabule,,Mawogola,,Mateete,,Manyama,Africa/Kampala,UTC +3.0 ,-0.281808083929951,31.4993860128644
Uganda,Uganda,UG,,,Sembabule,,Mawogola,,Mateete,,Mateete,Africa/Kampala,UTC +3.0 ,-0.236958905680842,31.4952750557875
Uganda,Uganda,UG,,,Sembabule,,Mawogola,,Mateete,,Mitete,Africa/Kampala,UTC +3.0 ,-0.261208368601906,31.5638327530719
Uganda,Uganda,UG,,,Sembabule,,Mawogola,,Mateete,,Nakagongo,Africa/Kampala,UTC +3.0 ,-0.156608707777891,31.5001951253488
Uganda,Uganda,UG,,,Sembabule,,Mawogola,,Mijwala,,Kidokolo,Africa/Kampala,UTC +3.0 ,-0.124702154071877,31.3652604162399
Uganda,Uganda,UG,,,Sembabule,,Mawogola,,Mijwala,,Mabindo,Africa/Kampala,UTC +3.0 ,-0.099119022769387,31.5133243506552
Uganda,Uganda,UG,,,Sembabule,,Mawogola,,Mijwala,,Nsoga,Africa/Kampala,UTC +3.0 ,-0.115340376613274,31.4207710246818
Uganda,Uganda,UG,,,Sembabule,,Mawogola,,Sembabule Tc,,Dispensary Ward,Africa/Kampala,UTC +3.0 ,-0.088716448740342,31.4669981488188
Uganda,Uganda,UG,,,Sembabule,,Mawogola,,Sembabule Tc,,Market Ward,Africa/Kampala,UTC +3.0 ,-0.092087301938129,31.4429920557308
Uganda,Uganda,UG,,,Sembabule,,Mawogola,,Sembabule Tc,,Parish Ward,Africa/Kampala,UTC +3.0 ,-0.065732763752868,31.4612105211868
Uganda,Uganda,UG,,,Sironko,,Budadiri,,Buhugu,,Bugibugi,Africa/Kampala,UTC +3.0 ,1.18505257826336,34.3550539339835
Uganda,Uganda,UG,,,Sironko,,Budadiri,,Buhugu,,Bukyabo,Africa/Kampala,UTC +3.0 ,1.10868635918679,34.3832027450716
Uganda,Uganda,UG,,,Sironko,,Budadiri,,Buhugu,,Bukyabo,Africa/Kampala,UTC +3.0 ,1.19831188922543,34.3554074520009
Uganda,Uganda,UG,,,Sironko,,Budadiri,,Buhugu,,Bumalimba,Africa/Kampala,UTC +3.0 ,1.20778160704863,34.332381402636
Uganda,Uganda,UG,,,Sironko,,Budadiri,,Buhugu,,Bumasabire,Africa/Kampala,UTC +3.0 ,1.20832652019506,34.3634210319536
Uganda,Uganda,UG,,,Sironko,,Budadiri,,Buhugu,,Bumatofu,Africa/Kampala,UTC +3.0 ,1.19205585673293,34.3188136790557
Uganda,Uganda,UG,,,Sironko,,Budadiri,,Buhugu,,Bumugwedi,Africa/Kampala,UTC +3.0 ,1.17836366837513,34.3424913575733
Uganda,Uganda,UG,,,Sironko,,Budadiri,,Buhugu,,Bumulisha,Africa/Kampala,UTC +3.0 ,1.22352394000609,34.3237267291663
Uganda,Uganda,UG,,,Sironko,,Budadiri,,Buhugu,,Busiita,Africa/Kampala,UTC +3.0 ,1.17841139141989,34.3521194945495
Uganda,Uganda,UG,,,Sironko,,Budadiri,,Buhugu,,Kiboolo,Africa/Kampala,UTC +3.0 ,1.19397164040735,34.3345777371268
Uganda,Uganda,UG,,,Sironko,,Budadiri,,Buhugu,,Matufu Tr,Africa/Kampala,UTC +3.0 ,1.20356775355499,34.3024418120762
Uganda,Uganda,UG,,,Sironko,,Budadiri,,Buhugu,,Musene,Africa/Kampala,UTC +3.0 ,1.20853406780391,34.315697677185
Uganda,Uganda,UG,,,Sironko,,Budadiri,,Buhugu,,Nandere,Africa/Kampala,UTC +3.0 ,1.21836054087644,34.294704795928
Uganda,Uganda,UG,,,Sironko,,Budadiri,,Bukhulo,,Bukhulo,Africa/Kampala,UTC +3.0 ,1.23775223288143,34.2208579504251
Uganda,Uganda,UG,,,Sironko,,Budadiri,,Bukhulo,,Bundege,Africa/Kampala,UTC +3.0 ,1.20188957626143,34.2008094966908
Uganda,Uganda,UG,,,Sironko,,Budadiri,,Bukhulo,,Mafudu,Africa/Kampala,UTC +3.0 ,1.1840597010282,34.1941762210199
Uganda,Uganda,UG,,,Sironko,,Budadiri,,Bukhulo,,Mpogo,Africa/Kampala,UTC +3.0 ,1.21658824110279,34.2057681413457
Uganda,Uganda,UG,,,Sironko,,Budadiri,,Bukhulo,,Sironko,Africa/Kampala,UTC +3.0 ,1.22442240715571,34.2231954150923
Uganda,Uganda,UG,,,Sironko,,Budadiri,,Bumasifwa,,Bufaka,Africa/Kampala,UTC +3.0 ,1.1616881948425,34.3744634223448
Uganda,Uganda,UG,,,Sironko,,Budadiri,,Bumasifwa,,Bugiboni,Africa/Kampala,UTC +3.0 ,1.15431436042353,34.3992148156137
Uganda,Uganda,UG,,,Sironko,,Budadiri,,Bumasifwa,,Bugitimwa,Africa/Kampala,UTC +3.0 ,1.15803106599159,34.4023752532673
Uganda,Uganda,UG,,,Sironko,,Budadiri,,Bumasifwa,,Bulwala,Africa/Kampala,UTC +3.0 ,1.16799978501834,34.3616380546364
Uganda,Uganda,UG,,,Sironko,,Budadiri,,Bumasifwa,,Bumagabula,Africa/Kampala,UTC +3.0 ,1.1666675724816,34.3964801882567
Uganda,Uganda,UG,,,Sironko,,Budadiri,,Bumasifwa,,Bumaguze,Africa/Kampala,UTC +3.0 ,1.19035377277609,34.3758889195801
Uganda,Uganda,UG,,,Sironko,,Budadiri,,Bumasifwa,,Bumasifwa,Africa/Kampala,UTC +3.0 ,1.17531311114346,34.391212825436
Uganda,Uganda,UG,,,Sironko,,Budadiri,,Bumasifwa,,Bumasobo,Africa/Kampala,UTC +3.0 ,1.19148111359659,34.3876825186459
Uganda,Uganda,UG,,,Sironko,,Budadiri,,Bumasifwa,,Bumulegi,Africa/Kampala,UTC +3.0 ,1.14385103986843,34.4167235606038
Uganda,Uganda,UG,,,Sironko,,Budadiri,,Busulani,,Bugimunye,Africa/Kampala,UTC +3.0 ,1.15388010721529,34.3482089203835
Uganda,Uganda,UG,,,Sironko,,Budadiri,,Busulani,,Bugube,Africa/Kampala,UTC +3.0 ,1.14305774526524,34.3696764079876
Uganda,Uganda,UG,,,Sironko,,Budadiri,,Busulani,,Bukama,Africa/Kampala,UTC +3.0 ,1.14566538406612,34.334781624207
Uganda,Uganda,UG,,,Sironko,,Budadiri,,Busulani,,Bukyambi,Africa/Kampala,UTC +3.0 ,1.15435571271651,34.3370800051457
Uganda,Uganda,UG,,,Sironko,,Budadiri,,Busulani,,Bumawosa,Africa/Kampala,UTC +3.0 ,1.14912511534541,34.3606286987532
Uganda,Uganda,UG,,,Sironko,,Budadiri,,Busulani,,Kalawa,Africa/Kampala,UTC +3.0 ,1.17838519690073,34.3215039459867
Uganda,Uganda,UG,,,Sironko,,Budadiri,,Busulani,,Nakywondwe,Africa/Kampala,UTC +3.0 ,1.16870524311598,34.3367824902402
Uganda,Uganda,UG,,,Sironko,,Budadiri,,Butandiga,,Bukiise,Africa/Kampala,UTC +3.0 ,1.23502100435263,34.2949864889686
Uganda,Uganda,UG,,,Sironko,,Budadiri,,Butandiga,,Butandiga,Africa/Kampala,UTC +3.0 ,1.2349362943091,34.3302189667581
Uganda,Uganda,UG,,,Sironko,,Budadiri,,Butandiga,,Nalugugu,Africa/Kampala,UTC +3.0 ,1.23297468919766,34.2626076983062
Uganda,Uganda,UG,,,Sironko,,Budadiri,,Butandiga,,Nandago,Africa/Kampala,UTC +3.0 ,1.25444004426738,34.2783239791966
Uganda,Uganda,UG,,,Sironko,,Budadiri,,Butandiga,,Simupondo,Africa/Kampala,UTC +3.0 ,1.27004931193083,34.3049087930399
Uganda,Uganda,UG,,,Sironko,,Budadiri,,Buteza,,Bugambi,Africa/Kampala,UTC +3.0 ,1.11753441348589,34.2811704272936
Uganda,Uganda,UG,,,Sironko,,Budadiri,,Buteza,,Bugwimbi,Africa/Kampala,UTC +3.0 ,1.12102843161446,34.3057245758945
Uganda,Uganda,UG,,,Sironko,,Budadiri,,Buteza,,Bukahengere,Africa/Kampala,UTC +3.0 ,1.13738824129613,34.3267099901439
Uganda,Uganda,UG,,,Sironko,,Budadiri,,Buteza,,Bukiiti,Africa/Kampala,UTC +3.0 ,1.12457884201836,34.2645087202328
Uganda,Uganda,UG,,,Sironko,,Budadiri,,Buteza,,Bumirisa,Africa/Kampala,UTC +3.0 ,1.14526525737785,34.3196548964912
Uganda,Uganda,UG,,,Sironko,,Budadiri,,Buteza,,Bumukone,Africa/Kampala,UTC +3.0 ,1.11945839872465,34.321979527341
Uganda,Uganda,UG,,,Sironko,,Budadiri,,Buteza,,Buzamani,Africa/Kampala,UTC +3.0 ,1.137572435297,34.2972472159891
Uganda,Uganda,UG,,,Sironko,,Budadiri,,Buteza,,Kigulya,Africa/Kampala,UTC +3.0 ,1.1273187963692,34.2924657476193
Uganda,Uganda,UG,,,Sironko,,Budadiri,,Buwalasi,,Bubeza,Africa/Kampala,UTC +3.0 ,1.17224635819849,34.239046722411
Uganda,Uganda,UG,,,Sironko,,Budadiri,,Buwalasi,,Bugwagi,Africa/Kampala,UTC +3.0 ,1.17041388292741,34.2591998917803
Uganda,Uganda,UG,,,Sironko,,Budadiri,,Buwalasi,,Bukigalabo,Africa/Kampala,UTC +3.0 ,1.1815788235245,34.2182501646392
Uganda,Uganda,UG,,,Sironko,,Budadiri,,Buwalasi,,Bukiyi,Africa/Kampala,UTC +3.0 ,1.18843913332976,34.2315421338906
Uganda,Uganda,UG,,,Sironko,,Budadiri,,Buwalasi,,Bumausi,Africa/Kampala,UTC +3.0 ,1.19669597484153,34.2767439537411
Uganda,Uganda,UG,,,Sironko,,Budadiri,,Buwalasi,,Bummudu,Africa/Kampala,UTC +3.0 ,1.14307498350238,34.2417827118945
Uganda,Uganda,UG,,,Sironko,,Budadiri,,Buwalasi,,Busamaga,Africa/Kampala,UTC +3.0 ,1.13095008186236,34.2468499320619
Uganda,Uganda,UG,,,Sironko,,Budadiri,,Buwalasi,,Buyaya,Africa/Kampala,UTC +3.0 ,1.19188202220662,34.255258052539
Uganda,Uganda,UG,,,Sironko,,Budadiri,,Buwalasi,,Dahami,Africa/Kampala,UTC +3.0 ,1.18318082463011,34.2262542078619
Uganda,Uganda,UG,,,Sironko,,Budadiri,,Buwalasi,,Nabudisiru,Africa/Kampala,UTC +3.0 ,1.20464896734632,34.2320013051499
Uganda,Uganda,UG,,,Sironko,,Budadiri,,Buwalasi,,Nagudi,Africa/Kampala,UTC +3.0 ,1.15713987154636,34.2341647092912
Uganda,Uganda,UG,,,Sironko,,Budadiri,,Buwalasi,,Nampanga,Africa/Kampala,UTC +3.0 ,1.16698330347214,34.1946896167702
Uganda,Uganda,UG,,,Sironko,,Budadiri,,Buyobo,,Bugwagi,Africa/Kampala,UTC +3.0 ,1.17636480656063,34.2812905008794
Uganda,Uganda,UG,,,Sironko,,Budadiri,,Buyobo,,Bukimenya,Africa/Kampala,UTC +3.0 ,1.15513291340484,34.2978759744915
Uganda,Uganda,UG,,,Sironko,,Budadiri,,Buyobo,,Bulambuli,Africa/Kampala,UTC +3.0 ,1.17372690467152,34.2933619973069
Uganda,Uganda,UG,,,Sironko,,Budadiri,,Buyobo,,Busedani,Africa/Kampala,UTC +3.0 ,1.15914573015418,34.3157001890587
Uganda,Uganda,UG,,,Sironko,,Budadiri,,Buyobo,,Buwasa,Africa/Kampala,UTC +3.0 ,1.14197376625023,34.2705309054446
Uganda,Uganda,UG,,,Sironko,,Budadiri,,Sironko Tc,,Central Ward,Africa/Kampala,UTC +3.0 ,1.23610432605838,34.2444686007933
Uganda,Uganda,UG,,,Sironko,,Budadiri,,Sironko Tc,,Industrial Ward,Africa/Kampala,UTC +3.0 ,1.25830645483671,34.2433371359318
Uganda,Uganda,UG,,,Sironko,,Budadiri,,Sironko Tc,,Southern Ward,Africa/Kampala,UTC +3.0 ,1.21729559031055,34.2527173030057
Uganda,Uganda,UG,,,Sironko,,Budadiri,,Zesui,,Buboolo,Africa/Kampala,UTC +3.0 ,1.14473868803069,34.392220010591
Uganda,Uganda,UG,,,Sironko,,Budadiri,,Zesui,,Bufupa,Africa/Kampala,UTC +3.0 ,1.14392566640416,34.4043071664993
Uganda,Uganda,UG,,,Sironko,,Budadiri,,Zesui,,Bukiboli,Africa/Kampala,UTC +3.0 ,1.12475686946386,34.3575032875648
Uganda,Uganda,UG,,,Sironko,,Budadiri,,Zesui,,Bukinyale,Africa/Kampala,UTC +3.0 ,1.13427949347362,34.3888773970559
Uganda,Uganda,UG,,,Sironko,,Budadiri,,Zesui,,Bulujewa,Africa/Kampala,UTC +3.0 ,1.12915405334446,34.3487388976444
Uganda,Uganda,UG,,,Sironko,,Budadiri,,Zesui,,Bumuluwe,Africa/Kampala,UTC +3.0 ,1.1472702503751,34.3791967312474
Uganda,Uganda,UG,,,Sironko,,Budadiri,,Zesui,,Bumumulo,Africa/Kampala,UTC +3.0 ,1.12793003413148,34.3657545388397
Uganda,Uganda,UG,,,Sironko,,Budadiri,,Zesui,,Nabweya,Africa/Kampala,UTC +3.0 ,1.12067054811899,34.3394195130296
Uganda,Uganda,UG,,,Sironko,,Budadiri,,Zesui,,Shimoma,Africa/Kampala,UTC +3.0 ,1.12489017285544,34.3808165367696
Uganda,Uganda,UG,,,Sironko,,Budadiri,,Zesui,,Zesui,Africa/Kampala,UTC +3.0 ,1.13125795376965,34.4052419924176
Uganda,Uganda,UG,,,Sironko,,Bulambuli,,Buginyanya,,Bumasifwa,Africa/Kampala,UTC +3.0 ,1.27060177677921,34.376796383178
Uganda,Uganda,UG,,,Sironko,,Bulambuli,,Buginyanya,,Kirwali,Africa/Kampala,UTC +3.0 ,1.27806995297294,34.3518426434935
Uganda,Uganda,UG,,,Sironko,,Bulambuli,,Bukhalu,,Bukhalu,Africa/Kampala,UTC +3.0 ,1.32909726846282,34.2617005869751
Uganda,Uganda,UG,,,Sironko,,Bulambuli,,Bukhalu,,Bunalwere,Africa/Kampala,UTC +3.0 ,1.28729176082764,34.2673686960181
Uganda,Uganda,UG,,,Sironko,,Bulambuli,,Bukhalu,,Buyaga,Africa/Kampala,UTC +3.0 ,1.27266739592464,34.2684666425285
Uganda,Uganda,UG,,,Sironko,,Bulambuli,,Bulago,,Bumwambu,Africa/Kampala,UTC +3.0 ,1.26261774344108,34.3464580650685
Uganda,Uganda,UG,,,Sironko,,Bulambuli,,Bulago,,Bunabude,Africa/Kampala,UTC +3.0 ,1.2590028157116,34.3747982045773
Uganda,Uganda,UG,,,Sironko,,Bulambuli,,Bulago,,Bunasufwa,Africa/Kampala,UTC +3.0 ,1.23817718816405,34.3730962982713
Uganda,Uganda,UG,,,Sironko,,Bulambuli,,Bulago,,Busiya,Africa/Kampala,UTC +3.0 ,1.24745938273549,34.3609707804269
Uganda,Uganda,UG,,,Sironko,,Bulambuli,,Bulegeni,,Bulegeni,Africa/Kampala,UTC +3.0 ,1.30727367629237,34.3217052072743
Uganda,Uganda,UG,,,Sironko,,Bulambuli,,Bulegeni,,Gamatimbei,Africa/Kampala,UTC +3.0 ,1.30105871571648,34.3459606493804
Uganda,Uganda,UG,,,Sironko,,Bulambuli,,Bulegeni,,Kisekye,Africa/Kampala,UTC +3.0 ,1.29724946190411,34.3649824238822
Uganda,Uganda,UG,,,Sironko,,Bulambuli,,Bulegeni,,Magala,Africa/Kampala,UTC +3.0 ,1.29692531850056,34.3285755369811
Uganda,Uganda,UG,,,Sironko,,Bulambuli,,Bulegeni,,Mbigi,Africa/Kampala,UTC +3.0 ,1.30930824496748,34.3082260947777
Uganda,Uganda,UG,,,Sironko,,Bulambuli,,Bulegeni,,Namisuni,Africa/Kampala,UTC +3.0 ,1.29706747549874,34.3562682737245
Uganda,Uganda,UG,,,Sironko,,Bulambuli,,Bulegeni,,Samizi,Africa/Kampala,UTC +3.0 ,1.2939581322598,34.3085859849647
Uganda,Uganda,UG,,,Sironko,,Bulambuli,,Buluganya,,Buluganya,Africa/Kampala,UTC +3.0 ,1.23027827571103,34.3524680127666
Uganda,Uganda,UG,,,Sironko,,Bulambuli,,Buluganya,,Bumasobo,Africa/Kampala,UTC +3.0 ,1.21487817039044,34.3984813536063
Uganda,Uganda,UG,,,Sironko,,Bulambuli,,Bunambutye,,Buluguya,Africa/Kampala,UTC +3.0 ,1.49516336267637,34.3334585051307
Uganda,Uganda,UG,,,Sironko,,Bulambuli,,Bunambutye,,Bumufuni,Africa/Kampala,UTC +3.0 ,1.50163947383957,34.3951604686601
Uganda,Uganda,UG,,,Sironko,,Bulambuli,,Bunambutye,,Bwikonge,Africa/Kampala,UTC +3.0 ,1.47298630110242,34.2782835084066
Uganda,Uganda,UG,,,Sironko,,Bulambuli,,Masiira,,Bufumbo,Africa/Kampala,UTC +3.0 ,1.28918758406495,34.3894739791797
Uganda,Uganda,UG,,,Sironko,,Bulambuli,,Masiira,,Gabugoto,Africa/Kampala,UTC +3.0 ,1.27989536959227,34.388568627513
Uganda,Uganda,UG,,,Sironko,,Bulambuli,,Muyembe,,Bungwanyi,Africa/Kampala,UTC +3.0 ,1.32285951748444,34.2947665807903
Uganda,Uganda,UG,,,Sironko,,Bulambuli,,Muyembe,,Nabongo,Africa/Kampala,UTC +3.0 ,1.36808075241141,34.290670611825
Uganda,Uganda,UG,,,Sironko,,Bulambuli,,Sisiyi,,Bukibologota,Africa/Kampala,UTC +3.0 ,1.26018859083494,34.3284610537968
Uganda,Uganda,UG,,,Sironko,,Bulambuli,,Sisiyi,,Bumugisha,Africa/Kampala,UTC +3.0 ,1.27148796307843,34.328245198674
Uganda,Uganda,UG,,,Sironko,,Bulambuli,,Sisiyi,,Gibuzale,Africa/Kampala,UTC +3.0 ,1.29017946694703,34.3447124563263
Uganda,Uganda,UG,,,Sironko,,Bulambuli,,Sisiyi,,Luzzi,Africa/Kampala,UTC +3.0 ,1.25345196030855,34.3432180005654
Uganda,Uganda,UG,,,Sironko,,Bulambuli,,Sisiyi,,Mabono,Africa/Kampala,UTC +3.0 ,1.28017260402664,34.3312518158756
Uganda,Uganda,UG,,,Sironko,,Bulambuli,,Sisiyi,,Simu,Africa/Kampala,UTC +3.0 ,1.28118285166225,34.3109723440412
Uganda,Uganda,UG,,,Sironko,,Mt. Elgon Np,,Mt. Elgon Np,,Mt. Elgon Np,Africa/Kampala,UTC +3.0 ,1.18646682437943,34.4633803976407
Uganda,Uganda,UG,,,Soroti,,Kasilo,,Bugondo,,Agule,Africa/Kampala,UTC +3.0 ,1.63513480985568,33.3627705291743
Uganda,Uganda,UG,,,Soroti,,Kasilo,,Bugondo,,Bugondo,Africa/Kampala,UTC +3.0 ,1.59326769157904,33.2419982357344
Uganda,Uganda,UG,,,Soroti,,Kasilo,,Bugondo,,Kamod,Africa/Kampala,UTC +3.0 ,1.5631638759353,33.3693178315076
Uganda,Uganda,UG,,,Soroti,,Kasilo,,Bugondo,,Kongoto,Africa/Kampala,UTC +3.0 ,1.53759305542438,33.3178263433559
Uganda,Uganda,UG,,,Soroti,,Kasilo,,Bugondo,,Ogera,Africa/Kampala,UTC +3.0 ,1.58860870236739,33.2937606016221
Uganda,Uganda,UG,,,Soroti,,Kasilo,,Kadungulu,,Iruko,Africa/Kampala,UTC +3.0 ,1.55668207402857,33.1662802065265
Uganda,Uganda,UG,,,Soroti,,Kasilo,,Kadungulu,,Kadungulu,Africa/Kampala,UTC +3.0 ,1.5140872211799,33.2428340208387
Uganda,Uganda,UG,,,Soroti,,Kasilo,,Kadungulu,,Kagwara,Africa/Kampala,UTC +3.0 ,1.4856617111163,33.1084214573975
Uganda,Uganda,UG,,,Soroti,,Kasilo,,Pingire,,Aarapoo,Africa/Kampala,UTC +3.0 ,1.4023882786841,33.2033263055609
Uganda,Uganda,UG,,,Soroti,,Kasilo,,Pingire,,Kidetok,Africa/Kampala,UTC +3.0 ,1.48787389078343,33.4105553489573
Uganda,Uganda,UG,,,Soroti,,Kasilo,,Pingire,,Labori,Africa/Kampala,UTC +3.0 ,1.4610138015991,33.2859787375374
Uganda,Uganda,UG,,,Soroti,,Kasilo,,Pingire,,Odapakol,Africa/Kampala,UTC +3.0 ,1.4312068434202,33.4135640234321
Uganda,Uganda,UG,,,Soroti,,Kasilo,,Pingire,,Okidi Fr,Africa/Kampala,UTC +3.0 ,1.48151399554377,33.3359033223099
Uganda,Uganda,UG,,,Soroti,,Kasilo,,Pingire,,Pingire,Africa/Kampala,UTC +3.0 ,1.4235066176387,33.3553869649608
Uganda,Uganda,UG,,,Soroti,,Serere,,Atiira,,Alengo,Africa/Kampala,UTC +3.0 ,1.59092866312535,33.4864808609719
Uganda,Uganda,UG,,,Soroti,,Serere,,Atiira,,Atiira,Africa/Kampala,UTC +3.0 ,1.58830734242232,33.5426949843358
Uganda,Uganda,UG,,,Soroti,,Serere,,Atiira,,Opuure,Africa/Kampala,UTC +3.0 ,1.63816363349768,33.4407167262009
Uganda,Uganda,UG,,,Soroti,,Serere,,Kateta,,Kamusala,Africa/Kampala,UTC +3.0 ,1.45768755593574,33.5702465327103
Uganda,Uganda,UG,,,Soroti,,Serere,,Kateta,,Kanyangan,Africa/Kampala,UTC +3.0 ,1.36791355397841,33.4951040302916
Uganda,Uganda,UG,,,Soroti,,Serere,,Kateta,,Kateta,Africa/Kampala,UTC +3.0 ,1.44127634049985,33.4833764887375
Uganda,Uganda,UG,,,Soroti,,Serere,,Kateta,,Ojetenyang,Africa/Kampala,UTC +3.0 ,1.39401955539293,33.5550249964588
Uganda,Uganda,UG,,,Soroti,,Serere,,Kyere,,Kamurojo,Africa/Kampala,UTC +3.0 ,1.43880714939679,33.6351997101854
Uganda,Uganda,UG,,,Soroti,,Serere,,Kyere,,Kangodo,Africa/Kampala,UTC +3.0 ,1.52336285573553,33.5580872618105
Uganda,Uganda,UG,,,Soroti,,Serere,,Kyere,,Kelim,Africa/Kampala,UTC +3.0 ,1.54026092205911,33.6585735587293
Uganda,Uganda,UG,,,Soroti,,Serere,,Kyere,,Kyere,Africa/Kampala,UTC +3.0 ,1.48355778170669,33.6290627864603
Uganda,Uganda,UG,,,Soroti,,Serere,,Kyere,,Olupe,Africa/Kampala,UTC +3.0 ,1.53161620686178,33.5916771151872
Uganda,Uganda,UG,,,Soroti,,Serere,,Olio,,Akoboi,Africa/Kampala,UTC +3.0 ,1.58888831007955,33.4117858648678
Uganda,Uganda,UG,,,Soroti,,Serere,,Olio,,Oburin,Africa/Kampala,UTC +3.0 ,1.53217375667448,33.5170632784032
Uganda,Uganda,UG,,,Soroti,,Serere,,Olio,,Okulonyo,Africa/Kampala,UTC +3.0 ,1.55201696721974,33.4363157643436
Uganda,Uganda,UG,,,Soroti,,Serere,,Olio,,Osuguro,Africa/Kampala,UTC +3.0 ,1.5100407631787,33.4666040742316
Uganda,Uganda,UG,,,Soroti,,Soroti,,Arapai,,Aloet,Africa/Kampala,UTC +3.0 ,1.8108811888111,33.6433034843432
Uganda,Uganda,UG,,,Soroti,,Soroti,,Arapai,,Arapai,Africa/Kampala,UTC +3.0 ,1.78161798686112,33.5915452573687
Uganda,Uganda,UG,,,Soroti,,Soroti,,Arapai,,Dakabela,Africa/Kampala,UTC +3.0 ,1.88633220625829,33.6541221448743
Uganda,Uganda,UG,,,Soroti,,Soroti,,Arapai,,Odudui,Africa/Kampala,UTC +3.0 ,1.89882776147229,33.5962700305284
Uganda,Uganda,UG,,,Soroti,,Soroti,,Asuret,,Mukura,Africa/Kampala,UTC +3.0 ,1.60709831949789,33.6297222682595
Uganda,Uganda,UG,,,Soroti,,Soroti,,Asuret,,Obule,Africa/Kampala,UTC +3.0 ,1.61524048613534,33.5676647259062
Uganda,Uganda,UG,,,Soroti,,Soroti,,Asuret,,Ochokican,Africa/Kampala,UTC +3.0 ,1.6602215737921,33.5247709587356
Uganda,Uganda,UG,,,Soroti,,Soroti,,Asuret,,Otatai,Africa/Kampala,UTC +3.0 ,1.65600377219893,33.6195775753145
Uganda,Uganda,UG,,,Soroti,,Soroti,,Gweri,,Aukot,Africa/Kampala,UTC +3.0 ,1.63757834215419,33.6972926894366
Uganda,Uganda,UG,,,Soroti,,Soroti,,Gweri,,Awaliwali,Africa/Kampala,UTC +3.0 ,1.81108504845959,33.7150403737722
Uganda,Uganda,UG,,,Soroti,,Soroti,,Gweri,,Dokolo,Africa/Kampala,UTC +3.0 ,1.72751113886601,33.6958235336945
Uganda,Uganda,UG,,,Soroti,,Soroti,,Gweri,,Gweri,Africa/Kampala,UTC +3.0 ,1.73927528624546,33.7504149512801
Uganda,Uganda,UG,,,Soroti,,Soroti,,Kamuda,,Agora,Africa/Kampala,UTC +3.0 ,1.71389316869621,33.5516429849152
Uganda,Uganda,UG,,,Soroti,,Soroti,,Kamuda,,Aminit,Africa/Kampala,UTC +3.0 ,1.75984866155806,33.5174822316799
Uganda,Uganda,UG,,,Soroti,,Soroti,,Kamuda,,Kamuda,Africa/Kampala,UTC +3.0 ,1.72061745488689,33.4430438710278
Uganda,Uganda,UG,,,Soroti,,Soroti,,Kamuda,,Lalle,Africa/Kampala,UTC +3.0 ,1.68513127853951,33.4869206579199
Uganda,Uganda,UG,,,Soroti,,Soroti,,Katine,,Katine,Africa/Kampala,UTC +3.0 ,1.89489658064854,33.4791174498516
Uganda,Uganda,UG,,,Soroti,,Soroti,,Katine,,Merok,Africa/Kampala,UTC +3.0 ,1.81518176513652,33.4534590655218
Uganda,Uganda,UG,,,Soroti,,Soroti,,Katine,,Ochuloi,Africa/Kampala,UTC +3.0 ,1.80474364545283,33.526016335698
Uganda,Uganda,UG,,,Soroti,,Soroti,,Katine,,Ojom,Africa/Kampala,UTC +3.0 ,1.84137553126794,33.544649425606
Uganda,Uganda,UG,,,Soroti,,Soroti,,Katine,,Olwelai,Africa/Kampala,UTC +3.0 ,1.87529626403259,33.5359903773804
Uganda,Uganda,UG,,,Soroti,,Soroti,,Soroti,,Amen,Africa/Kampala,UTC +3.0 ,1.70615411254387,33.6219818934575
Uganda,Uganda,UG,,,Soroti,,Soroti,,Soroti,,Opuyo,Africa/Kampala,UTC +3.0 ,1.71002898697644,33.6625910662689
Uganda,Uganda,UG,,,Soroti,,Soroti,,Tubur,,Achuna,Africa/Kampala,UTC +3.0 ,1.99397805950519,33.50425023021
Uganda,Uganda,UG,,,Soroti,,Soroti,,Tubur,,Aparisa,Africa/Kampala,UTC +3.0 ,1.95170499724149,33.4944118805129
Uganda,Uganda,UG,,,Soroti,,Soroti,,Tubur,,Palaet,Africa/Kampala,UTC +3.0 ,1.92586619493075,33.5500284439832
Uganda,Uganda,UG,,,Soroti,,Soroti (Municipality),,Eastern Division,,Akiisim Ward,Africa/Kampala,UTC +3.0 ,1.71127468319894,33.6150290198116
Uganda,Uganda,UG,,,Soroti,,Soroti (Municipality),,Eastern Division,,Central Ward,Africa/Kampala,UTC +3.0 ,1.71680360881374,33.6184642881834
Uganda,Uganda,UG,,,Soroti,,Soroti (Municipality),,Eastern Division,,Kengere Ward,Africa/Kampala,UTC +3.0 ,1.71536445908826,33.6277066993369
Uganda,Uganda,UG,,,Soroti,,Soroti (Municipality),,Eastern Division,,Moruapesur Ward,Africa/Kampala,UTC +3.0 ,1.70850793520228,33.6252726084363
Uganda,Uganda,UG,,,Soroti,,Soroti (Municipality),,Northern Division,,Camp Swahili Ward,Africa/Kampala,UTC +3.0 ,1.73564126657639,33.6116003334078
Uganda,Uganda,UG,,,Soroti,,Soroti (Municipality),,Northern Division,,Kichinjaji Ward,Africa/Kampala,UTC +3.0 ,1.7240067029434,33.6264064166685
Uganda,Uganda,UG,,,Soroti,,Soroti (Municipality),,Northern Division,,Madera Ward,Africa/Kampala,UTC +3.0 ,1.73890200260418,33.5874075663079
Uganda,Uganda,UG,,,Soroti,,Soroti (Municipality),,Northern Division,,Pioneer Ward,Africa/Kampala,UTC +3.0 ,1.72458586390066,33.6173799388063
Uganda,Uganda,UG,,,Soroti,,Soroti (Municipality),,Western Division,,Nakatunya Ward,Africa/Kampala,UTC +3.0 ,1.72518647224762,33.5966022110895
Uganda,Uganda,UG,,,Soroti,,Soroti (Municipality),,Western Division,,Oderai - Majengo,Africa/Kampala,UTC +3.0 ,1.70721326276598,33.598461358679
Uganda,Uganda,UG,,,Soroti,,Soroti (Municipality),,Western Division,,Pamba Ward,Africa/Kampala,UTC +3.0 ,1.70233071732453,33.6155357885502
Uganda,Uganda,UG,,,Soroti,,Soroti (Municipality),,Western Division,,Senior Quarters,Africa/Kampala,UTC +3.0 ,1.71682841460269,33.6034081888146
Uganda,Uganda,UG,,,Tororo,,Bunyole,,Budumba,,Budumba,Africa/Kampala,UTC +3.0 ,0.829026409003226,33.8114780490858
Uganda,Uganda,UG,,,Tororo,,Bunyole,,Budumba,,Budusu,Africa/Kampala,UTC +3.0 ,0.79541314603526,33.817334095439
Uganda,Uganda,UG,,,Tororo,,Bunyole,,Budumba,,Bunawale,Africa/Kampala,UTC +3.0 ,0.765331090960253,33.8351808774521
Uganda,Uganda,UG,,,Tororo,,Bunyole,,Budumba,,Busabi,Africa/Kampala,UTC +3.0 ,0.78131381692579,33.8895463388213
Uganda,Uganda,UG,,,Tororo,,Bunyole,,Budumba,,Buwesa,Africa/Kampala,UTC +3.0 ,0.72192502953913,33.8639114867798
Uganda,Uganda,UG,,,Tororo,,Bunyole,,Budumba,,Habiga,Africa/Kampala,UTC +3.0 ,0.762202466062148,33.8763396393875
Uganda,Uganda,UG,,,Tororo,,Bunyole,,Budumba,,Mabale,Africa/Kampala,UTC +3.0 ,0.815989008793938,33.855032494833
Uganda,Uganda,UG,,,Tororo,,Bunyole,,Busaba,,Busaba,Africa/Kampala,UTC +3.0 ,0.893846243882613,33.8156134594811
Uganda,Uganda,UG,,,Tororo,,Bunyole,,Busaba,,Buwihula,Africa/Kampala,UTC +3.0 ,0.866188918643947,33.8654412517767
Uganda,Uganda,UG,,,Tororo,,Bunyole,,Busaba,,Mulagi,Africa/Kampala,UTC +3.0 ,0.870276770223901,33.8976813210347
Uganda,Uganda,UG,,,Tororo,,Bunyole,,Busaba,,Mulanga,Africa/Kampala,UTC +3.0 ,0.856998021611953,33.8251131929783
Uganda,Uganda,UG,,,Tororo,,Bunyole,,Busolwe,,Bubalya,Africa/Kampala,UTC +3.0 ,0.807118372734515,33.9112940062857
Uganda,Uganda,UG,,,Tororo,,Bunyole,,Busolwe,,Busolwe,Africa/Kampala,UTC +3.0 ,0.83924350742275,33.9279435862532
Uganda,Uganda,UG,,,Tororo,,Bunyole,,Busolwe,,Buwumu,Africa/Kampala,UTC +3.0 ,0.848484568014851,33.9003911740517
Uganda,Uganda,UG,,,Tororo,,Bunyole,,Busolwe,,Mugulu,Africa/Kampala,UTC +3.0 ,0.827378343574104,33.8896974125669
Uganda,Uganda,UG,,,Tororo,,Bunyole,,Butaleja,,Bunghagi,Africa/Kampala,UTC +3.0 ,0.919953030093169,33.9641939884667
Uganda,Uganda,UG,,,Tororo,,Bunyole,,Butaleja,,Busibira,Africa/Kampala,UTC +3.0 ,0.876554437096078,33.9446990381709
Uganda,Uganda,UG,,,Tororo,,Bunyole,,Butaleja,,Butaleja,Africa/Kampala,UTC +3.0 ,0.925026138735395,33.9290089010002
Uganda,Uganda,UG,,,Tororo,,Bunyole,,Butaleja,,Nakwasi,Africa/Kampala,UTC +3.0 ,0.894949617814226,33.9925570699077
Uganda,Uganda,UG,,,Tororo,,Bunyole,,Butaleja,,Namulo,Africa/Kampala,UTC +3.0 ,0.924952646676428,34.0336085769176
Uganda,Uganda,UG,,,Tororo,,Bunyole,,Kachonga,,Kachonga,Africa/Kampala,UTC +3.0 ,1.00911375994434,34.069545729023
Uganda,Uganda,UG,,,Tororo,,Bunyole,,Kachonga,,Nabiganda,Africa/Kampala,UTC +3.0 ,0.99210637639803,34.0496644420592
Uganda,Uganda,UG,,,Tororo,,Bunyole,,Kachonga,,Nambale,Africa/Kampala,UTC +3.0 ,1.01998622254048,34.096478704537
Uganda,Uganda,UG,,,Tororo,,Bunyole,,Kachonga,,Nampologoma,Africa/Kampala,UTC +3.0 ,0.965520988470005,34.0101513454813
Uganda,Uganda,UG,,,Tororo,,Bunyole,,Nawanjofu,,Bingo,Africa/Kampala,UTC +3.0 ,0.914423601493824,33.8822800118298
Uganda,Uganda,UG,,,Tororo,,Bunyole,,Nawanjofu,,Bubbinge,Africa/Kampala,UTC +3.0 ,0.905353655682615,33.8487054136583
Uganda,Uganda,UG,,,Tororo,,Bunyole,,Nawanjofu,,Bugalo,Africa/Kampala,UTC +3.0 ,0.937024321577303,33.8090538801645
Uganda,Uganda,UG,,,Tororo,,Bunyole,,Nazimasa,,Kapisa,Africa/Kampala,UTC +3.0 ,0.948313290537003,34.0914713382928
Uganda,Uganda,UG,,,Tororo,,Kisoko (West Budama),,Iyolwa,,Magola,Africa/Kampala,UTC +3.0 ,0.62215900024875,34.062199733675
Uganda,Uganda,UG,,,Tororo,,Kisoko (West Budama),,Iyolwa,,Poyem,Africa/Kampala,UTC +3.0 ,0.620905516470186,33.9571384111277
Uganda,Uganda,UG,,,Tororo,,Kisoko (West Budama),,Kirewa,,Katandi,Africa/Kampala,UTC +3.0 ,0.805220732951948,33.9691839890743
Uganda,Uganda,UG,,,Tororo,,Kisoko (West Budama),,Kirewa,,Kirewa,Africa/Kampala,UTC +3.0 ,0.79014890555796,33.9481087175749
Uganda,Uganda,UG,,,Tororo,,Kisoko (West Budama),,Kirewa,,Mifumi,Africa/Kampala,UTC +3.0 ,0.748136732199362,33.9317375797634
Uganda,Uganda,UG,,,Tororo,,Kisoko (West Budama),,Kirewa,,Senda,Africa/Kampala,UTC +3.0 ,0.821601811583363,33.9467379599576
Uganda,Uganda,UG,,,Tororo,,Kisoko (West Budama),,Kirewa,,Soni,Africa/Kampala,UTC +3.0 ,0.769678389400719,33.9366203945615
Uganda,Uganda,UG,,,Tororo,,Kisoko (West Budama),,Kisoko,,Gwaragwara,Africa/Kampala,UTC +3.0 ,0.720554869916125,34.0947902116706
Uganda,Uganda,UG,,,Tororo,,Kisoko (West Budama),,Kisoko,,Kisoko,Africa/Kampala,UTC +3.0 ,0.743475851365282,34.1124736076739
Uganda,Uganda,UG,,,Tororo,,Kisoko (West Budama),,Kisoko,,Morikiswa,Africa/Kampala,UTC +3.0 ,0.748792662299428,34.0880074280273
Uganda,Uganda,UG,,,Tororo,,Kisoko (West Budama),,Kisoko,,Peipei,Africa/Kampala,UTC +3.0 ,0.765478846345481,34.1252966862929
Uganda,Uganda,UG,,,Tororo,,Kisoko (West Budama),,Mulanda,,Lwala,Africa/Kampala,UTC +3.0 ,0.67146388631968,34.052128980725
Uganda,Uganda,UG,,,Tororo,,Kisoko (West Budama),,Mulanda,,Mulanda,Africa/Kampala,UTC +3.0 ,0.670006362177189,33.9884697708378
Uganda,Uganda,UG,,,Tororo,,Kisoko (West Budama),,Mulanda,,Mwello,Africa/Kampala,UTC +3.0 ,0.714758911088698,34.0348435465857
Uganda,Uganda,UG,,,Tororo,,Kisoko (West Budama),,Nabuyoga,,Nabuyoga,Africa/Kampala,UTC +3.0 ,0.719578129702843,33.9440580250203
Uganda,Uganda,UG,,,Tororo,,Kisoko (West Budama),,Nabuyoga,,Namwanga,Africa/Kampala,UTC +3.0 ,0.681597307903537,33.9446106258367
Uganda,Uganda,UG,,,Tororo,,Kisoko (West Budama),,Nabuyoga,,Nyamalogo,Africa/Kampala,UTC +3.0 ,0.708319345332591,33.9816659957041
Uganda,Uganda,UG,,,Tororo,,Kisoko (West Budama),,Nabuyoga,,Pawanga,Africa/Kampala,UTC +3.0 ,0.707609579991407,33.9048179369276
Uganda,Uganda,UG,,,Tororo,,Kisoko (West Budama),,Nagongera,,Katajula,Africa/Kampala,UTC +3.0 ,0.773364737939844,33.9839375792512
Uganda,Uganda,UG,,,Tororo,,Kisoko (West Budama),,Nagongera,,Maunda,Africa/Kampala,UTC +3.0 ,0.778534841861798,34.0554158544814
Uganda,Uganda,UG,,,Tororo,,Kisoko (West Budama),,Nagongera,,Nagongera,Africa/Kampala,UTC +3.0 ,0.766262855374592,34.0139347852466
Uganda,Uganda,UG,,,Tororo,,Kisoko (West Budama),,Nagongera,,Namwaya,Africa/Kampala,UTC +3.0 ,0.739512728426331,34.0571703068423
Uganda,Uganda,UG,,,Tororo,,Kisoko (West Budama),,Paya,,Nawire,Africa/Kampala,UTC +3.0 ,0.84325452827195,34.0317177434751
Uganda,Uganda,UG,,,Tororo,,Kisoko (West Budama),,Paya,,Paya,Africa/Kampala,UTC +3.0 ,0.838346769001452,33.9905174354531
Uganda,Uganda,UG,,,Tororo,,Kisoko (West Budama),,Paya,,Sop-Sop,Africa/Kampala,UTC +3.0 ,0.845486842210512,34.0666440202639
Uganda,Uganda,UG,,,Tororo,,Kisoko (West Budama),,Petta,,Mbula,Africa/Kampala,UTC +3.0 ,0.813705014409284,34.100313744357
Uganda,Uganda,UG,,,Tororo,,Kisoko (West Budama),,Petta,,Pakoi,Africa/Kampala,UTC +3.0 ,0.792645619745553,34.0752183595575
Uganda,Uganda,UG,,,Tororo,,Kisoko (West Budama),,Petta,,Petta,Africa/Kampala,UTC +3.0 ,0.775188711251689,34.0826786417434
Uganda,Uganda,UG,,,Tororo,,Kisoko (West Budama),,Petta,,Ramog,Africa/Kampala,UTC +3.0 ,0.780715352261254,34.1044969278711
Uganda,Uganda,UG,,,Tororo,,Kisoko (West Budama),,Rubongi,,Kidera,Africa/Kampala,UTC +3.0 ,0.682305449612016,34.0988761112355
Uganda,Uganda,UG,,,Tororo,,Kisoko (West Budama),,Rubongi,,Nyaakesi,Africa/Kampala,UTC +3.0 ,0.740410028223783,34.1480160139526
Uganda,Uganda,UG,,,Tororo,,Kisoko (West Budama),,Rubongi,,Nyangole,Africa/Kampala,UTC +3.0 ,0.724758915378809,34.1723762731498
Uganda,Uganda,UG,,,Tororo,,Kisoko (West Budama),,Rubongi,,Osia,Africa/Kampala,UTC +3.0 ,0.658529189316757,34.1126499441603
Uganda,Uganda,UG,,,Tororo,,Kisoko (West Budama),,Rubongi,,Panyangasi,Africa/Kampala,UTC +3.0 ,0.702186469098056,34.1299184713303
Uganda,Uganda,UG,,,Tororo,,Tororo,,Kwapa,,Asinge,Africa/Kampala,UTC +3.0 ,0.731889508810549,34.2344898668426
Uganda,Uganda,UG,,,Tororo,,Tororo,,Kwapa,,Kalait,Africa/Kampala,UTC +3.0 ,0.737700632552966,34.2962805495376
Uganda,Uganda,UG,,,Tororo,,Tororo,,Kwapa,,Kwapa,Africa/Kampala,UTC +3.0 ,0.75715432836026,34.2436855807311
Uganda,Uganda,UG,,,Tororo,,Tororo,,Kwapa,,Morukebu,Africa/Kampala,UTC +3.0 ,0.753314573786432,34.2813378641185
Uganda,Uganda,UG,,,Tororo,,Tororo,,Mella,,Amoni,Africa/Kampala,UTC +3.0 ,0.71307259775392,34.2875313984273
Uganda,Uganda,UG,,,Tororo,,Tororo,,Mella,,Apokor,Africa/Kampala,UTC +3.0 ,0.716655561380864,34.25095587399
Uganda,Uganda,UG,,,Tororo,,Tororo,,Mella,,Kuitangiro,Africa/Kampala,UTC +3.0 ,0.653441418290729,34.2517653922824
Uganda,Uganda,UG,,,Tororo,,Tororo,,Mella,,Malaba,Africa/Kampala,UTC +3.0 ,0.642587522380982,34.2611433933655
Uganda,Uganda,UG,,,Tororo,,Tororo,,Mella,,Mella,Africa/Kampala,UTC +3.0 ,0.687019052871829,34.257332328319
Uganda,Uganda,UG,,,Tororo,,Tororo,,Merikit,,Apokor,Africa/Kampala,UTC +3.0 ,0.801341735941916,34.1542637808438
Uganda,Uganda,UG,,,Tororo,,Tororo,,Merikit,,Kidoko/Amurwo,Africa/Kampala,UTC +3.0 ,0.89127081805841,34.0883632590681
Uganda,Uganda,UG,,,Tororo,,Tororo,,Merikit,,Maliri,Africa/Kampala,UTC +3.0 ,0.829845206727412,34.1355170058332
Uganda,Uganda,UG,,,Tororo,,Tororo,,Merikit,,Merikit,Africa/Kampala,UTC +3.0 ,0.845512255772251,34.1049812352905
Uganda,Uganda,UG,,,Tororo,,Tororo,,Molo,,Kidoko,Africa/Kampala,UTC +3.0 ,0.878257554831958,34.1253683222855
Uganda,Uganda,UG,,,Tororo,,Tororo,,Molo,,Kipangor,Africa/Kampala,UTC +3.0 ,0.861205418701056,34.1458150317512
Uganda,Uganda,UG,,,Tororo,,Tororo,,Molo,,Mollo,Africa/Kampala,UTC +3.0 ,0.848228685127748,34.1640473007644
Uganda,Uganda,UG,,,Tororo,,Tororo,,Molo,,Tuba,Africa/Kampala,UTC +3.0 ,0.817377235484857,34.1696185848566
Uganda,Uganda,UG,,,Tororo,,Tororo,,Mukuju,,Akadot,Africa/Kampala,UTC +3.0 ,0.768616921853369,34.1523976478355
Uganda,Uganda,UG,,,Tororo,,Tororo,,Mukuju,,Atiri,Africa/Kampala,UTC +3.0 ,0.770639337002197,34.1969889605763
Uganda,Uganda,UG,,,Tororo,,Tororo,,Mukuju,,Kalachai,Africa/Kampala,UTC +3.0 ,0.790702461733874,34.2253681272792
Uganda,Uganda,UG,,,Tororo,,Tororo,,Mukuju,,Kamuli,Africa/Kampala,UTC +3.0 ,0.793878724004678,34.1346078855286
Uganda,Uganda,UG,,,Tororo,,Tororo,,Mukuju,,Mukujju,Africa/Kampala,UTC +3.0 ,0.745295268175448,34.1977053569218
Uganda,Uganda,UG,,,Tororo,,Tororo,,Mukuju,,Peta,Africa/Kampala,UTC +3.0 ,0.798942181786966,34.1966981784118
Uganda,Uganda,UG,,,Tororo,,Tororo,,Osukuru,,Kayoro,Africa/Kampala,UTC +3.0 ,0.615820168938879,34.1328029225927
Uganda,Uganda,UG,,,Tororo,,Tororo,,Osukuru,,Morukatipe,Africa/Kampala,UTC +3.0 ,0.702086367764492,34.2197919934527
Uganda,Uganda,UG,,,Tororo,,Tororo,,Osukuru,,Nyalakot,Africa/Kampala,UTC +3.0 ,0.658780619502122,34.2162203563358
Uganda,Uganda,UG,,,Tororo,,Tororo,,Osukuru,,Osukuru,Africa/Kampala,UTC +3.0 ,0.648388350252673,34.1626868677747
Uganda,Uganda,UG,,,Tororo,,Tororo (Municipality),,Eastern Divisioni,,Amagoro A Ward,Africa/Kampala,UTC +3.0 ,0.682546113209772,34.1997584880015
Uganda,Uganda,UG,,,Tororo,,Tororo (Municipality),,Eastern Divisioni,,Amagoro B Ward,Africa/Kampala,UTC +3.0 ,0.67164543285517,34.1827647881991
Uganda,Uganda,UG,,,Tororo,,Tororo (Municipality),,Eastern Divisioni,,Nyangole-Kasoli Ward,Africa/Kampala,UTC +3.0 ,0.703383741548428,34.1938370419761
Uganda,Uganda,UG,,,Tororo,,Tororo (Municipality),,Western Divisioni,,Agururu A Ward,Africa/Kampala,UTC +3.0 ,0.691668607819774,34.1640875920022
Uganda,Uganda,UG,,,Tororo,,Tororo (Municipality),,Western Divisioni,,Agururu B Ward,Africa/Kampala,UTC +3.0 ,0.676127747810558,34.1679628345376
Uganda,Uganda,UG,,,Tororo,,Tororo (Municipality),,Western Divisioni,,Bison-Maguria Ward,Africa/Kampala,UTC +3.0 ,0.706783761101954,34.1729418968643
Uganda,Uganda,UG,,,Tororo,,Tororo (Municipality),,Western Divisioni,,Central Ward,Africa/Kampala,UTC +3.0 ,0.695666069555767,34.1823014945597
Uganda,Uganda,UG,,,Wakiso,,Busiiro,,Kakiri,,Buwanuka,Africa/Kampala,UTC +3.0 ,0.389880472057962,32.370209458475
Uganda,Uganda,UG,,,Wakiso,,Busiiro,,Kakiri,,Kakiri,Africa/Kampala,UTC +3.0 ,0.428190419537898,32.3997315967942
Uganda,Uganda,UG,,,Wakiso,,Busiiro,,Kakiri,,Kamuli,Africa/Kampala,UTC +3.0 ,0.477768559629946,32.3774307844818
Uganda,Uganda,UG,,,Wakiso,,Busiiro,,Kakiri,,Kikandwa,Africa/Kampala,UTC +3.0 ,0.434608905582345,32.3420832189634
Uganda,Uganda,UG,,,Wakiso,,Busiiro,,Kakiri,,Lubbe,Africa/Kampala,UTC +3.0 ,0.471645177270032,32.3560841839704
Uganda,Uganda,UG,,,Wakiso,,Busiiro,,Kakiri,,Luwunga,Africa/Kampala,UTC +3.0 ,0.399810720470271,32.4031886562277
Uganda,Uganda,UG,,,Wakiso,,Busiiro,,Kakiri,,Magoggo,Africa/Kampala,UTC +3.0 ,0.420334641329245,32.3129957100173
Uganda,Uganda,UG,,,Wakiso,,Busiiro,,Kakiri,,Nakyelongoosa,Africa/Kampala,UTC +3.0 ,0.441188118459137,32.3790604404545
Uganda,Uganda,UG,,,Wakiso,,Busiiro,,Kakiri,,Nampunge,Africa/Kampala,UTC +3.0 ,0.475527668240253,32.3193743494022
Uganda,Uganda,UG,,,Wakiso,,Busiiro,,Kakiri,,Ssentema,Africa/Kampala,UTC +3.0 ,0.38522322375806,32.4212752585972
Uganda,Uganda,UG,,,Wakiso,,Busiiro,,Kasanje,,Bulumbu,Africa/Kampala,UTC +3.0 ,0.111776673506626,32.3236764797617
Uganda,Uganda,UG,,,Wakiso,,Busiiro,,Kasanje,,Bussi,Africa/Kampala,UTC +3.0 ,-0.016203319936006,32.3684922322854
Uganda,Uganda,UG,,,Wakiso,,Busiiro,,Kasanje,,Bussi,Africa/Kampala,UTC +3.0 ,0.053159853777992,32.3289016623398
Uganda,Uganda,UG,,,Wakiso,,Busiiro,,Kasanje,,Bussi,Africa/Kampala,UTC +3.0 ,0.06997853087831,32.3599206910639
Uganda,Uganda,UG,,,Wakiso,,Busiiro,,Kasanje,,Jjungo,Africa/Kampala,UTC +3.0 ,0.154023293252177,32.4373897250004
Uganda,Uganda,UG,,,Wakiso,,Busiiro,,Kasanje,,Kasanje,Africa/Kampala,UTC +3.0 ,0.154508900430043,32.3884633690153
Uganda,Uganda,UG,,,Wakiso,,Busiiro,,Kasanje,,Mako,Africa/Kampala,UTC +3.0 ,0.181071352573607,32.3736513111852
Uganda,Uganda,UG,,,Wakiso,,Busiiro,,Kasanje,,Sokolo,Africa/Kampala,UTC +3.0 ,0.205859410665285,32.4043187112448
Uganda,Uganda,UG,,,Wakiso,,Busiiro,,Kasanje,,Ssazi,Africa/Kampala,UTC +3.0 ,0.074918727212552,32.3651998195544
Uganda,Uganda,UG,,,Wakiso,,Busiiro,,Kasanje,,Ssazi,Africa/Kampala,UTC +3.0 ,0.104653967257159,32.4174072444752
Uganda,Uganda,UG,,,Wakiso,,Busiiro,,Kasanje,,Zziba,Africa/Kampala,UTC +3.0 ,0.097010245726898,32.3661731214181
Uganda,Uganda,UG,,,Wakiso,,Busiiro,,Kasanje,,Zzinga,Africa/Kampala,UTC +3.0 ,0.009010964569348,32.2587585785508
Uganda,Uganda,UG,,,Wakiso,,Busiiro,,Kasanje,,Zzinga,Africa/Kampala,UTC +3.0 ,0.0223965727034,32.2580194230448
Uganda,Uganda,UG,,,Wakiso,,Busiiro,,Kasanje,,Zzinga,Africa/Kampala,UTC +3.0 ,0.025531090997428,32.2119935993876
Uganda,Uganda,UG,,,Wakiso,,Busiiro,,Kasanje,,Zzinga,Africa/Kampala,UTC +3.0 ,0.027366382169736,32.2510473534047
Uganda,Uganda,UG,,,Wakiso,,Busiiro,,Kasanje,,Zzinga,Africa/Kampala,UTC +3.0 ,-0.022542258631677,32.349179019133
Uganda,Uganda,UG,,,Wakiso,,Busiiro,,Kasanje,,Zzinga,Africa/Kampala,UTC +3.0 ,-0.018514539679208,32.3636404742671
Uganda,Uganda,UG,,,Wakiso,,Busiiro,,Kasanje,,Zzinga,Africa/Kampala,UTC +3.0 ,0.033526538646068,32.2658382356599
Uganda,Uganda,UG,,,Wakiso,,Busiiro,,Kasanje,,Zzinga,Africa/Kampala,UTC +3.0 ,0.038416145135135,32.3073855556249
Uganda,Uganda,UG,,,Wakiso,,Busiiro,,Kasanje,,Zzinga,Africa/Kampala,UTC +3.0 ,0.042411516773358,32.2609752226487
Uganda,Uganda,UG,,,Wakiso,,Busiiro,,Katabi-Entebbe,,Kabale,Africa/Kampala,UTC +3.0 ,0.105144896582792,32.4823824337026
Uganda,Uganda,UG,,,Wakiso,,Busiiro,,Katabi-Entebbe,,Kisubi,Africa/Kampala,UTC +3.0 ,0.126618177856798,32.5582306593435
Uganda,Uganda,UG,,,Wakiso,,Busiiro,,Katabi-Entebbe,,Kisubi,Africa/Kampala,UTC +3.0 ,0.148250675052506,32.5600943507797
Uganda,Uganda,UG,,,Wakiso,,Busiiro,,Katabi-Entebbe,,Kisubi,Africa/Kampala,UTC +3.0 ,0.154819927604841,32.5747947547459
Uganda,Uganda,UG,,,Wakiso,,Busiiro,,Katabi-Entebbe,,Kitala,Africa/Kampala,UTC +3.0 ,0.114271738092375,32.5099716613638
Uganda,Uganda,UG,,,Wakiso,,Busiiro,,Katabi-Entebbe,,Nalugala,Africa/Kampala,UTC +3.0 ,0.032972856412311,32.5885592467317
Uganda,Uganda,UG,,,Wakiso,,Busiiro,,Katabi-Entebbe,,Nalugala,Africa/Kampala,UTC +3.0 ,0.080051319326607,32.5467617916976
Uganda,Uganda,UG,,,Wakiso,,Busiiro,,Katabi-Entebbe,,Nkumba,Africa/Kampala,UTC +3.0 ,0.075797192639298,32.5114026032928
Uganda,Uganda,UG,,,Wakiso,,Busiiro,,Masulita,,Bbale-Mukwenda,Africa/Kampala,UTC +3.0 ,0.564059020081085,32.3894086426208
Uganda,Uganda,UG,,,Wakiso,,Busiiro,,Masulita,,Kabale,Africa/Kampala,UTC +3.0 ,0.526159094299001,32.3868361004699
Uganda,Uganda,UG,,,Wakiso,,Busiiro,,Masulita,,Kanzize,Africa/Kampala,UTC +3.0 ,0.548875889304339,32.3634777016698
Uganda,Uganda,UG,,,Wakiso,,Busiiro,,Masulita,,Katikamu,Africa/Kampala,UTC +3.0 ,0.525076178202022,32.3302675595741
Uganda,Uganda,UG,,,Wakiso,,Busiiro,,Masulita,,Kyengeza,Africa/Kampala,UTC +3.0 ,0.516871250558737,32.3129968337407
Uganda,Uganda,UG,,,Wakiso,,Busiiro,,Masulita,,Lugungudde,Africa/Kampala,UTC +3.0 ,0.538575737506934,32.3418959810131
Uganda,Uganda,UG,,,Wakiso,,Busiiro,,Masulita,,Lwemwendde,Africa/Kampala,UTC +3.0 ,0.552754224227979,32.4112187333956
Uganda,Uganda,UG,,,Wakiso,,Busiiro,,Masulita,,Manze,Africa/Kampala,UTC +3.0 ,0.535021839244091,32.4304681552547
Uganda,Uganda,UG,,,Wakiso,,Busiiro,,Masulita,,Masulita,Africa/Kampala,UTC +3.0 ,0.509215683041356,32.3598950786137
Uganda,Uganda,UG,,,Wakiso,,Busiiro,,Masulita,,Nakikungube,Africa/Kampala,UTC +3.0 ,0.509189402779552,32.4022436719231
Uganda,Uganda,UG,,,Wakiso,,Busiiro,,Masulita,,Ttumbaali,Africa/Kampala,UTC +3.0 ,0.522407072503118,32.4172700792101
Uganda,Uganda,UG,,,Wakiso,,Busiiro,,Namayumba,,Bembe,Africa/Kampala,UTC +3.0 ,0.429572350921907,32.2763689461323
Uganda,Uganda,UG,,,Wakiso,,Busiiro,,Namayumba,,Bukondo,Africa/Kampala,UTC +3.0 ,0.471098297665699,32.2822908840183
Uganda,Uganda,UG,,,Wakiso,,Busiiro,,Namayumba,,Kanziro,Africa/Kampala,UTC +3.0 ,0.494557502879539,32.2578435750243
Uganda,Uganda,UG,,,Wakiso,,Busiiro,,Namayumba,,Kitayita,Africa/Kampala,UTC +3.0 ,0.49305974621892,32.2186692757136
Uganda,Uganda,UG,,,Wakiso,,Busiiro,,Namayumba,,Kyampisi,Africa/Kampala,UTC +3.0 ,0.557699014093498,32.2440883195035
Uganda,Uganda,UG,,,Wakiso,,Busiiro,,Namayumba,,Kyanuuna,Africa/Kampala,UTC +3.0 ,0.537228291347919,32.224868134077
Uganda,Uganda,UG,,,Wakiso,,Busiiro,,Namayumba,,Kyasa,Africa/Kampala,UTC +3.0 ,0.440510543940953,32.2454348224499
Uganda,Uganda,UG,,,Wakiso,,Busiiro,,Namayumba,,Luguzi,Africa/Kampala,UTC +3.0 ,0.529329024752129,32.2603186905276
Uganda,Uganda,UG,,,Wakiso,,Busiiro,,Namayumba,,Lutisi,Africa/Kampala,UTC +3.0 ,0.501700567942129,32.2902277218701
Uganda,Uganda,UG,,,Wakiso,,Busiiro,,Namayumba,,Nakedde,Africa/Kampala,UTC +3.0 ,0.462518788701887,32.2209705219083
Uganda,Uganda,UG,,,Wakiso,,Busiiro,,Nsangi,,Buddo,Africa/Kampala,UTC +3.0 ,0.262940598014228,32.4894535015841
Uganda,Uganda,UG,,,Wakiso,,Busiiro,,Nsangi,,Kasenge,Africa/Kampala,UTC +3.0 ,0.276060763743177,32.5125364447637
Uganda,Uganda,UG,,,Wakiso,,Busiiro,,Nsangi,,Katereke,Africa/Kampala,UTC +3.0 ,0.303522529393441,32.4351270412638
Uganda,Uganda,UG,,,Wakiso,,Busiiro,,Nsangi,,Kikajo,Africa/Kampala,UTC +3.0 ,0.247217703743728,32.5239517580797
Uganda,Uganda,UG,,,Wakiso,,Busiiro,,Nsangi,,Kisozi/Kitemu,Africa/Kampala,UTC +3.0 ,0.271245465269661,32.4698198882033
Uganda,Uganda,UG,,,Wakiso,,Busiiro,,Nsangi,,Kyengera,Africa/Kampala,UTC +3.0 ,0.301315870483171,32.4995923147418
Uganda,Uganda,UG,,,Wakiso,,Busiiro,,Nsangi,,Maya,Africa/Kampala,UTC +3.0 ,0.261238527637145,32.4366762774332
Uganda,Uganda,UG,,,Wakiso,,Busiiro,,Nsangi,,Nabbingo,Africa/Kampala,UTC +3.0 ,0.291964846935788,32.4821712211833
Uganda,Uganda,UG,,,Wakiso,,Busiiro,,Nsangi,,Nanziga,Africa/Kampala,UTC +3.0 ,0.236640148947287,32.4297335403245
Uganda,Uganda,UG,,,Wakiso,,Busiiro,,Nsangi,,Nsangi,Africa/Kampala,UTC +3.0 ,0.274068601070154,32.4547680186582
Uganda,Uganda,UG,,,Wakiso,,Busiiro,,Ssisa,,Bulwanyi,Africa/Kampala,UTC +3.0 ,0.204530342093635,32.4289253843985
Uganda,Uganda,UG,,,Wakiso,,Busiiro,,Ssisa,,Bweya,Africa/Kampala,UTC +3.0 ,0.186635783561811,32.5548108523441
Uganda,Uganda,UG,,,Wakiso,,Busiiro,,Ssisa,,Kitende,Africa/Kampala,UTC +3.0 ,0.19943535011929,32.5232151717874
Uganda,Uganda,UG,,,Wakiso,,Busiiro,,Ssisa,,Nakawuka,Africa/Kampala,UTC +3.0 ,0.193282402736039,32.4591444015392
Uganda,Uganda,UG,,,Wakiso,,Busiiro,,Ssisa,,Namulanda,Africa/Kampala,UTC +3.0 ,0.164014761135155,32.5393256538654
Uganda,Uganda,UG,,,Wakiso,,Busiiro,,Ssisa,,Nankonge,Africa/Kampala,UTC +3.0 ,0.219309138196658,32.4546271254845
Uganda,Uganda,UG,,,Wakiso,,Busiiro,,Ssisa,,Ngongolo,Africa/Kampala,UTC +3.0 ,0.153032364417999,32.4765109584412
Uganda,Uganda,UG,,,Wakiso,,Busiiro,,Ssisa,,Nkungulutale,Africa/Kampala,UTC +3.0 ,0.225764348308251,32.5075480529596
Uganda,Uganda,UG,,,Wakiso,,Busiiro,,Ssisa,,Nsaggu,Africa/Kampala,UTC +3.0 ,0.222567546830174,32.4837750643466
Uganda,Uganda,UG,,,Wakiso,,Busiiro,,Ssisa,,Ssisa,Africa/Kampala,UTC +3.0 ,0.181866619733248,32.4938222695397
Uganda,Uganda,UG,,,Wakiso,,Busiiro,,Ssisa,,Wamala,Africa/Kampala,UTC +3.0 ,0.14440432299598,32.5114492535195
Uganda,Uganda,UG,,,Wakiso,,Busiiro,,Wakiso,,Bakka,Africa/Kampala,UTC +3.0 ,0.473051786566787,32.4088461001329
Uganda,Uganda,UG,,,Wakiso,,Busiiro,,Wakiso,,Banda,Africa/Kampala,UTC +3.0 ,0.44319031754504,32.4789665515148
Uganda,Uganda,UG,,,Wakiso,,Busiiro,,Wakiso,,Bukasa,Africa/Kampala,UTC +3.0 ,0.366744229908251,32.4717774324947
Uganda,Uganda,UG,,,Wakiso,,Busiiro,,Wakiso,,Buloba,Africa/Kampala,UTC +3.0 ,0.33123278655118,32.4517872833492
Uganda,Uganda,UG,,,Wakiso,,Busiiro,,Wakiso,,Kaliiti,Africa/Kampala,UTC +3.0 ,0.436023273149847,32.4330909174251
Uganda,Uganda,UG,,,Wakiso,,Busiiro,,Wakiso,,Kasengejje,Africa/Kampala,UTC +3.0 ,0.427817460198148,32.4977098072413
Uganda,Uganda,UG,,,Wakiso,,Busiiro,,Wakiso,,Kyebando,Africa/Kampala,UTC +3.0 ,0.358763426295265,32.5126570608824
Uganda,Uganda,UG,,,Wakiso,,Busiiro,,Wakiso,,Lukwanga,Africa/Kampala,UTC +3.0 ,0.366737603896388,32.4365935520676
Uganda,Uganda,UG,,,Wakiso,,Busiiro,,Wakiso,,Mende,Africa/Kampala,UTC +3.0 ,0.472411637997619,32.4482807335539
Uganda,Uganda,UG,,,Wakiso,,Busiiro,,Wakiso,,Nakabugo,Africa/Kampala,UTC +3.0 ,0.339103351250163,32.5019052302906
Uganda,Uganda,UG,,,Wakiso,,Busiiro,,Wakiso,,Naluvule,Africa/Kampala,UTC +3.0 ,0.401551433299786,32.5086299375268
Uganda,Uganda,UG,,,Wakiso,,Busiiro,,Wakiso,,Namusera,Africa/Kampala,UTC +3.0 ,0.435399565686492,32.4612505297891
Uganda,Uganda,UG,,,Wakiso,,Busiiro,,Wakiso,,Ssumbwe,Africa/Kampala,UTC +3.0 ,0.321647295349129,32.4923557498042
Uganda,Uganda,UG,,,Wakiso,,Busiiro,,Wakiso Tc,,Kayunga/Gombe Ward,Africa/Kampala,UTC +3.0 ,0.390444949549096,32.4921238783693
Uganda,Uganda,UG,,,Wakiso,,Busiiro,,Wakiso Tc,,Kisimbiri Ward,Africa/Kampala,UTC +3.0 ,0.40508198304942,32.4481245702749
Uganda,Uganda,UG,,,Wakiso,,Busiiro,,Wakiso Tc,,Kisimbiri Ward,Africa/Kampala,UTC +3.0 ,0.407845462957293,32.4853815350709
Uganda,Uganda,UG,,,Wakiso,,Busiiro,,Wakiso Tc,,Mpunga Ward,Africa/Kampala,UTC +3.0 ,0.396872186876381,32.4761874418869
Uganda,Uganda,UG,,,Wakiso,,Busiiro,,Wakiso Tc,,Namusera Ward,Africa/Kampala,UTC +3.0 ,0.414943581798293,32.4667726774691
Uganda,Uganda,UG,,,Wakiso,,Busiiro,,Wakiso Tc,,Ssala/Kkona Ward,Africa/Kampala,UTC +3.0 ,0.398983453820643,32.4607854946387
Uganda,Uganda,UG,,,Wakiso,,Entebbe,,Division A,,Central Ward,Africa/Kampala,UTC +3.0 ,0.062426027686923,32.4669833256518
Uganda,Uganda,UG,,,Wakiso,,Entebbe,,Division A,,Katabi Ward,Africa/Kampala,UTC +3.0 ,0.085443094255702,32.4732121561904
Uganda,Uganda,UG,,,Wakiso,,Entebbe,,Division B,,Kigungu Ward,Africa/Kampala,UTC +3.0 ,-0.008493353710052,32.4333730905145
Uganda,Uganda,UG,,,Wakiso,,Entebbe,,Division B,,Kigungu Ward,Africa/Kampala,UTC +3.0 ,0.001154597027996,32.4342699975142
Uganda,Uganda,UG,,,Wakiso,,Entebbe,,Division B,,Kigungu Ward,Africa/Kampala,UTC +3.0 ,0.043283338732928,32.4386610767433
Uganda,Uganda,UG,,,Wakiso,,Entebbe,,Division B,,Kiwafu Ward,Africa/Kampala,UTC +3.0 ,0.067345231185453,32.4553470333901
Uganda,Uganda,UG,,,Wakiso,,Jinja,,Busukuma,,Busukuma,Africa/Kampala,UTC +3.0 ,0.516958334993606,32.6048472170239
Uganda,Uganda,UG,,,Wakiso,,Jinja,,Busukuma,,Gguluddene,Africa/Kampala,UTC +3.0 ,0.544816459646968,32.6591963637621
Uganda,Uganda,UG,,,Wakiso,,Jinja,,Busukuma,,Kabumba,Africa/Kampala,UTC +3.0 ,0.538554880797963,32.5911020845219
Uganda,Uganda,UG,,,Wakiso,,Jinja,,Busukuma,,Kikoko,Africa/Kampala,UTC +3.0 ,0.519819656199571,32.6358587949341
Uganda,Uganda,UG,,,Wakiso,,Jinja,,Busukuma,,Kiwenda,Africa/Kampala,UTC +3.0 ,0.551035995982463,32.6244763949002
Uganda,Uganda,UG,,,Wakiso,,Jinja,,Busukuma,,Lugo,Africa/Kampala,UTC +3.0 ,0.534273147423091,32.5627131520346
Uganda,Uganda,UG,,,Wakiso,,Jinja,,Busukuma,,Magigye,Africa/Kampala,UTC +3.0 ,0.493804505782143,32.5911967036574
Uganda,Uganda,UG,,,Wakiso,,Jinja,,Busukuma,,Wamirongo,Africa/Kampala,UTC +3.0 ,0.567659558124159,32.5787653071449
Uganda,Uganda,UG,,,Wakiso,,Jinja,,Gombe,,Buwambo,Africa/Kampala,UTC +3.0 ,0.514583523111191,32.5387346839623
Uganda,Uganda,UG,,,Wakiso,,Jinja,,Gombe,,Gombe,Africa/Kampala,UTC +3.0 ,0.524783668600971,32.4818017544232
Uganda,Uganda,UG,,,Wakiso,,Jinja,,Gombe,,Kavule,Africa/Kampala,UTC +3.0 ,0.507433652200793,32.4455577698076
Uganda,Uganda,UG,,,Wakiso,,Jinja,,Gombe,,Kiryamuli,Africa/Kampala,UTC +3.0 ,0.497366376322388,32.5112338478197
Uganda,Uganda,UG,,,Wakiso,,Jinja,,Gombe,,Matuga,Africa/Kampala,UTC +3.0 ,0.458926801965302,32.5208892773644
Uganda,Uganda,UG,,,Wakiso,,Jinja,,Gombe,,Migadde,Africa/Kampala,UTC +3.0 ,0.524932137913874,32.5072590608465
Uganda,Uganda,UG,,,Wakiso,,Jinja,,Gombe,,Mwererwe,Africa/Kampala,UTC +3.0 ,0.536639665783332,32.4672043954766
Uganda,Uganda,UG,,,Wakiso,,Jinja,,Gombe,,Nasse,Africa/Kampala,UTC +3.0 ,0.463463999207845,32.4961736517143
Uganda,Uganda,UG,,,Wakiso,,Jinja,,Gombe,,Ssanga,Africa/Kampala,UTC +3.0 ,0.483025511940347,32.4829695877225
Uganda,Uganda,UG,,,Wakiso,,Jinja,,Gombe,,Ttikalu,Africa/Kampala,UTC +3.0 ,0.552513744271685,32.509895601665
Uganda,Uganda,UG,,,Wakiso,,Jinja,,Gombe,,Wambale,Africa/Kampala,UTC +3.0 ,0.550253760276383,32.4543640675139
Uganda,Uganda,UG,,,Wakiso,,Jinja,,Kira,,Bweyogerere,Africa/Kampala,UTC +3.0 ,0.363008042306791,32.669025812626
Uganda,Uganda,UG,,,Wakiso,,Jinja,,Kira,,Kimwanyi,Africa/Kampala,UTC +3.0 ,0.461427603537764,32.6538631894107
Uganda,Uganda,UG,,,Wakiso,,Jinja,,Kira,,Kira,Africa/Kampala,UTC +3.0 ,0.409287656822283,32.6351478282552
Uganda,Uganda,UG,,,Wakiso,,Jinja,,Kira,,Kireka,Africa/Kampala,UTC +3.0 ,0.353593747451585,32.6441063556122
Uganda,Uganda,UG,,,Wakiso,,Jinja,,Kira,,Kirinya,Africa/Kampala,UTC +3.0 ,0.319067583705204,32.6725930081924
Uganda,Uganda,UG,,,Wakiso,,Jinja,,Kira,,Kyaliwajala,Africa/Kampala,UTC +3.0 ,0.386924074374122,32.6556201364725
Uganda,Uganda,UG,,,Wakiso,,Jinja,,Nabweru,,Kawanda,Africa/Kampala,UTC +3.0 ,0.422262722450739,32.523644833766
Uganda,Uganda,UG,,,Wakiso,,Jinja,,Nabweru,,Kazo Nabweru,Africa/Kampala,UTC +3.0 ,0.365392269891912,32.545121474175
Uganda,Uganda,UG,,,Wakiso,,Jinja,,Nabweru,,Maganjo,Africa/Kampala,UTC +3.0 ,0.397676638189783,32.5495815677966
Uganda,Uganda,UG,,,Wakiso,,Jinja,,Nabweru,,Nakyesanja,Africa/Kampala,UTC +3.0 ,0.426736203154044,32.5376757757219
Uganda,Uganda,UG,,,Wakiso,,Jinja,,Nabweru,,Nansana,Africa/Kampala,UTC +3.0 ,0.371202995514789,32.5252954351135
Uganda,Uganda,UG,,,Wakiso,,Jinja,,Nabweru,,Wamala,Africa/Kampala,UTC +3.0 ,0.392078490857736,32.529464167032
Uganda,Uganda,UG,,,Wakiso,,Jinja,,Nangabo,,Bulamu,Africa/Kampala,UTC +3.0 ,0.441242842143519,32.6207675041707
Uganda,Uganda,UG,,,Wakiso,,Jinja,,Nangabo,,Gayaza,Africa/Kampala,UTC +3.0 ,0.467191592886993,32.6099139878937
Uganda,Uganda,UG,,,Wakiso,,Jinja,,Nangabo,,Kabubbu,Africa/Kampala,UTC +3.0 ,0.485520476523972,32.6370262249362
Uganda,Uganda,UG,,,Wakiso,,Jinja,,Nangabo,,Katadde,Africa/Kampala,UTC +3.0 ,0.468647302834997,32.595641457856
Uganda,Uganda,UG,,,Wakiso,,Jinja,,Nangabo,,Katadde,Africa/Kampala,UTC +3.0 ,0.478167521994716,32.5594905133082
Uganda,Uganda,UG,,,Wakiso,,Jinja,,Nangabo,,Kiteezi,Africa/Kampala,UTC +3.0 ,0.419134177617451,32.5631194788476
Uganda,Uganda,UG,,,Wakiso,,Jinja,,Nangabo,,Masooli,Africa/Kampala,UTC +3.0 ,0.423565567444798,32.5878393145851
Uganda,Uganda,UG,,,Wakiso,,Jinja,,Nangabo,,Nangabo,Africa/Kampala,UTC +3.0 ,0.448419770896937,32.5792678049938
Uganda,Uganda,UG,,,Wakiso,,Jinja,,Nangabo,,Wampeewo,Africa/Kampala,UTC +3.0 ,0.422689546044089,32.6067255486816
Uganda,Uganda,UG,,,Wakiso,,Jinja,,Nangabo,,Wattuba,Africa/Kampala,UTC +3.0 ,0.449721194289004,32.5475312739282
Uganda,Uganda,UG,,,Wakiso,,Jinja,,Ssabagabo-Makindye,,Bunamwaya,Africa/Kampala,UTC +3.0 ,0.257728007101304,32.555518627094
Uganda,Uganda,UG,,,Wakiso,,Jinja,,Ssabagabo-Makindye,,Busabala,Africa/Kampala,UTC +3.0 ,0.227317570653326,32.6026047730992
Uganda,Uganda,UG,,,Wakiso,,Jinja,,Ssabagabo-Makindye,,Masajja,Africa/Kampala,UTC +3.0 ,0.26647833042127,32.58115891156
Uganda,Uganda,UG,,,Wakiso,,Jinja,,Ssabagabo-Makindye,,Mutundwe,Africa/Kampala,UTC +3.0 ,0.27475641325302,32.5365654807424
Uganda,Uganda,UG,,,Wakiso,,Jinja,,Ssabagabo-Makindye,,Mutungo,Africa/Kampala,UTC +3.0 ,0.210083398586485,32.5689599206082
Uganda,Uganda,UG,,,Wakiso,,Jinja,,Ssabagabo-Makindye,,Ndejje,Africa/Kampala,UTC +3.0 ,0.237332153068023,32.5724100059564
Uganda,Uganda,UG,,,Wakiso,,Jinja,,Ssabagabo-Makindye,,Seguku,Africa/Kampala,UTC +3.0 ,0.23597662354215,32.5500221011126
Uganda,Uganda,UG,,,Yumbe,,Aringa,,Apo,,Acholi,Africa/Kampala,UTC +3.0 ,3.47417635018912,31.3146105420272
Uganda,Uganda,UG,,,Yumbe,,Aringa,,Apo,,Aria,Africa/Kampala,UTC +3.0 ,3.46021560805503,31.2923731951914
Uganda,Uganda,UG,,,Yumbe,,Aringa,,Apo,,Kerila,Africa/Kampala,UTC +3.0 ,3.50921334809639,31.2659466848858
Uganda,Uganda,UG,,,Yumbe,,Aringa,,Apo,,Orinji,Africa/Kampala,UTC +3.0 ,3.49620497090021,31.2124901893548
Uganda,Uganda,UG,,,Yumbe,,Aringa,,Apo,,Pena,Africa/Kampala,UTC +3.0 ,3.51044784547648,31.2349612713952
Uganda,Uganda,UG,,,Yumbe,,Aringa,,Drajani,,Aupi,Africa/Kampala,UTC +3.0 ,3.34041586004178,31.0862025077144
Uganda,Uganda,UG,,,Yumbe,,Aringa,,Drajani,,Nyori,Africa/Kampala,UTC +3.0 ,3.40387461086079,31.1589734745441
Uganda,Uganda,UG,,,Yumbe,,Aringa,,Drajani,,Olivu,Africa/Kampala,UTC +3.0 ,3.36028738279087,31.1202133688765
Uganda,Uganda,UG,,,Yumbe,,Aringa,,Drajani,,Orogbo,Africa/Kampala,UTC +3.0 ,3.4076771763833,31.1702825575893
Uganda,Uganda,UG,,,Yumbe,,Aringa,,Drajani,,Pajama,Africa/Kampala,UTC +3.0 ,3.33289025960916,31.0662914825278
Uganda,Uganda,UG,,,Yumbe,,Aringa,,Drajani,,Yiba,Africa/Kampala,UTC +3.0 ,3.40813514213015,31.1151502274955
Uganda,Uganda,UG,,,Yumbe,,Aringa,,Kei,,Awoba,Africa/Kampala,UTC +3.0 ,3.55234606035559,31.1406457200276
Uganda,Uganda,UG,,,Yumbe,,Aringa,,Kei,,Gicara,Africa/Kampala,UTC +3.0 ,3.48106039334618,31.1352425315762
Uganda,Uganda,UG,,,Yumbe,,Aringa,,Kei,,Gimere,Africa/Kampala,UTC +3.0 ,3.51653323193937,31.1285273666878
Uganda,Uganda,UG,,,Yumbe,,Aringa,,Kei,,Kei Fr,Africa/Kampala,UTC +3.0 ,3.70961323116127,31.1513422540573
Uganda,Uganda,UG,,,Yumbe,,Aringa,,Kei,,Palaja,Africa/Kampala,UTC +3.0 ,3.60693954059306,31.1382378768042
Uganda,Uganda,UG,,,Yumbe,,Aringa,,Kuru,,Aliapi,Africa/Kampala,UTC +3.0 ,3.42165190892562,31.2655607612143
Uganda,Uganda,UG,,,Yumbe,,Aringa,,Kuru,,Geya,Africa/Kampala,UTC +3.0 ,3.43068688487852,31.2439998820994
Uganda,Uganda,UG,,,Yumbe,,Aringa,,Kuru,,Gojuru,Africa/Kampala,UTC +3.0 ,3.46969024148968,31.1960405559824
Uganda,Uganda,UG,,,Yumbe,,Aringa,,Kuru,,Lomunga,Africa/Kampala,UTC +3.0 ,3.41520236872915,31.3004825311975
Uganda,Uganda,UG,,,Yumbe,,Aringa,,Kuru,,Omba,Africa/Kampala,UTC +3.0 ,3.44428054752535,31.1662991430113
Uganda,Uganda,UG,,,Yumbe,,Aringa,,Kuru,,Renda,Africa/Kampala,UTC +3.0 ,3.4474453522348,31.2253323253923
Uganda,Uganda,UG,,,Yumbe,,Aringa,,Kuru,,Rogale,Africa/Kampala,UTC +3.0 ,3.42198117320984,31.2049655571411
Uganda,Uganda,UG,,,Yumbe,,Aringa,,Kuru,,Yoyo,Africa/Kampala,UTC +3.0 ,3.39057149788787,31.3801548045938
Uganda,Uganda,UG,,,Yumbe,,Aringa,,Midigo,,Ingile Rangeland,Africa/Kampala,UTC +3.0 ,3.63523353663356,31.4155356554993
Uganda,Uganda,UG,,,Yumbe,,Aringa,,Midigo,,Kerwa,Africa/Kampala,UTC +3.0 ,3.71826782878162,31.3263860243313
Uganda,Uganda,UG,,,Yumbe,,Aringa,,Midigo,,Migo,Africa/Kampala,UTC +3.0 ,3.59962386643124,31.2838912389521
Uganda,Uganda,UG,,,Yumbe,,Aringa,,Midigo,,Mocha,Africa/Kampala,UTC +3.0 ,3.56767270886555,31.2136234418416
Uganda,Uganda,UG,,,Yumbe,,Aringa,,Midigo,,Tulia Rangeland,Africa/Kampala,UTC +3.0 ,3.72853184711961,31.2254331992985
Uganda,Uganda,UG,,,Yumbe,,Aringa,,Midigo,,Wandi,Africa/Kampala,UTC +3.0 ,3.6565103104996,31.2842633970762
Uganda,Uganda,UG,,,Yumbe,,Aringa,,Odravu,,Lui,Africa/Kampala,UTC +3.0 ,3.35366186318148,31.2085144717001
Uganda,Uganda,UG,,,Yumbe,,Aringa,,Odravu,,Moli,Africa/Kampala,UTC +3.0 ,3.37886426171023,31.2444136505886
Uganda,Uganda,UG,,,Yumbe,,Aringa,,Odravu,,Nyoko,Africa/Kampala,UTC +3.0 ,3.33974936213916,31.2351681452578
Uganda,Uganda,UG,,,Yumbe,,Aringa,,Odravu,,Okuyo,Africa/Kampala,UTC +3.0 ,3.31797059591555,31.3531214247665
Uganda,Uganda,UG,,,Yumbe,,Aringa,,Odravu,,Oluba,Africa/Kampala,UTC +3.0 ,3.32352420430431,31.2755820831298
Uganda,Uganda,UG,,,Yumbe,,Aringa,,Odravu,,Rigbonga,Africa/Kampala,UTC +3.0 ,3.25171787954692,31.4040735818383
Uganda,Uganda,UG,,,Yumbe,,Aringa,,Odravu,,Wolo,Africa/Kampala,UTC +3.0 ,3.37915869039833,31.2937199874811
Uganda,Uganda,UG,,,Yumbe,,Aringa,,Romogi,,Baringa,Africa/Kampala,UTC +3.0 ,3.49060581572906,31.3703145089725
Uganda,Uganda,UG,,,Yumbe,,Aringa,,Romogi,,Kochi,Africa/Kampala,UTC +3.0 ,3.57448977619549,31.4612926079101
Uganda,Uganda,UG,,,Yumbe,,Aringa,,Romogi,,Limidia,Africa/Kampala,UTC +3.0 ,3.55722621959713,31.2976735289708
Uganda,Uganda,UG,,,Yumbe,,Aringa,,Romogi,,Locomgbo,Africa/Kampala,UTC +3.0 ,3.46785514624239,31.4301011579371
Uganda,Uganda,UG,,,Yumbe,,Aringa,,Romogi,,Ombachi,Africa/Kampala,UTC +3.0 ,3.53938546514382,31.3298132094651
Uganda,Uganda,UG,,,Yumbe,,Aringa,,Yumbe Tc,,Arunga,Africa/Kampala,UTC +3.0 ,3.4600351336858,31.2570306097591
Uganda,Uganda,UG,,,Yumbe,,Aringa,,Yumbe Tc,,Charanga,Africa/Kampala,UTC +3.0 ,3.47639552885659,31.2355289268445
Uganda,Uganda,UG,,,Yumbe,,Aringa,,Yumbe Tc,,Lukutua,Africa/Kampala,UTC +3.0 ,3.48213540198143,31.2567512336696
